[{"@type":"mappingTemplate","id":"@1","name":"m_SFDC_Lead_Status_Update_Sales_Untouched","description":"This mapping is used to update the status and reason for a Lead when status remains in the Marketing Qualified: Sales Untouched  for longer than 10 or 55 days.\nBISAP-12388: Modify SFDC Target Settings for m_SFDC_Lead_Status_Update_Sales_Untouched","bundleVersion":"0","templateId":"@3","deployTime":1596131327000,"hasParameters":false,"valid":true,"fixedConnection":true,"hasParametersDeployed":false,"fixedConnectionDeployed":true,"tasks":1,"mappingPreviewFileRecordId":"@2","documentType":"","references":[{"@type":"reference","refObjectId":"@2CjV79tAT4nicr3VedQp4y","refType":"connection"}]}]