[{"@type":"workflow","id":"@1","name":"TF_DLS_Senior_Leaders_Updates","maxLogs":10,"references":[{"@type":"reference","refObjectId":"@6KLco4d4jMdk5M0MGKUoow","refType":"mtTask"},{"@type":"reference","refObjectId":"@7sDqMnSnjaWbkIqgOcHP8B","refType":"mtTask"}],"tasks":[{"@type":"workflowTask","taskId":"@6KLco4d4jMdk5M0MGKUoow","type":"MTT","name":"mct_DLS_Senior_Leaders_Deletions","stopOnError":false,"stopOnWarning":false},{"@type":"workflowTask","taskId":"@7sDqMnSnjaWbkIqgOcHP8B","type":"MTT","name":"mct_DLS_Senior_Leaders_Additions","stopOnError":false,"stopOnWarning":false}]}]