[{"@type":"mappingTemplate","id":"@1","name":"m_CIH_Sub_Emp_Updates_SFDC","description":"","bundleVersion":"0","templateId":"@3","deployTime":1572893164000,"hasParameters":true,"valid":true,"fixedConnection":true,"hasParametersDeployed":true,"fixedConnectionDeployed":true,"tasks":1,"mappingPreviewFileRecordId":"@2","documentType":"","references":[{"@type":"reference","refObjectId":"@03o4gP96t6HeXozJSX1Xwt","refType":"connection"},{"@type":"reference","refObjectId":"@6LZaSVPGSflktQhGFeBj2j","refType":"connection"},{"@type":"reference","refObjectId":"@bldthMsDfWniMcuZk5Bmcq","refType":"connection"},{"@type":"reference","refObjectId":"@2CjV79tAT4nicr3VedQp4y","refType":"connection"}]}]