[{"@type":"dssTask","id":"@1","name":"DSS_Invoice_Ok2Pay_02_LineItems_Coupa_To_File","description":"","maxLogs":10,"sourceConnectionId":"@aO4WEROpbP2kxnr5Gq9CE6","targetConnectionId":"@6ey2Cmo3PaHcsThnJ0TYui","targetObject":"FF_InvoiceOk2Pay_FromCoupa_LineItems.csv","targetObjectLabel":"FF_InvoiceOk2Pay_FromCoupa_LineItems.csv","targetChildObjectLabel":"","operation":"Insert","maxRows":0,"truncateTarget":false,"bulkApiDBTarget":false,"verbose":false,"tgtFlatFileAttrs":{"@type":"flatFileAttrs","id":44345,"delimiter":",","textQualifier":"\"","escapeChar":"","headerLineNo":1,"firstDataRow":2},"targetMetadataUpdated":false,"modelVersion":"V3-R600","queryAll":false,"srcSettings":{"@type":"taskDataSourceSetting","isShowLabels":true,"isNaturalOrder":true},"tgtSettings":{"@type":"taskDataSourceSetting","isShowLabels":false,"isNaturalOrder":true},"cfSettings":{"@type":"taskDataSourceSetting","isShowLabels":false,"isNaturalOrder":true},"bulkApi":false,"bulkApiSerialMode":false,"bulkApiMonitor":false,"isTargetObjectSfCustom":false,"allowNullUpdates":false,"targetBatchSize":200,"assignmentRuleId":"-1","assignmentRuleType":"None","createSuccessFile":false,"bulkApiHardDelete":false,"srcRuntimeAttrs":{"@type":"taskRuntimeAttrs","attrs":{"Sorted Ports":"","Maximum Page Size":"50","Source Filter":""}},"tgtRuntimeAttrs":{"@type":"taskRuntimeAttrs","attrs":{}},"sourceObjects":[{"@type":"mObject","name":"invoice_lines_invoice_line","label":"invoice_lines_invoice_line","metadataUpdated":false,"relations":[],"children":[]}],"advancedFilters":[{"@type":"advancedFilter","id":"4517","objectName":"invoice_lines_invoice_line","objectLabel":"invoice_lines_invoice_line","expression":"exported=false&status=approved"}],"filters":[],"fieldMaps":[{"@type":"fieldMap","id":"958486","targetField":{"@type":"field","id":2358783,"name":"XFK_Invoice_Header","type":"nstring","uniqueName":"XFK_Invoice_Header","label":"XFK_Invoice_Header","parentObject":"FF_InvoiceOk2Pay_FromCoupa_LineItems.csv","pcType":"UNISTRING","precision":256,"scale":0,"columnIndex":0,"isKey":false,"isExternalId":false,"isSfIdLookup":false,"isNullable":true,"isUnique":false,"isCreateable":false,"isUpdateable":true,"isFilterable":true,"isCalculated":false,"showLabel":false,"naturalOrder":0,"linkedFields":["XFK_invoice_headers_invoice_header"],"relatedInfos":[],"references":[]},"expression":"XFK_invoice_headers_invoice_header"},{"@type":"fieldMap","id":"958487","targetField":{"@type":"field","id":2358784,"name":"XPK_Invoice_Line","type":"nstring","uniqueName":"XPK_Invoice_Line","label":"XPK_Invoice_Line","parentObject":"FF_InvoiceOk2Pay_FromCoupa_LineItems.csv","pcType":"UNISTRING","precision":256,"scale":0,"columnIndex":1,"isKey":false,"isExternalId":false,"isSfIdLookup":false,"isNullable":true,"isUnique":false,"isCreateable":false,"isUpdateable":true,"isFilterable":true,"isCalculated":false,"showLabel":false,"naturalOrder":0,"linkedFields":["XPK_invoice_lines_invoice_line"],"relatedInfos":[],"references":[]},"expression":"XPK_invoice_lines_invoice_line"},{"@type":"fieldMap","id":"958488","targetField":{"@type":"field","id":2358785,"name":"LineItem_Id","type":"int","uniqueName":"LineItem_Id","label":"LineItem_Id","parentObject":"FF_InvoiceOk2Pay_FromCoupa_LineItems.csv","pcType":"INT","precision":10,"scale":0,"columnIndex":2,"isKey":false,"isExternalId":false,"isSfIdLookup":false,"isNullable":true,"isUnique":false,"isCreateable":false,"isUpdateable":true,"isFilterable":true,"isCalculated":false,"showLabel":false,"naturalOrder":0,"linkedFields":["id"],"relatedInfos":[],"references":[]},"expression":"id"},{"@type":"fieldMap","id":"958489","targetField":{"@type":"field","id":2358786,"name":"LineItem_LineNumber","type":"int","uniqueName":"LineItem_LineNumber","label":"LineItem_LineNumber","parentObject":"FF_InvoiceOk2Pay_FromCoupa_LineItems.csv","pcType":"INT","precision":10,"scale":0,"columnIndex":3,"isKey":false,"isExternalId":false,"isSfIdLookup":false,"isNullable":true,"isUnique":false,"isCreateable":false,"isUpdateable":true,"isFilterable":true,"isCalculated":false,"showLabel":false,"naturalOrder":0,"linkedFields":["line_num"],"relatedInfos":[],"references":[]},"expression":"line_num"},{"@type":"fieldMap","id":"958490","targetField":{"@type":"field","id":2358787,"name":"LineItem_description","type":"nstring","uniqueName":"LineItem_description","label":"LineItem_description","parentObject":"FF_InvoiceOk2Pay_FromCoupa_LineItems.csv","pcType":"UNISTRING","precision":256,"scale":0,"columnIndex":4,"isKey":false,"isExternalId":false,"isSfIdLookup":false,"isNullable":true,"isUnique":false,"isCreateable":false,"isUpdateable":true,"isFilterable":true,"isCalculated":false,"showLabel":false,"naturalOrder":0,"linkedFields":["description"],"relatedInfos":[],"references":[]},"expression":"description"},{"@type":"fieldMap","id":"958491","targetField":{"@type":"field","id":2358788,"name":"LineItem_total","type":"number","uniqueName":"LineItem_total","label":"LineItem_total","parentObject":"FF_InvoiceOk2Pay_FromCoupa_LineItems.csv","pcType":"HIPRECDECIMAL","precision":28,"scale":0,"columnIndex":5,"isKey":false,"isExternalId":false,"isSfIdLookup":false,"isNullable":true,"isUnique":false,"isCreateable":false,"isUpdateable":true,"isFilterable":true,"isCalculated":false,"showLabel":false,"naturalOrder":0,"linkedFields":["total"],"relatedInfos":[],"references":[]},"expression":"total"},{"@type":"fieldMap","id":"958492","targetField":{"@type":"field","id":2358789,"name":"LineItem_account_number","type":"nstring","uniqueName":"LineItem_account_number","label":"LineItem_account_number","parentObject":"FF_InvoiceOk2Pay_FromCoupa_LineItems.csv","pcType":"UNISTRING","precision":256,"scale":0,"columnIndex":6,"isKey":false,"isExternalId":false,"isSfIdLookup":false,"isNullable":true,"isUnique":false,"isCreateable":false,"isUpdateable":true,"isFilterable":true,"isCalculated":false,"showLabel":false,"naturalOrder":0,"linkedFields":["account_segment_2"],"relatedInfos":[],"references":[]},"expression":"account_segment_2"},{"@type":"fieldMap","id":"958493","targetField":{"@type":"field","id":2358790,"name":"LineItem_amortization","type":"nstring","uniqueName":"LineItem_amortization","label":"LineItem_amortization","parentObject":"FF_InvoiceOk2Pay_FromCoupa_LineItems.csv","pcType":"UNISTRING","precision":256,"scale":0,"columnIndex":7,"isKey":false,"isExternalId":false,"isSfIdLookup":false,"isNullable":true,"isUnique":false,"isCreateable":false,"isUpdateable":true,"isFilterable":true,"isCalculated":false,"showLabel":false,"naturalOrder":0,"linkedFields":["amortization"],"relatedInfos":[],"references":[]},"expression":"amortization"},{"@type":"fieldMap","id":"958494","targetField":{"@type":"field","id":2358791,"name":"LineItem_amortizstartdate","type":"nstring","uniqueName":"LineItem_amortizstartdate","label":"LineItem_amortizstartdate","parentObject":"FF_InvoiceOk2Pay_FromCoupa_LineItems.csv","pcType":"UNISTRING","precision":255,"scale":0,"columnIndex":8,"isKey":false,"isExternalId":false,"isSfIdLookup":false,"isNullable":true,"isUnique":false,"isCreateable":false,"isUpdateable":true,"isFilterable":true,"isCalculated":false,"showLabel":false,"naturalOrder":0,"linkedFields":["amortization_start"],"relatedInfos":[],"references":[]},"expression":"IIF(ISNULL(amortization_start), null, \n\nTO_CHAR(amortization_start, 'MM/DD/YYYY') || ' 12:00:00'\n)"},{"@type":"fieldMap","id":"958495","targetField":{"@type":"field","id":2358792,"name":"LineItem_amortizationenddate","type":"nstring","uniqueName":"LineItem_amortizationenddate","label":"LineItem_amortizationenddate","parentObject":"FF_InvoiceOk2Pay_FromCoupa_LineItems.csv","pcType":"UNISTRING","precision":255,"scale":0,"columnIndex":9,"isKey":false,"isExternalId":false,"isSfIdLookup":false,"isNullable":true,"isUnique":false,"isCreateable":false,"isUpdateable":true,"isFilterable":true,"isCalculated":false,"showLabel":false,"naturalOrder":0,"linkedFields":["amortization_end"],"relatedInfos":[],"references":[]},"expression":"IIF(ISNULL(amortization_end), null, \n\nTO_CHAR(amortization_end, 'MM/DD/YYYY') || ' 12:00:00'\n\n)"},{"@type":"fieldMap","id":"958496","targetField":{"@type":"field","id":2358793,"name":"LineItem_location_name","type":"nstring","uniqueName":"LineItem_location_name","label":"LineItem_location_name","parentObject":"FF_InvoiceOk2Pay_FromCoupa_LineItems.csv","pcType":"UNISTRING","precision":256,"scale":0,"columnIndex":10,"isKey":false,"isExternalId":false,"isSfIdLookup":false,"isNullable":true,"isUnique":false,"isCreateable":false,"isUpdateable":true,"isFilterable":true,"isCalculated":false,"showLabel":false,"naturalOrder":0,"linkedFields":["locations"],"relatedInfos":[],"references":[]},"expression":"locations"},{"@type":"fieldMap","id":"958497","targetField":{"@type":"field","id":2358794,"name":"LineItem_po_number","type":"nstring","uniqueName":"LineItem_po_number","label":"LineItem_po_number","parentObject":"FF_InvoiceOk2Pay_FromCoupa_LineItems.csv","pcType":"UNISTRING","precision":256,"scale":0,"columnIndex":11,"isKey":false,"isExternalId":false,"isSfIdLookup":false,"isNullable":true,"isUnique":false,"isCreateable":false,"isUpdateable":true,"isFilterable":true,"isCalculated":false,"showLabel":false,"naturalOrder":0,"linkedFields":["po_number"],"relatedInfos":[],"references":[]},"expression":"po_number"},{"@type":"fieldMap","id":"958498","targetField":{"@type":"field","id":2358795,"name":"LineItem_company_segment_1","type":"nstring","uniqueName":"LineItem_company_segment_1","label":"LineItem_company_segment_1","parentObject":"FF_InvoiceOk2Pay_FromCoupa_LineItems.csv","pcType":"UNISTRING","precision":256,"scale":0,"columnIndex":12,"isKey":false,"isExternalId":false,"isSfIdLookup":false,"isNullable":true,"isUnique":false,"isCreateable":false,"isUpdateable":true,"isFilterable":true,"isCalculated":false,"showLabel":false,"naturalOrder":0,"linkedFields":["account_segment_1"],"relatedInfos":[],"references":[]},"expression":"account_segment_1"},{"@type":"fieldMap","id":"958499","targetField":{"@type":"field","id":2358796,"name":"LineItem_account_segment_2","type":"nstring","uniqueName":"LineItem_account_segment_2","label":"LineItem_account_segment_2","parentObject":"FF_InvoiceOk2Pay_FromCoupa_LineItems.csv","pcType":"UNISTRING","precision":256,"scale":0,"columnIndex":13,"isKey":false,"isExternalId":false,"isSfIdLookup":false,"isNullable":true,"isUnique":false,"isCreateable":false,"isUpdateable":true,"isFilterable":true,"isCalculated":false,"showLabel":false,"naturalOrder":0,"linkedFields":["account_segment_2"],"relatedInfos":[],"references":[]},"expression":"account_segment_2"},{"@type":"fieldMap","id":"958500","targetField":{"@type":"field","id":2358797,"name":"LineItem_department_segment_3","type":"nstring","uniqueName":"LineItem_department_segment_3","label":"LineItem_department_segment_3","parentObject":"FF_InvoiceOk2Pay_FromCoupa_LineItems.csv","pcType":"UNISTRING","precision":256,"scale":0,"columnIndex":14,"isKey":false,"isExternalId":false,"isSfIdLookup":false,"isNullable":true,"isUnique":false,"isCreateable":false,"isUpdateable":true,"isFilterable":true,"isCalculated":false,"showLabel":false,"naturalOrder":0,"linkedFields":["account_segment_3"],"relatedInfos":[],"references":[]},"expression":"account_segment_3"}],"sourceFields":[{"@type":"field","id":2358798,"name":"account_account_type_active","type":"boolean","uniqueName":"account_account_type_active","label":"account_account_type_active","parentObject":"invoice_lines_invoice_line","pcType":"SMALL_INTEGER","precision":10,"scale":0,"columnIndex":-1,"isKey":false,"isExternalId":false,"isSfIdLookup":false,"isNullable":true,"isUnique":false,"isCreateable":false,"isUpdateable":true,"isFilterable":false,"isCalculated":false,"javaType":"java.lang.Boolean","showLabel":true,"naturalOrder":0,"linkedFields":[],"relatedInfos":[],"references":[]},{"@type":"field","id":2358799,"name":"account_created_at","type":"datetime","uniqueName":"account_created_at","label":"account_created_at","parentObject":"invoice_lines_invoice_line","pcType":"TOOLKIT_DATETIME","precision":26,"scale":0,"columnIndex":-1,"isKey":false,"isExternalId":false,"isSfIdLookup":false,"isNullable":true,"isUnique":false,"isCreateable":false,"isUpdateable":true,"isFilterable":false,"isCalculated":false,"javaType":"java.sql.Timestamp","showLabel":true,"naturalOrder":1,"linkedFields":[],"relatedInfos":[],"references":[]},{"@type":"field","id":2358800,"name":"account_id","type":"integer","uniqueName":"account_id","label":"account_id","parentObject":"invoice_lines_invoice_line","pcType":"INTEGER","precision":10,"scale":0,"columnIndex":-1,"isKey":false,"isExternalId":false,"isSfIdLookup":false,"isNullable":true,"isUnique":false,"isCreateable":false,"isUpdateable":true,"isFilterable":true,"isCalculated":false,"javaType":"java.lang.Integer","showLabel":true,"naturalOrder":2,"linkedFields":[],"relatedInfos":[],"references":[]},{"@type":"field","id":2358801,"name":"status","type":"string","uniqueName":"status","label":"status","parentObject":"invoice_lines_invoice_line","pcType":"NSTRING","precision":256,"scale":0,"columnIndex":-1,"isKey":false,"isExternalId":false,"isSfIdLookup":false,"isNullable":true,"isUnique":false,"isCreateable":false,"isUpdateable":true,"isFilterable":true,"isCalculated":false,"javaType":"java.lang.String","showLabel":true,"naturalOrder":3,"linkedFields":[],"relatedInfos":[],"references":[]},{"@type":"field","id":2358802,"name":"order_header_num","type":"string","uniqueName":"order_header_num","label":"order_header_num","parentObject":"invoice_lines_invoice_line","pcType":"NSTRING","precision":256,"scale":0,"columnIndex":-1,"isKey":false,"isExternalId":false,"isSfIdLookup":false,"isNullable":true,"isUnique":false,"isCreateable":false,"isUpdateable":true,"isFilterable":false,"isCalculated":false,"javaType":"java.lang.String","showLabel":true,"naturalOrder":4,"linkedFields":[],"relatedInfos":[],"references":[]},{"@type":"field","id":2358803,"name":"account_account_type_created_at","type":"datetime","uniqueName":"account_account_type_created_at","label":"account_account_type_created_at","parentObject":"invoice_lines_invoice_line","pcType":"TOOLKIT_DATETIME","precision":26,"scale":0,"columnIndex":-1,"isKey":false,"isExternalId":false,"isSfIdLookup":false,"isNullable":true,"isUnique":false,"isCreateable":false,"isUpdateable":true,"isFilterable":false,"isCalculated":false,"javaType":"java.sql.Timestamp","showLabel":true,"naturalOrder":5,"linkedFields":[],"relatedInfos":[],"references":[]},{"@type":"field","id":2358804,"name":"id","type":"integer","uniqueName":"id","label":"id","parentObject":"invoice_lines_invoice_line","pcType":"INTEGER","precision":10,"scale":0,"columnIndex":-1,"isKey":false,"isExternalId":false,"isSfIdLookup":false,"isNullable":true,"isUnique":false,"isCreateable":false,"isUpdateable":true,"isFilterable":true,"isCalculated":false,"javaType":"java.lang.Integer","showLabel":true,"naturalOrder":6,"linkedFields":["LineItem_Id"],"relatedInfos":[],"references":[]},{"@type":"field","id":2358805,"name":"account_segment_14","type":"string","uniqueName":"account_segment_14","label":"account_segment_14","parentObject":"invoice_lines_invoice_line","pcType":"NSTRING","precision":256,"scale":0,"columnIndex":-1,"isKey":false,"isExternalId":false,"isSfIdLookup":false,"isNullable":true,"isUnique":false,"isCreateable":false,"isUpdateable":true,"isFilterable":false,"isCalculated":false,"javaType":"java.lang.String","showLabel":true,"naturalOrder":7,"linkedFields":[],"relatedInfos":[],"references":[]},{"@type":"field","id":2358806,"name":"account_segment_15","type":"string","uniqueName":"account_segment_15","label":"account_segment_15","parentObject":"invoice_lines_invoice_line","pcType":"NSTRING","precision":256,"scale":0,"columnIndex":-1,"isKey":false,"isExternalId":false,"isSfIdLookup":false,"isNullable":true,"isUnique":false,"isCreateable":false,"isUpdateable":true,"isFilterable":false,"isCalculated":false,"javaType":"java.lang.String","showLabel":true,"naturalOrder":8,"linkedFields":[],"relatedInfos":[],"references":[]},{"@type":"field","id":2358807,"name":"account_segment_16","type":"string","uniqueName":"account_segment_16","label":"account_segment_16","parentObject":"invoice_lines_invoice_line","pcType":"NSTRING","precision":256,"scale":0,"columnIndex":-1,"isKey":false,"isExternalId":false,"isSfIdLookup":false,"isNullable":true,"isUnique":false,"isCreateable":false,"isUpdateable":true,"isFilterable":false,"isCalculated":false,"javaType":"java.lang.String","showLabel":true,"naturalOrder":9,"linkedFields":[],"relatedInfos":[],"references":[]},{"@type":"field","id":2358808,"name":"account_updated_at","type":"datetime","uniqueName":"account_updated_at","label":"account_updated_at","parentObject":"invoice_lines_invoice_line","pcType":"TOOLKIT_DATETIME","precision":26,"scale":0,"columnIndex":-1,"isKey":false,"isExternalId":false,"isSfIdLookup":false,"isNullable":true,"isUnique":false,"isCreateable":false,"isUpdateable":true,"isFilterable":false,"isCalculated":false,"javaType":"java.sql.Timestamp","showLabel":true,"naturalOrder":10,"linkedFields":[],"relatedInfos":[],"references":[]},{"@type":"field","id":2358809,"name":"account_segment_17","type":"string","uniqueName":"account_segment_17","label":"account_segment_17","parentObject":"invoice_lines_invoice_line","pcType":"NSTRING","precision":256,"scale":0,"columnIndex":-1,"isKey":false,"isExternalId":false,"isSfIdLookup":false,"isNullable":true,"isUnique":false,"isCreateable":false,"isUpdateable":true,"isFilterable":false,"isCalculated":false,"javaType":"java.lang.String","showLabel":true,"naturalOrder":11,"linkedFields":[],"relatedInfos":[],"references":[]},{"@type":"field","id":2358810,"name":"account_segment_18","type":"string","uniqueName":"account_segment_18","label":"account_segment_18","parentObject":"invoice_lines_invoice_line","pcType":"NSTRING","precision":256,"scale":0,"columnIndex":-1,"isKey":false,"isExternalId":false,"isSfIdLookup":false,"isNullable":true,"isUnique":false,"isCreateable":false,"isUpdateable":true,"isFilterable":false,"isCalculated":false,"javaType":"java.lang.String","showLabel":true,"naturalOrder":12,"linkedFields":[],"relatedInfos":[],"references":[]},{"@type":"field","id":2358811,"name":"account_segment_19","type":"string","uniqueName":"account_segment_19","label":"account_segment_19","parentObject":"invoice_lines_invoice_line","pcType":"NSTRING","precision":256,"scale":0,"columnIndex":-1,"isKey":false,"isExternalId":false,"isSfIdLookup":false,"isNullable":true,"isUnique":false,"isCreateable":false,"isUpdateable":true,"isFilterable":false,"isCalculated":false,"javaType":"java.lang.String","showLabel":true,"naturalOrder":13,"linkedFields":[],"relatedInfos":[],"references":[]},{"@type":"field","id":2358812,"name":"price_per_uom","type":"decimal","uniqueName":"price_per_uom","label":"price_per_uom","parentObject":"invoice_lines_invoice_line","pcType":"DECIMAL","precision":28,"scale":0,"columnIndex":-1,"isKey":false,"isExternalId":false,"isSfIdLookup":false,"isNullable":true,"isUnique":false,"isCreateable":false,"isUpdateable":true,"isFilterable":false,"isCalculated":false,"javaType":"java.math.BigDecimal","showLabel":true,"naturalOrder":14,"linkedFields":[],"relatedInfos":[],"references":[]},{"@type":"field","id":2358813,"name":"account_segment_20","type":"string","uniqueName":"account_segment_20","label":"account_segment_20","parentObject":"invoice_lines_invoice_line","pcType":"NSTRING","precision":256,"scale":0,"columnIndex":-1,"isKey":false,"isExternalId":false,"isSfIdLookup":false,"isNullable":true,"isUnique":false,"isCreateable":false,"isUpdateable":true,"isFilterable":false,"isCalculated":false,"javaType":"java.lang.String","showLabel":true,"naturalOrder":15,"linkedFields":[],"relatedInfos":[],"references":[]},{"@type":"field","id":2358814,"name":"amortization","type":"string","uniqueName":"amortization","label":"amortization","parentObject":"invoice_lines_invoice_line","pcType":"NSTRING","precision":256,"scale":0,"columnIndex":-1,"isKey":false,"isExternalId":false,"isSfIdLookup":false,"isNullable":true,"isUnique":false,"isCreateable":false,"isUpdateable":true,"isFilterable":true,"isCalculated":false,"javaType":"java.lang.String","showLabel":true,"naturalOrder":16,"linkedFields":["LineItem_amortization"],"relatedInfos":[],"references":[]},{"@type":"field","id":2358815,"name":"account_segment_13","type":"string","uniqueName":"account_segment_13","label":"account_segment_13","parentObject":"invoice_lines_invoice_line","pcType":"NSTRING","precision":256,"scale":0,"columnIndex":-1,"isKey":false,"isExternalId":false,"isSfIdLookup":false,"isNullable":true,"isUnique":false,"isCreateable":false,"isUpdateable":true,"isFilterable":false,"isCalculated":false,"javaType":"java.lang.String","showLabel":true,"naturalOrder":17,"linkedFields":[],"relatedInfos":[],"references":[]},{"@type":"field","id":2358816,"name":"account_segment_12","type":"string","uniqueName":"account_segment_12","label":"account_segment_12","parentObject":"invoice_lines_invoice_line","pcType":"NSTRING","precision":256,"scale":0,"columnIndex":-1,"isKey":false,"isExternalId":false,"isSfIdLookup":false,"isNullable":true,"isUnique":false,"isCreateable":false,"isUpdateable":true,"isFilterable":false,"isCalculated":false,"javaType":"java.lang.String","showLabel":true,"naturalOrder":18,"linkedFields":[],"relatedInfos":[],"references":[]},{"@type":"field","id":2358817,"name":"account_segment_11","type":"string","uniqueName":"account_segment_11","label":"account_segment_11","parentObject":"invoice_lines_invoice_line","pcType":"NSTRING","precision":256,"scale":0,"columnIndex":-1,"isKey":false,"isExternalId":false,"isSfIdLookup":false,"isNullable":true,"isUnique":false,"isCreateable":false,"isUpdateable":true,"isFilterable":false,"isCalculated":false,"javaType":"java.lang.String","showLabel":true,"naturalOrder":19,"linkedFields":[],"relatedInfos":[],"references":[]},{"@type":"field","id":2358818,"name":"account_segment_10","type":"string","uniqueName":"account_segment_10","label":"account_segment_10","parentObject":"invoice_lines_invoice_line","pcType":"NSTRING","precision":256,"scale":0,"columnIndex":-1,"isKey":false,"isExternalId":false,"isSfIdLookup":false,"isNullable":true,"isUnique":false,"isCreateable":false,"isUpdateable":true,"isFilterable":false,"isCalculated":false,"javaType":"java.lang.String","showLabel":true,"naturalOrder":20,"linkedFields":[],"relatedInfos":[],"references":[]},{"@type":"field","id":2358819,"name":"accounting_total","type":"decimal","uniqueName":"accounting_total","label":"accounting_total","parentObject":"invoice_lines_invoice_line","pcType":"DECIMAL","precision":28,"scale":0,"columnIndex":-1,"isKey":false,"isExternalId":false,"isSfIdLookup":false,"isNullable":true,"isUnique":false,"isCreateable":false,"isUpdateable":true,"isFilterable":false,"isCalculated":false,"javaType":"java.math.BigDecimal","showLabel":true,"naturalOrder":21,"linkedFields":[],"relatedInfos":[],"references":[]},{"@type":"field","id":2358820,"name":"account_segment_4","type":"string","uniqueName":"account_segment_4","label":"account_segment_4","parentObject":"invoice_lines_invoice_line","pcType":"NSTRING","precision":256,"scale":0,"columnIndex":-1,"isKey":false,"isExternalId":false,"isSfIdLookup":false,"isNullable":true,"isUnique":false,"isCreateable":false,"isUpdateable":true,"isFilterable":false,"isCalculated":false,"javaType":"java.lang.String","showLabel":true,"naturalOrder":22,"linkedFields":[],"relatedInfos":[],"references":[]},{"@type":"field","id":2358821,"name":"account_segment_3","type":"string","uniqueName":"account_segment_3","label":"account_segment_3","parentObject":"invoice_lines_invoice_line","pcType":"NSTRING","precision":256,"scale":0,"columnIndex":-1,"isKey":false,"isExternalId":false,"isSfIdLookup":false,"isNullable":true,"isUnique":false,"isCreateable":false,"isUpdateable":true,"isFilterable":false,"isCalculated":false,"javaType":"java.lang.String","showLabel":true,"naturalOrder":23,"linkedFields":["LineItem_department_segment_3"],"relatedInfos":[],"references":[]},{"@type":"field","id":2358822,"name":"total","type":"decimal","uniqueName":"total","label":"total","parentObject":"invoice_lines_invoice_line","pcType":"DECIMAL","precision":28,"scale":0,"columnIndex":-1,"isKey":false,"isExternalId":false,"isSfIdLookup":false,"isNullable":true,"isUnique":false,"isCreateable":false,"isUpdateable":true,"isFilterable":false,"isCalculated":false,"javaType":"java.math.BigDecimal","showLabel":true,"naturalOrder":24,"linkedFields":["LineItem_total"],"relatedInfos":[],"references":[]},{"@type":"field","id":2358823,"name":"account_segment_2","type":"string","uniqueName":"account_segment_2","label":"account_segment_2","parentObject":"invoice_lines_invoice_line","pcType":"NSTRING","precision":256,"scale":0,"columnIndex":-1,"isKey":false,"isExternalId":false,"isSfIdLookup":false,"isNullable":true,"isUnique":false,"isCreateable":false,"isUpdateable":true,"isFilterable":false,"isCalculated":false,"javaType":"java.lang.String","showLabel":true,"naturalOrder":25,"linkedFields":["LineItem_account_number","LineItem_account_segment_2"],"relatedInfos":[],"references":[]},{"@type":"field","id":2358824,"name":"account_segment_1","type":"string","uniqueName":"account_segment_1","label":"account_segment_1","parentObject":"invoice_lines_invoice_line","pcType":"NSTRING","precision":256,"scale":0,"columnIndex":-1,"isKey":false,"isExternalId":false,"isSfIdLookup":false,"isNullable":true,"isUnique":false,"isCreateable":false,"isUpdateable":true,"isFilterable":false,"isCalculated":false,"javaType":"java.lang.String","showLabel":true,"naturalOrder":26,"linkedFields":["LineItem_company_segment_1"],"relatedInfos":[],"references":[]},{"@type":"field","id":2358825,"name":"account_segment_8","type":"string","uniqueName":"account_segment_8","label":"account_segment_8","parentObject":"invoice_lines_invoice_line","pcType":"NSTRING","precision":256,"scale":0,"columnIndex":-1,"isKey":false,"isExternalId":false,"isSfIdLookup":false,"isNullable":true,"isUnique":false,"isCreateable":false,"isUpdateable":true,"isFilterable":false,"isCalculated":false,"javaType":"java.lang.String","showLabel":true,"naturalOrder":27,"linkedFields":[],"relatedInfos":[],"references":[]},{"@type":"field","id":2358826,"name":"account_segment_7","type":"string","uniqueName":"account_segment_7","label":"account_segment_7","parentObject":"invoice_lines_invoice_line","pcType":"NSTRING","precision":256,"scale":0,"columnIndex":-1,"isKey":false,"isExternalId":false,"isSfIdLookup":false,"isNullable":true,"isUnique":false,"isCreateable":false,"isUpdateable":true,"isFilterable":false,"isCalculated":false,"javaType":"java.lang.String","showLabel":true,"naturalOrder":28,"linkedFields":[],"relatedInfos":[],"references":[]},{"@type":"field","id":2358827,"name":"account_segment_6","type":"string","uniqueName":"account_segment_6","label":"account_segment_6","parentObject":"invoice_lines_invoice_line","pcType":"NSTRING","precision":256,"scale":0,"columnIndex":-1,"isKey":false,"isExternalId":false,"isSfIdLookup":false,"isNullable":true,"isUnique":false,"isCreateable":false,"isUpdateable":true,"isFilterable":false,"isCalculated":false,"javaType":"java.lang.String","showLabel":true,"naturalOrder":29,"linkedFields":[],"relatedInfos":[],"references":[]},{"@type":"field","id":2358828,"name":"account_segment_5","type":"string","uniqueName":"account_segment_5","label":"account_segment_5","parentObject":"invoice_lines_invoice_line","pcType":"NSTRING","precision":256,"scale":0,"columnIndex":-1,"isKey":false,"isExternalId":false,"isSfIdLookup":false,"isNullable":true,"isUnique":false,"isCreateable":false,"isUpdateable":true,"isFilterable":false,"isCalculated":false,"javaType":"java.lang.String","showLabel":true,"naturalOrder":30,"linkedFields":[],"relatedInfos":[],"references":[]},{"@type":"field","id":2358829,"name":"account_segment_9","type":"string","uniqueName":"account_segment_9","label":"account_segment_9","parentObject":"invoice_lines_invoice_line","pcType":"NSTRING","precision":256,"scale":0,"columnIndex":-1,"isKey":false,"isExternalId":false,"isSfIdLookup":false,"isNullable":true,"isUnique":false,"isCreateable":false,"isUpdateable":true,"isFilterable":false,"isCalculated":false,"javaType":"java.lang.String","showLabel":true,"naturalOrder":31,"linkedFields":[],"relatedInfos":[],"references":[]},{"@type":"field","id":2358830,"name":"tax_amount","type":"string","uniqueName":"tax_amount","label":"tax_amount","parentObject":"invoice_lines_invoice_line","pcType":"NSTRING","precision":256,"scale":0,"columnIndex":-1,"isKey":false,"isExternalId":false,"isSfIdLookup":false,"isNullable":true,"isUnique":false,"isCreateable":false,"isUpdateable":true,"isFilterable":true,"isCalculated":false,"javaType":"java.lang.String","showLabel":true,"naturalOrder":32,"linkedFields":[],"relatedInfos":[],"references":[]},{"@type":"field","id":2358831,"name":"account_code","type":"string","uniqueName":"account_code","label":"account_code","parentObject":"invoice_lines_invoice_line","pcType":"NSTRING","precision":256,"scale":0,"columnIndex":-1,"isKey":false,"isExternalId":false,"isSfIdLookup":false,"isNullable":true,"isUnique":false,"isCreateable":false,"isUpdateable":true,"isFilterable":true,"isCalculated":false,"javaType":"java.lang.String","showLabel":true,"naturalOrder":33,"linkedFields":[],"relatedInfos":[],"references":[]},{"@type":"field","id":2358832,"name":"type","type":"string","uniqueName":"type","label":"type","parentObject":"invoice_lines_invoice_line","pcType":"NSTRING","precision":256,"scale":0,"columnIndex":-1,"isKey":false,"isExternalId":false,"isSfIdLookup":false,"isNullable":true,"isUnique":false,"isCreateable":false,"isUpdateable":true,"isFilterable":false,"isCalculated":false,"javaType":"java.lang.String","showLabel":true,"naturalOrder":34,"linkedFields":[],"relatedInfos":[],"references":[]},{"@type":"field","id":2358833,"name":"amortization_start","type":"datetime","uniqueName":"amortization_start","label":"amortization_start","parentObject":"invoice_lines_invoice_line","pcType":"TOOLKIT_DATETIME","precision":26,"scale":0,"columnIndex":-1,"isKey":false,"isExternalId":false,"isSfIdLookup":false,"isNullable":true,"isUnique":false,"isCreateable":false,"isUpdateable":true,"isFilterable":false,"isCalculated":false,"javaType":"java.sql.Timestamp","showLabel":true,"naturalOrder":35,"linkedFields":["LineItem_amortizstartdate"],"relatedInfos":[],"references":[]},{"@type":"field","id":2358834,"name":"tax_location","type":"string","uniqueName":"tax_location","label":"tax_location","parentObject":"invoice_lines_invoice_line","pcType":"NSTRING","precision":256,"scale":0,"columnIndex":-1,"isKey":false,"isExternalId":false,"isSfIdLookup":false,"isNullable":true,"isUnique":false,"isCreateable":false,"isUpdateable":true,"isFilterable":false,"isCalculated":false,"javaType":"java.lang.String","showLabel":true,"naturalOrder":36,"linkedFields":[],"relatedInfos":[],"references":[]},{"@type":"field","id":2358835,"name":"account_active","type":"boolean","uniqueName":"account_active","label":"account_active","parentObject":"invoice_lines_invoice_line","pcType":"SMALL_INTEGER","precision":10,"scale":0,"columnIndex":-1,"isKey":false,"isExternalId":false,"isSfIdLookup":false,"isNullable":true,"isUnique":false,"isCreateable":false,"isUpdateable":true,"isFilterable":false,"isCalculated":false,"javaType":"java.lang.Boolean","showLabel":true,"naturalOrder":37,"linkedFields":[],"relatedInfos":[],"references":[]},{"@type":"field","id":2358836,"name":"created_at","type":"datetime","uniqueName":"created_at","label":"created_at","parentObject":"invoice_lines_invoice_line","pcType":"TOOLKIT_DATETIME","precision":26,"scale":0,"columnIndex":-1,"isKey":false,"isExternalId":false,"isSfIdLookup":false,"isNullable":true,"isUnique":false,"isCreateable":false,"isUpdateable":true,"isFilterable":false,"isCalculated":false,"javaType":"java.sql.Timestamp","showLabel":true,"naturalOrder":38,"linkedFields":[],"relatedInfos":[],"references":[]},{"@type":"field","id":2358837,"name":"description","type":"string","uniqueName":"description","label":"description","parentObject":"invoice_lines_invoice_line","pcType":"NSTRING","precision":256,"scale":0,"columnIndex":-1,"isKey":false,"isExternalId":false,"isSfIdLookup":false,"isNullable":true,"isUnique":false,"isCreateable":false,"isUpdateable":true,"isFilterable":true,"isCalculated":false,"javaType":"java.lang.String","showLabel":true,"naturalOrder":39,"linkedFields":["LineItem_description"],"relatedInfos":[],"references":[]},{"@type":"field","id":2358838,"name":"tax_supply_date","type":"string","uniqueName":"tax_supply_date","label":"tax_supply_date","parentObject":"invoice_lines_invoice_line","pcType":"NSTRING","precision":256,"scale":0,"columnIndex":-1,"isKey":false,"isExternalId":false,"isSfIdLookup":false,"isNullable":true,"isUnique":false,"isCreateable":false,"isUpdateable":true,"isFilterable":true,"isCalculated":false,"javaType":"java.lang.String","showLabel":true,"naturalOrder":40,"linkedFields":[],"relatedInfos":[],"references":[]},{"@type":"field","id":2358839,"name":"line_num","type":"integer","uniqueName":"line_num","label":"line_num","parentObject":"invoice_lines_invoice_line","pcType":"INTEGER","precision":10,"scale":0,"columnIndex":-1,"isKey":false,"isExternalId":false,"isSfIdLookup":false,"isNullable":true,"isUnique":false,"isCreateable":false,"isUpdateable":true,"isFilterable":true,"isCalculated":false,"javaType":"java.lang.Integer","showLabel":true,"naturalOrder":41,"linkedFields":["LineItem_LineNumber"],"relatedInfos":[],"references":[]},{"@type":"field","id":2358840,"name":"account_name","type":"string","uniqueName":"account_name","label":"account_name","parentObject":"invoice_lines_invoice_line","pcType":"NSTRING","precision":256,"scale":0,"columnIndex":-1,"isKey":false,"isExternalId":false,"isSfIdLookup":false,"isNullable":true,"isUnique":false,"isCreateable":false,"isUpdateable":true,"isFilterable":false,"isCalculated":false,"javaType":"java.lang.String","showLabel":true,"naturalOrder":42,"linkedFields":[],"relatedInfos":[],"references":[]},{"@type":"field","id":2358841,"name":"price","type":"decimal","uniqueName":"price","label":"price","parentObject":"invoice_lines_invoice_line","pcType":"DECIMAL","precision":28,"scale":0,"columnIndex":-1,"isKey":false,"isExternalId":false,"isSfIdLookup":false,"isNullable":true,"isUnique":false,"isCreateable":false,"isUpdateable":true,"isFilterable":true,"isCalculated":false,"javaType":"java.math.BigDecimal","showLabel":true,"naturalOrder":43,"linkedFields":[],"relatedInfos":[],"references":[]},{"@type":"field","id":2358842,"name":"account_account_type_updated_at","type":"datetime","uniqueName":"account_account_type_updated_at","label":"account_account_type_updated_at","parentObject":"invoice_lines_invoice_line","pcType":"TOOLKIT_DATETIME","precision":26,"scale":0,"columnIndex":-1,"isKey":false,"isExternalId":false,"isSfIdLookup":false,"isNullable":true,"isUnique":false,"isCreateable":false,"isUpdateable":true,"isFilterable":false,"isCalculated":false,"javaType":"java.sql.Timestamp","showLabel":true,"naturalOrder":44,"linkedFields":[],"relatedInfos":[],"references":[]},{"@type":"field","id":2358843,"name":"net_weight","type":"decimal","uniqueName":"net_weight","label":"net_weight","parentObject":"invoice_lines_invoice_line","pcType":"DECIMAL","precision":28,"scale":0,"columnIndex":-1,"isKey":false,"isExternalId":false,"isSfIdLookup":false,"isNullable":true,"isUnique":false,"isCreateable":false,"isUpdateable":true,"isFilterable":false,"isCalculated":false,"javaType":"java.math.BigDecimal","showLabel":true,"naturalOrder":45,"linkedFields":[],"relatedInfos":[],"references":[]},{"@type":"field","id":2358844,"name":"account_account_type_id","type":"integer","uniqueName":"account_account_type_id","label":"account_account_type_id","parentObject":"invoice_lines_invoice_line","pcType":"INTEGER","precision":10,"scale":0,"columnIndex":-1,"isKey":false,"isExternalId":false,"isSfIdLookup":false,"isNullable":true,"isUnique":false,"isCreateable":false,"isUpdateable":true,"isFilterable":false,"isCalculated":false,"javaType":"java.lang.Integer","showLabel":true,"naturalOrder":46,"linkedFields":[],"relatedInfos":[],"references":[]},{"@type":"field","id":2358845,"name":"updated_at","type":"datetime","uniqueName":"updated_at","label":"updated_at","parentObject":"invoice_lines_invoice_line","pcType":"TOOLKIT_DATETIME","precision":26,"scale":0,"columnIndex":-1,"isKey":false,"isExternalId":false,"isSfIdLookup":false,"isNullable":true,"isUnique":false,"isCreateable":false,"isUpdateable":true,"isFilterable":false,"isCalculated":false,"javaType":"java.sql.Timestamp","showLabel":true,"naturalOrder":47,"linkedFields":[],"relatedInfos":[],"references":[]},{"@type":"field","id":2358846,"name":"tax_description","type":"string","uniqueName":"tax_description","label":"tax_description","parentObject":"invoice_lines_invoice_line","pcType":"NSTRING","precision":256,"scale":0,"columnIndex":-1,"isKey":false,"isExternalId":false,"isSfIdLookup":false,"isNullable":true,"isUnique":false,"isCreateable":false,"isUpdateable":true,"isFilterable":false,"isCalculated":false,"javaType":"java.lang.String","showLabel":true,"naturalOrder":48,"linkedFields":[],"relatedInfos":[],"references":[]},{"@type":"field","id":2358847,"name":"order_line_num","type":"string","uniqueName":"order_line_num","label":"order_line_num","parentObject":"invoice_lines_invoice_line","pcType":"NSTRING","precision":256,"scale":0,"columnIndex":-1,"isKey":false,"isExternalId":false,"isSfIdLookup":false,"isNullable":true,"isUnique":false,"isCreateable":false,"isUpdateable":true,"isFilterable":false,"isCalculated":false,"javaType":"java.lang.String","showLabel":true,"naturalOrder":49,"linkedFields":[],"relatedInfos":[],"references":[]},{"@type":"field","id":2358848,"name":"order_line_id","type":"integer","uniqueName":"order_line_id","label":"order_line_id","parentObject":"invoice_lines_invoice_line","pcType":"INTEGER","precision":10,"scale":0,"columnIndex":-1,"isKey":false,"isExternalId":false,"isSfIdLookup":false,"isNullable":true,"isUnique":false,"isCreateable":false,"isUpdateable":true,"isFilterable":true,"isCalculated":false,"javaType":"java.lang.Integer","showLabel":true,"naturalOrder":50,"linkedFields":[],"relatedInfos":[],"references":[]},{"@type":"field","id":2358849,"name":"account_account_type_name","type":"string","uniqueName":"account_account_type_name","label":"account_account_type_name","parentObject":"invoice_lines_invoice_line","pcType":"NSTRING","precision":256,"scale":0,"columnIndex":-1,"isKey":false,"isExternalId":false,"isSfIdLookup":false,"isNullable":true,"isUnique":false,"isCreateable":false,"isUpdateable":true,"isFilterable":false,"isCalculated":false,"javaType":"java.lang.String","showLabel":true,"naturalOrder":51,"linkedFields":[],"relatedInfos":[],"references":[]},{"@type":"field","id":2358850,"name":"tax_amount_engine","type":"string","uniqueName":"tax_amount_engine","label":"tax_amount_engine","parentObject":"invoice_lines_invoice_line","pcType":"NSTRING","precision":256,"scale":0,"columnIndex":-1,"isKey":false,"isExternalId":false,"isSfIdLookup":false,"isNullable":true,"isUnique":false,"isCreateable":false,"isUpdateable":true,"isFilterable":false,"isCalculated":false,"javaType":"java.lang.String","showLabel":true,"naturalOrder":52,"linkedFields":[],"relatedInfos":[],"references":[]},{"@type":"field","id":2358851,"name":"locations","type":"string","uniqueName":"locations","label":"locations","parentObject":"invoice_lines_invoice_line","pcType":"NSTRING","precision":256,"scale":0,"columnIndex":-1,"isKey":false,"isExternalId":false,"isSfIdLookup":false,"isNullable":true,"isUnique":false,"isCreateable":false,"isUpdateable":true,"isFilterable":true,"isCalculated":false,"javaType":"java.lang.String","showLabel":true,"naturalOrder":53,"linkedFields":["LineItem_location_name"],"relatedInfos":[],"references":[]},{"@type":"field","id":2358852,"name":"tax_rate","type":"string","uniqueName":"tax_rate","label":"tax_rate","parentObject":"invoice_lines_invoice_line","pcType":"NSTRING","precision":256,"scale":0,"columnIndex":-1,"isKey":false,"isExternalId":false,"isSfIdLookup":false,"isNullable":true,"isUnique":false,"isCreateable":false,"isUpdateable":true,"isFilterable":false,"isCalculated":false,"javaType":"java.lang.String","showLabel":true,"naturalOrder":54,"linkedFields":[],"relatedInfos":[],"references":[]},{"@type":"field","id":2358853,"name":"amortization_end","type":"datetime","uniqueName":"amortization_end","label":"amortization_end","parentObject":"invoice_lines_invoice_line","pcType":"TOOLKIT_DATETIME","precision":26,"scale":0,"columnIndex":-1,"isKey":false,"isExternalId":false,"isSfIdLookup":false,"isNullable":true,"isUnique":false,"isCreateable":false,"isUpdateable":true,"isFilterable":false,"isCalculated":false,"javaType":"java.sql.Timestamp","showLabel":true,"naturalOrder":55,"linkedFields":["LineItem_amortizationenddate"],"relatedInfos":[],"references":[]},{"@type":"field","id":2358854,"name":"po_number","type":"string","uniqueName":"po_number","label":"po_number","parentObject":"invoice_lines_invoice_line","pcType":"NSTRING","precision":256,"scale":0,"columnIndex":-1,"isKey":false,"isExternalId":false,"isSfIdLookup":false,"isNullable":true,"isUnique":false,"isCreateable":false,"isUpdateable":true,"isFilterable":true,"isCalculated":false,"javaType":"java.lang.String","showLabel":true,"naturalOrder":56,"linkedFields":["LineItem_po_number"],"relatedInfos":[],"references":[]},{"@type":"field","id":2358855,"name":"quantity","type":"decimal","uniqueName":"quantity","label":"quantity","parentObject":"invoice_lines_invoice_line","pcType":"DECIMAL","precision":28,"scale":0,"columnIndex":-1,"isKey":false,"isExternalId":false,"isSfIdLookup":false,"isNullable":true,"isUnique":false,"isCreateable":false,"isUpdateable":true,"isFilterable":true,"isCalculated":false,"javaType":"java.math.BigDecimal","showLabel":true,"naturalOrder":57,"linkedFields":[],"relatedInfos":[],"references":[]},{"@type":"field","id":2358856,"name":"XFK_invoice_headers_invoice_header","type":"string","uniqueName":"XFK_invoice_headers_invoice_header","label":"XFK_invoice_headers_invoice_header","parentObject":"invoice_lines_invoice_line","pcType":"NSTRING","precision":256,"scale":0,"columnIndex":-1,"isKey":true,"isExternalId":false,"isSfIdLookup":false,"isNullable":true,"isUnique":false,"isCreateable":false,"isUpdateable":true,"isFilterable":false,"isCalculated":false,"javaType":"java.lang.String","showLabel":true,"naturalOrder":58,"linkedFields":["XFK_Invoice_Header"],"relatedInfos":[],"references":[]},{"@type":"field","id":2358857,"name":"XPK_invoice_lines_invoice_line","type":"string","uniqueName":"XPK_invoice_lines_invoice_line","label":"XPK_invoice_lines_invoice_line","parentObject":"invoice_lines_invoice_line","pcType":"NSTRING","precision":256,"scale":0,"columnIndex":-1,"isKey":true,"isExternalId":false,"isSfIdLookup":false,"isNullable":false,"isUnique":false,"isCreateable":false,"isUpdateable":true,"isFilterable":false,"isCalculated":false,"javaType":"java.lang.String","showLabel":true,"naturalOrder":59,"linkedFields":["XPK_Invoice_Line"],"relatedInfos":[],"references":[]}],"sortFields":[],"groupFields":[]}]