[{"@type":"mappingTemplate","id":"@1","name":"m_SFDC_Contact_Status_Update_Sales_Accepted","description":"This mapping is used to update the status and reason for a contact when status remains in the Marketing Qualified: Sales Accepted  for longer than 30 days or 75 days.","bundleVersion":"0","templateId":"@3","deployTime":1529605048000,"hasParameters":false,"valid":true,"fixedConnection":true,"hasParametersDeployed":false,"fixedConnectionDeployed":true,"tasks":2,"mappingPreviewFileRecordId":"@2","references":[{"@type":"reference","refObjectId":"@2CjV79tAT4nicr3VedQp4y","refType":"connection"}]}]