[{"@type":"mappingTemplate","id":"@1","name":"m_SFDC_Contact_Status_Update_Sales_Accepted","description":"BISAP-12386: Modified SOQL query to use Contact_Status_c in the Where Clause\nBISAP-11607: Mapped the o_Status field from FCRM__FCR_Status__c to Contact_Status__c\nThis mapping is used to update the status and reason for a contact when status remains in the Marketing Qualified: Sales Accepted  for longer than 30 days or 75 days.\n","bundleVersion":"0","templateId":"@3","deployTime":1596134109000,"hasParameters":false,"valid":true,"fixedConnection":true,"hasParametersDeployed":false,"fixedConnectionDeployed":true,"tasks":2,"mappingPreviewFileRecordId":"@2","documentType":"","references":[{"@type":"reference","refObjectId":"@2CjV79tAT4nicr3VedQp4y","refType":"connection"}]}]