[{"@type":"mtTask","id":"@1","name":"mct_SFDC_FF_Int_Queue_Extract","description":"","errorTaskEmail":{"@type":"taskEmail","id":5866,"emails":"sri.battu@appdynamics.com","emailType":"ERROR"},"successTaskEmail":{"@type":"taskEmail","id":5867,"emails":"sri.battu@appdynamics.com","emailType":"SUCCESS"},"warningTaskEmail":{"@type":"taskEmail","id":5868,"emails":"sri.battu@appdynamics.com","emailType":"WARNING"},"runtimeEnvironmentId":"@3qLOIwmEi8HlSgV9ggzWkn","postProcessingCmd":"sh /srv/misc/util/auto_mail.sh</srv/misc/util/int_queue_errors.csv","maxLogs":10,"verbose":false,"lastRunTime":1587488417000,"mappingId":"@0jWxZ8jlYRTkgf02XdRkCx","shortDescription":"","sessionProperties":{},"enableCrossSchemaPushdown":false,"parameterFileName":"SFDC_Int_Query.param","parameters":[{"@type":"mtTaskParameter","id":199522,"name":"$src_SFDC_Int_Queue$","type":"SOURCE","label":"src_SFDC_Int_Queue","uiProperties":{"connectionParameterized":"false","objectParameterized":"false","visible":"false"},"sourceConnectionId":"@2CjV79tAT4nicr3VedQp4y","sourceObject":"DUMMY_src_SFDC_Int_Queue","newFlatFile":false,"newObject":false,"showBusinessNames":false,"naturalOrder":true,"truncateTarget":false,"bulkApiDBTarget":false,"customFuncCfg":{"@type":"customFuncConfig","id":-1,"connections":[],"inputMap":[],"outputFields":[]},"tgtFieldRefs":{},"targetUpdateColumns":[],"runtimeAttrs":{},"isRESTModernSource":true,"customQuery":"Select transaction_type__c, source_system__c, target_system__c, exception_message__c, transaction_id__c, Status__c, createdby.name, lastmodifieddate from integration_queue__c where transaction_type__c = 'Quote-To-Cash' and lastmodifieddate > $$int_date and status__c = 'Error' and transaction_id__c not in ($$id_param) order by lastmodifieddate desc","isFileList":false,"handleSpecialChars":false,"frsAsset":false,"fetchMode":"ORIGINAL","tgtObjectAttributes":{},"runtimeParameterData":{"@type":"mtTaskRuntimeParameterData","isConnectionRuntimeParameter":false,"isObjectRuntimeParameter":false},"overriddenFields":[]},{"@type":"mtTaskParameter","id":199523,"name":"$tgt_Flat_File_Int_Queue_Errors$","type":"TARGET","label":"tgt_Flat_File_Int_Queue_Errors","uiProperties":{"connectionParameterized":"false","objectParameterized":"false","visible":"false","defaultTargetUpdateColumns":""},"targetConnectionId":"@98kzFBZXpmde7mTm99zZwU","targetObject":"int_queue_errors.csv","targetObjectLabel":"int_queue_errors.csv","newFlatFile":false,"newObject":false,"showBusinessNames":false,"naturalOrder":true,"truncateTarget":false,"bulkApiDBTarget":false,"operationType":"Insert","tgtFFAttrs":{"@type":"flatFileAttrs","id":44857,"delimiter":",","textQualifier":"none","escapeChar":"","headerLineNo":1},"customFuncCfg":{"@type":"customFuncConfig","id":-1,"connections":[],"inputMap":[],"outputFields":[]},"tgtFieldRefs":{},"targetUpdateColumns":[],"extendedObject":{"@type":"extendedObject","filters":[],"sortFields":[]},"runtimeAttrs":{},"isRESTModernSource":true,"isFileList":false,"handleSpecialChars":false,"frsAsset":false,"fetchMode":"ORIGINAL","tgtObjectAttributes":{},"runtimeParameterData":{"@type":"mtTaskRuntimeParameterData","isConnectionRuntimeParameter":false,"isObjectRuntimeParameter":false},"overriddenFields":[]}],"sequences":[],"inOutParameters":[],"connRuntimeAttrs":[]}]