[{"@type":"mtTask","id":"@1","name":"mct_Billing_Schedules_Custom_Load","description":"","errorTaskEmail":{"@type":"taskEmail","id":111962,"emails":"sri.battu@appdynamics.com","emailType":"ERROR"},"successTaskEmail":{"@type":"taskEmail","id":111963,"emails":"sri.battu@appdynamics.com","emailType":"SUCCESS"},"warningTaskEmail":{"@type":"taskEmail","id":111964,"emails":"sri.battu@appdynamics.com","emailType":"WARNING"},"runtimeEnvironmentId":"@1KKuSUw1Rkfbzmz4wJo8eb","maxLogs":10,"verbose":false,"lastRunTime":1599133817000,"mappingId":"@4s6wIYusiP3dYSSSiQNRik","shortDescription":"","sessionProperties":{},"enableCrossSchemaPushdown":true,"autoTunedApplied":false,"parameterFileEncoding":"UTF-8","parameters":[{"@type":"mtTaskParameter","id":95768828,"name":"$src_Billing_Schedules$","type":"SOURCE","label":"src_Billing_Schedules","uiProperties":{"connectionParameterized":"false","objectParameterized":"false","visible":"false"},"sourceConnectionId":"@4CCGgqXCJRHckum26BMe2M","sourceObject":"DUMMY_src_Billing_Schedules","newFlatFile":false,"newObject":false,"showBusinessNames":false,"naturalOrder":true,"truncateTarget":false,"bulkApiDBTarget":false,"customFuncCfg":{"@type":"customFuncConfig","id":-1,"connections":[],"inputMap":[],"outputFields":[]},"tgtFieldRefs":{},"targetUpdateColumns":[],"runtimeAttrs":{},"isRESTModernSource":true,"customQuery":"select B.Bill_amount,\n   B.Bill_amount_foreign,\n   B.Bill_count,\n   B.bill_date,\n   (select to_char(to_date(name, 'Mon YYYY'), 'YYYY-MM') from accounting_periods where quarter = 'No' and year_0 = 'No' and starting <= B.bill_date and ending >= B.bill_date) fiscal_period, \n   B.Bill_in_arrears,\n   B.Bill_net_amount,\n   B.Bill_net_amount_foreign,\n   B.End_date,\n   B.Monthly_extended_list_price,\n   B.monthly_list_unit_price,\n   B.months,\n   B.one_time_discount_amount,\n   B.product_name,\n  (select item_id from transaction_lines where transaction_id = a.transaction_id and transaction_line_id = b.transaction_line_id) item_id, \n   B.qty,\n   B.sfdc_order_line_ID,\n   B.SFDC_parent_line_ID,\n   B.SO_line_number,\n   B.Start_date,\n   B.total_price,\n   B.Transaction_ID,\n   A.TRANSACTION_NUMBER,\n B.Transaction_line_id from transactions A, BILLING_SCHEDULE B \nwhere \n TO_DATE(TO_CHAR(A.CREATE_DATE - 7/24, 'YYYY-MM-DD HH24:MI:SS'),'YYYY-MM-DD HH24:MI:SS')  >=  TO_DATE('2019-07-18 00:00:00', 'YYYY-MM-DD HH24:MI:SS')  AND\nA.transaction_type = 'Sales Order' AND \nA.TRANSACTION_ID = B.TRANSACTION_ID AND\nB.TRANSACTION_LINE_ID <>0 AND\n A.STATUS NOT IN ('Pending Approval','Cancelled','Billed') \n  AND\n  TO_DATE(TO_CHAR(A.DATE_APPROVED , 'YYYY-MM-DD'),'YYYY-MM-DD')  >=  \n   TO_DATE($LASTRUNDATE,  'YYYY-MM-DD') -1\n order by A.TRANSACTION_NUMBER","isFileList":false,"handleSpecialChars":false,"frsAsset":false,"dynamicFileName":false,"tgtObjectAttributes":{},"runtimeParameterData":{"@type":"mtTaskRuntimeParameterData","isConnectionRuntimeParameter":false,"isObjectRuntimeParameter":false},"overriddenFields":[]},{"@type":"mtTaskParameter","id":95768829,"name":"$tgt_Custom_Billing_Schedules_Data$","type":"TARGET","label":"tgt_Custom_Billing_Schedules_Data","uiProperties":{"connectionParameterized":"false","objectParameterized":"false","visible":"false","defaultTargetUpdateColumns":""},"targetConnectionId":"@igjXBevWNu7hSiCsZKoDWh","targetObject":"Billing_Schedule_Data","targetObjectLabel":"Billing Schedule Data","newFlatFile":false,"newObject":false,"showBusinessNames":false,"naturalOrder":true,"truncateTarget":false,"bulkApiDBTarget":false,"operationType":"Insert","customFuncCfg":{"@type":"customFuncConfig","id":-1,"connections":[],"inputMap":[],"outputFields":[]},"tgtFieldRefs":{},"targetUpdateColumns":[],"extendedObject":{"@type":"extendedObject","filters":[],"sortFields":[]},"runtimeAttrs":{},"isRESTModernSource":true,"isFileList":false,"handleSpecialChars":false,"frsAsset":false,"dynamicFileName":false,"tgtObjectAttributes":{},"runtimeParameterData":{"@type":"mtTaskRuntimeParameterData","isConnectionRuntimeParameter":false,"isObjectRuntimeParameter":false},"overriddenFields":[]},{"@type":"mtTaskParameter","id":95768830,"name":"$tgt_FF_Custom_Billing_Schedule$","type":"TARGET","label":"tgt_FF_Custom_Billing_Schedule","uiProperties":{"connectionParameterized":"false","objectParameterized":"false","visible":"false","defaultTargetUpdateColumns":""},"targetConnectionId":"@8Qp1Vvtik7ejRmnNM3lSiT","targetObject":"FF_Billing_Schdule_Custom_Load.csv","targetObjectLabel":"FF_Billing_Schdule_Custom_Load.csv","newFlatFile":false,"newObject":false,"showBusinessNames":false,"naturalOrder":true,"truncateTarget":false,"bulkApiDBTarget":false,"operationType":"Insert","tgtFFAttrs":{"@type":"flatFileAttrs","id":1854259,"delimiter":",","textQualifier":"\"","escapeChar":"","headerLineNo":1},"customFuncCfg":{"@type":"customFuncConfig","id":-1,"connections":[],"inputMap":[],"outputFields":[]},"tgtFieldRefs":{},"targetUpdateColumns":[],"extendedObject":{"@type":"extendedObject","filters":[],"sortFields":[]},"runtimeAttrs":{},"isRESTModernSource":true,"isFileList":false,"handleSpecialChars":false,"frsAsset":false,"dynamicFileName":false,"tgtObjectAttributes":{},"runtimeParameterData":{"@type":"mtTaskRuntimeParameterData","isConnectionRuntimeParameter":false,"isObjectRuntimeParameter":false},"overriddenFields":[]},{"@type":"mtTaskParameter","id":95768831,"name":"$lkup_Custom_Billing_Schedule$","type":"LOOKUP","label":"lkup_Custom_Billing_Schedule","uiProperties":{"connectionParameterized":"false","isCachedLookup":"true","objectParameterized":"false","visible":"false"},"lookupConnectionId":"@4CCGgqXCJRHckum26BMe2M","lookupObject":"BILLING_SCHEDULE_DATA","lookupObjectLabel":"BILLING_SCHEDULE_DATA","newFlatFile":false,"newObject":false,"showBusinessNames":false,"naturalOrder":true,"truncateTarget":false,"bulkApiDBTarget":false,"customFuncCfg":{"@type":"customFuncConfig","id":-1,"connections":[],"inputMap":[],"outputFields":[]},"tgtFieldRefs":{},"targetUpdateColumns":[],"runtimeAttrs":{},"isRESTModernSource":true,"isFileList":false,"handleSpecialChars":false,"frsAsset":false,"dynamicFileName":false,"tgtObjectAttributes":{},"runtimeParameterData":{"@type":"mtTaskRuntimeParameterData","isConnectionRuntimeParameter":false,"isObjectRuntimeParameter":false},"overriddenFields":[]}],"sequences":[],"inOutParameters":[],"connRuntimeAttrs":[]}]