[{"@type":"dssTask","id":"@1","name":"DSS_Cisco_AppD_EmployeeExtract","description":"","maxLogs":10,"sourceConnectionId":"@8Qp1Vvtik7ejRmnNM3lSiT","targetConnectionId":"@8Qp1Vvtik7ejRmnNM3lSiT","targetObject":"FF_Cisco_AppD_EmployeeExtract.csv","targetObjectLabel":"FF_Cisco_AppD_EmployeeExtract.csv","operation":"Insert","maxRows":0,"truncateTarget":false,"bulkApiDBTarget":false,"verbose":false,"srcFlatFileAttrs":{"@type":"flatFileAttrs","id":525588,"delimiter":",","textQualifier":"\"","escapeChar":"","headerLineNo":1,"firstDataRow":2},"tgtFlatFileAttrs":{"@type":"flatFileAttrs","id":525589,"delimiter":",","textQualifier":"\"","escapeChar":"","headerLineNo":1,"firstDataRow":2},"targetMetadataUpdated":false,"modelVersion":"V3-R600","queryAll":false,"srcSettings":{"@type":"taskDataSourceSetting","isShowLabels":false,"isNaturalOrder":true},"tgtSettings":{"@type":"taskDataSourceSetting","isShowLabels":false,"isNaturalOrder":true},"cfSettings":{"@type":"taskDataSourceSetting","isShowLabels":false,"isNaturalOrder":false},"bulkApi":false,"bulkApiSerialMode":false,"bulkApiMonitor":false,"isTargetObjectSfCustom":false,"allowNullUpdates":false,"targetBatchSize":200,"assignmentRuleId":"-1","assignmentRuleType":"None","createSuccessFile":false,"bulkApiHardDelete":false,"srcRuntimeAttrs":{"@type":"taskRuntimeAttrs","attrs":{}},"tgtRuntimeAttrs":{"@type":"taskRuntimeAttrs","attrs":{}},"parameterFileEncoding":"UTF-8","sourceObjects":[{"@type":"mObject","name":"FF_CiscoHR_UsersForNetsuite.csv","label":"FF_CiscoHR_UsersForNetsuite.csv","metadataUpdated":false,"relations":[],"children":[]}],"advancedFilters":[],"filters":[],"fieldMaps":[{"@type":"fieldMap","id":"4512066","targetField":{"@type":"field","id":12571992,"name":"First_Name","type":"nstring","uniqueName":"First_Name","label":"First_Name","parentObject":"FF_Cisco_AppD_EmployeeExtract.csv","pcType":"UNISTRING","precision":255,"scale":0,"columnIndex":0,"isKey":false,"isExternalId":false,"isSfIdLookup":false,"isNullable":true,"isUnique":false,"isCreateable":false,"isUpdateable":true,"isFilterable":true,"isCalculated":false,"showLabel":false,"naturalOrder":0,"linkedFields":["FirstName"],"relatedInfos":[],"references":[]},"expression":"FirstName"},{"@type":"fieldMap","id":"4512067","targetField":{"@type":"field","id":12571993,"name":"Last_Name","type":"nstring","uniqueName":"Last_Name","label":"Last_Name","parentObject":"FF_Cisco_AppD_EmployeeExtract.csv","pcType":"UNISTRING","precision":255,"scale":0,"columnIndex":1,"isKey":false,"isExternalId":false,"isSfIdLookup":false,"isNullable":true,"isUnique":false,"isCreateable":false,"isUpdateable":true,"isFilterable":true,"isCalculated":false,"showLabel":false,"naturalOrder":0,"linkedFields":["LastName"],"relatedInfos":[],"references":[]},"expression":"LastName"},{"@type":"fieldMap","id":"4512068","targetField":{"@type":"field","id":12571994,"name":"Middle_Name","type":"nstring","uniqueName":"Middle_Name","label":"Middle_Name","parentObject":"FF_Cisco_AppD_EmployeeExtract.csv","pcType":"UNISTRING","precision":255,"scale":0,"columnIndex":2,"isKey":false,"isExternalId":false,"isSfIdLookup":false,"isNullable":true,"isUnique":false,"isCreateable":false,"isUpdateable":true,"isFilterable":true,"isCalculated":false,"showLabel":false,"naturalOrder":0,"linkedFields":["MiddleName"],"relatedInfos":[],"references":[]},"expression":"MiddleName"},{"@type":"fieldMap","id":"4512069","targetField":{"@type":"field","id":12571995,"name":"AppD_Email","type":"nstring","uniqueName":"AppD_Email","label":"AppD_Email","parentObject":"FF_Cisco_AppD_EmployeeExtract.csv","pcType":"UNISTRING","precision":255,"scale":0,"columnIndex":3,"isKey":false,"isExternalId":false,"isSfIdLookup":false,"isNullable":true,"isUnique":false,"isCreateable":false,"isUpdateable":true,"isFilterable":true,"isCalculated":false,"showLabel":false,"naturalOrder":0,"linkedFields":[],"relatedInfos":[],"references":[]}},{"@type":"fieldMap","id":"4512070","targetField":{"@type":"field","id":12571996,"name":"Cisco_Email","type":"nstring","uniqueName":"Cisco_Email","label":"Cisco_Email","parentObject":"FF_Cisco_AppD_EmployeeExtract.csv","pcType":"UNISTRING","precision":255,"scale":0,"columnIndex":4,"isKey":false,"isExternalId":false,"isSfIdLookup":false,"isNullable":true,"isUnique":false,"isCreateable":false,"isUpdateable":true,"isFilterable":true,"isCalculated":false,"showLabel":false,"naturalOrder":0,"linkedFields":["Email"],"relatedInfos":[],"references":[]},"expression":"Email"},{"@type":"fieldMap","id":"4512071","targetField":{"@type":"field","id":12571997,"name":"Cisco_Employee_Login","type":"nstring","uniqueName":"Cisco_Employee_Login","label":"Cisco_Employee_Login","parentObject":"FF_Cisco_AppD_EmployeeExtract.csv","pcType":"UNISTRING","precision":255,"scale":0,"columnIndex":5,"isKey":false,"isExternalId":false,"isSfIdLookup":false,"isNullable":true,"isUnique":false,"isCreateable":false,"isUpdateable":true,"isFilterable":true,"isCalculated":false,"showLabel":false,"naturalOrder":0,"linkedFields":["Login"],"relatedInfos":[],"references":[]},"expression":"Login"},{"@type":"fieldMap","id":"4512072","targetField":{"@type":"field","id":12571998,"name":"Cisco_Department_Name","type":"nstring","uniqueName":"Cisco_Department_Name","label":"Cisco_Department_Name","parentObject":"FF_Cisco_AppD_EmployeeExtract.csv","pcType":"UNISTRING","precision":255,"scale":0,"columnIndex":6,"isKey":false,"isExternalId":false,"isSfIdLookup":false,"isNullable":true,"isUnique":false,"isCreateable":false,"isUpdateable":true,"isFilterable":true,"isCalculated":false,"showLabel":false,"naturalOrder":0,"linkedFields":["CiscoDepartmentName"],"relatedInfos":[],"references":[]},"expression":"CiscoDepartmentName"},{"@type":"fieldMap","id":"4512073","targetField":{"@type":"field","id":12571999,"name":"Cisco_Employee_Number","type":"nstring","uniqueName":"Cisco_Employee_Number","label":"Cisco_Employee_Number","parentObject":"FF_Cisco_AppD_EmployeeExtract.csv","pcType":"UNISTRING","precision":255,"scale":0,"columnIndex":7,"isKey":false,"isExternalId":false,"isSfIdLookup":false,"isNullable":true,"isUnique":false,"isCreateable":false,"isUpdateable":true,"isFilterable":true,"isCalculated":false,"showLabel":false,"naturalOrder":0,"linkedFields":["externalIdCiscoEmployeeNumber"],"relatedInfos":[],"references":[]},"expression":"externalIdCiscoEmployeeNumber"},{"@type":"fieldMap","id":"4512074","targetField":{"@type":"field","id":12572000,"name":"Cisco_Manager_Login","type":"nstring","uniqueName":"Cisco_Manager_Login","label":"Cisco_Manager_Login","parentObject":"FF_Cisco_AppD_EmployeeExtract.csv","pcType":"UNISTRING","precision":255,"scale":0,"columnIndex":8,"isKey":false,"isExternalId":false,"isSfIdLookup":false,"isNullable":true,"isUnique":false,"isCreateable":false,"isUpdateable":true,"isFilterable":true,"isCalculated":false,"showLabel":false,"naturalOrder":0,"linkedFields":["ManagerLogin"],"relatedInfos":[],"references":[]},"expression":"ManagerLogin"},{"@type":"fieldMap","id":"4512075","targetField":{"@type":"field","id":12572001,"name":"Cisco_Manager_Employee_Number","type":"nstring","uniqueName":"Cisco_Manager_Employee_Number","label":"Cisco_Manager_Employee_Number","parentObject":"FF_Cisco_AppD_EmployeeExtract.csv","pcType":"UNISTRING","precision":255,"scale":0,"columnIndex":9,"isKey":false,"isExternalId":false,"isSfIdLookup":false,"isNullable":true,"isUnique":false,"isCreateable":false,"isUpdateable":true,"isFilterable":true,"isCalculated":false,"showLabel":false,"naturalOrder":0,"linkedFields":[],"relatedInfos":[],"references":[]}},{"@type":"fieldMap","id":"4512076","targetField":{"@type":"field","id":12572002,"name":"Cisco_User_Status","type":"nstring","uniqueName":"Cisco_User_Status","label":"Cisco_User_Status","parentObject":"FF_Cisco_AppD_EmployeeExtract.csv","pcType":"UNISTRING","precision":255,"scale":0,"columnIndex":10,"isKey":false,"isExternalId":false,"isSfIdLookup":false,"isNullable":true,"isUnique":false,"isCreateable":false,"isUpdateable":true,"isFilterable":true,"isCalculated":false,"showLabel":false,"naturalOrder":0,"linkedFields":["UserStatus"],"relatedInfos":[],"references":[]},"expression":"UserStatus"},{"@type":"fieldMap","id":"4512077","targetField":{"@type":"field","id":12572003,"name":"Cisco_User_Status_Desc","type":"nstring","uniqueName":"Cisco_User_Status_Desc","label":"Cisco_User_Status_Desc","parentObject":"FF_Cisco_AppD_EmployeeExtract.csv","pcType":"UNISTRING","precision":255,"scale":0,"columnIndex":11,"isKey":false,"isExternalId":false,"isSfIdLookup":false,"isNullable":true,"isUnique":false,"isCreateable":false,"isUpdateable":true,"isFilterable":true,"isCalculated":false,"showLabel":false,"naturalOrder":0,"linkedFields":["StatusCode"],"relatedInfos":[],"references":[]},"expression":"StatusCode"},{"@type":"fieldMap","id":"4512078","targetField":{"@type":"field","id":12572004,"name":"Cisco_Worker_Type","type":"nstring","uniqueName":"Cisco_Worker_Type","label":"Cisco_Worker_Type","parentObject":"FF_Cisco_AppD_EmployeeExtract.csv","pcType":"UNISTRING","precision":255,"scale":0,"columnIndex":12,"isKey":false,"isExternalId":false,"isSfIdLookup":false,"isNullable":true,"isUnique":false,"isCreateable":false,"isUpdateable":true,"isFilterable":true,"isCalculated":false,"showLabel":false,"naturalOrder":0,"linkedFields":["WorkerType"],"relatedInfos":[],"references":[]},"expression":"WorkerType"},{"@type":"fieldMap","id":"4512079","targetField":{"@type":"field","id":12572005,"name":"Cisco_Work_Location_Type","type":"nstring","uniqueName":"Cisco_Work_Location_Type","label":"Cisco_Work_Location_Type","parentObject":"FF_Cisco_AppD_EmployeeExtract.csv","pcType":"UNISTRING","precision":255,"scale":0,"columnIndex":13,"isKey":false,"isExternalId":false,"isSfIdLookup":false,"isNullable":true,"isUnique":false,"isCreateable":false,"isUpdateable":true,"isFilterable":true,"isCalculated":false,"showLabel":false,"naturalOrder":0,"linkedFields":["WorkLocationType"],"relatedInfos":[],"references":[]},"expression":"WorkLocationType"},{"@type":"fieldMap","id":"4512080","targetField":{"@type":"field","id":12572006,"name":"Cisco_Work_Location_City","type":"nstring","uniqueName":"Cisco_Work_Location_City","label":"Cisco_Work_Location_City","parentObject":"FF_Cisco_AppD_EmployeeExtract.csv","pcType":"UNISTRING","precision":255,"scale":0,"columnIndex":14,"isKey":false,"isExternalId":false,"isSfIdLookup":false,"isNullable":true,"isUnique":false,"isCreateable":false,"isUpdateable":true,"isFilterable":true,"isCalculated":false,"showLabel":false,"naturalOrder":0,"linkedFields":["WorkLocationCity"],"relatedInfos":[],"references":[]},"expression":"WorkLocationCity"},{"@type":"fieldMap","id":"4512113","targetField":{"@type":"field","id":12572765,"name":"Cisco_Work_Country","type":"nstring","uniqueName":"Cisco_Work_Country","label":"Cisco_Work_Country","parentObject":"FF_Cisco_AppD_EmployeeExtract.csv","pcType":"UNISTRING","precision":255,"scale":0,"columnIndex":15,"isKey":false,"isExternalId":false,"isSfIdLookup":false,"isNullable":true,"isUnique":false,"isCreateable":false,"isUpdateable":true,"isFilterable":true,"isCalculated":false,"showLabel":false,"naturalOrder":0,"linkedFields":["WorkCountry"],"relatedInfos":[],"references":[]},"expression":"WorkCountry"},{"@type":"fieldMap","id":"4512082","targetField":{"@type":"field","id":12572008,"name":"Cisco_Hire_Date","type":"nstring","uniqueName":"Cisco_Hire_Date","label":"Cisco_Hire_Date","parentObject":"FF_Cisco_AppD_EmployeeExtract.csv","pcType":"UNISTRING","precision":255,"scale":0,"columnIndex":16,"isKey":false,"isExternalId":false,"isSfIdLookup":false,"isNullable":true,"isUnique":false,"isCreateable":false,"isUpdateable":true,"isFilterable":true,"isCalculated":false,"showLabel":false,"naturalOrder":0,"linkedFields":["HireDate"],"relatedInfos":[],"references":[]},"expression":"HireDate"},{"@type":"fieldMap","id":"4512083","targetField":{"@type":"field","id":12572009,"name":"Cisco_Termination_Date","type":"nstring","uniqueName":"Cisco_Termination_Date","label":"Cisco_Termination_Date","parentObject":"FF_Cisco_AppD_EmployeeExtract.csv","pcType":"UNISTRING","precision":255,"scale":0,"columnIndex":17,"isKey":false,"isExternalId":false,"isSfIdLookup":false,"isNullable":true,"isUnique":false,"isCreateable":false,"isUpdateable":true,"isFilterable":true,"isCalculated":false,"showLabel":false,"naturalOrder":0,"linkedFields":["TerminationDate"],"relatedInfos":[],"references":[]},"expression":"TerminationDate"},{"@type":"fieldMap","id":"4512084","targetField":{"@type":"field","id":12572010,"name":"Cisco_Effective_Date","type":"nstring","uniqueName":"Cisco_Effective_Date","label":"Cisco_Effective_Date","parentObject":"FF_Cisco_AppD_EmployeeExtract.csv","pcType":"UNISTRING","precision":255,"scale":0,"columnIndex":18,"isKey":false,"isExternalId":false,"isSfIdLookup":false,"isNullable":true,"isUnique":false,"isCreateable":false,"isUpdateable":true,"isFilterable":true,"isCalculated":false,"showLabel":false,"naturalOrder":0,"linkedFields":["TransactionEffectiveDate"],"relatedInfos":[],"references":[]},"expression":"TransactionEffectiveDate"},{"@type":"fieldMap","id":"4512132","targetField":{"@type":"field","id":12573545,"name":"System_Add_Date","type":"nstring","uniqueName":"System_Add_Date","label":"System_Add_Date","parentObject":"FF_Cisco_AppD_EmployeeExtract.csv","pcType":"UNISTRING","precision":255,"scale":0,"columnIndex":19,"isKey":false,"isExternalId":false,"isSfIdLookup":false,"isNullable":true,"isUnique":false,"isCreateable":false,"isUpdateable":true,"isFilterable":true,"isCalculated":false,"showLabel":false,"naturalOrder":0,"linkedFields":[],"relatedInfos":[],"references":[]},"expression":"to_char(sysdate,'mm/dd/yyyy')"},{"@type":"fieldMap","id":"4512133","targetField":{"@type":"field","id":12573546,"name":"System_Update_Date","type":"nstring","uniqueName":"System_Update_Date","label":"System_Update_Date","parentObject":"FF_Cisco_AppD_EmployeeExtract.csv","pcType":"UNISTRING","precision":255,"scale":0,"columnIndex":20,"isKey":false,"isExternalId":false,"isSfIdLookup":false,"isNullable":true,"isUnique":false,"isCreateable":false,"isUpdateable":true,"isFilterable":true,"isCalculated":false,"showLabel":false,"naturalOrder":0,"linkedFields":[],"relatedInfos":[],"references":[]},"expression":"to_char(sysdate,'mm/dd/yyyy')"}],"sourceFields":[{"@type":"field","id":12573547,"name":"FirstName","type":"nstring","uniqueName":"FirstName","label":"FirstName","parentObject":"FF_CiscoHR_UsersForNetsuite.csv","pcType":"UNISTRING","precision":255,"scale":0,"columnIndex":0,"isKey":false,"isExternalId":false,"isSfIdLookup":false,"isNullable":true,"isUnique":false,"isCreateable":false,"isUpdateable":true,"isFilterable":true,"isCalculated":false,"showLabel":false,"naturalOrder":0,"linkedFields":["First_Name"],"relatedInfos":[],"references":[]},{"@type":"field","id":12573548,"name":"LastName","type":"nstring","uniqueName":"LastName","label":"LastName","parentObject":"FF_CiscoHR_UsersForNetsuite.csv","pcType":"UNISTRING","precision":255,"scale":0,"columnIndex":1,"isKey":false,"isExternalId":false,"isSfIdLookup":false,"isNullable":true,"isUnique":false,"isCreateable":false,"isUpdateable":true,"isFilterable":true,"isCalculated":false,"showLabel":false,"naturalOrder":0,"linkedFields":["Last_Name"],"relatedInfos":[],"references":[]},{"@type":"field","id":12573549,"name":"MiddleName","type":"nstring","uniqueName":"MiddleName","label":"MiddleName","parentObject":"FF_CiscoHR_UsersForNetsuite.csv","pcType":"UNISTRING","precision":255,"scale":0,"columnIndex":2,"isKey":false,"isExternalId":false,"isSfIdLookup":false,"isNullable":true,"isUnique":false,"isCreateable":false,"isUpdateable":true,"isFilterable":true,"isCalculated":false,"showLabel":false,"naturalOrder":0,"linkedFields":["Middle_Name"],"relatedInfos":[],"references":[]},{"@type":"field","id":12573550,"name":"Login","type":"nstring","uniqueName":"Login","label":"Login","parentObject":"FF_CiscoHR_UsersForNetsuite.csv","pcType":"UNISTRING","precision":255,"scale":0,"columnIndex":3,"isKey":false,"isExternalId":false,"isSfIdLookup":false,"isNullable":true,"isUnique":false,"isCreateable":false,"isUpdateable":true,"isFilterable":true,"isCalculated":false,"showLabel":false,"naturalOrder":0,"linkedFields":["Cisco_Employee_Login"],"relatedInfos":[],"references":[]},{"@type":"field","id":12573551,"name":"Email","type":"nstring","uniqueName":"Email","label":"Email","parentObject":"FF_CiscoHR_UsersForNetsuite.csv","pcType":"UNISTRING","precision":255,"scale":0,"columnIndex":4,"isKey":false,"isExternalId":false,"isSfIdLookup":false,"isNullable":true,"isUnique":false,"isCreateable":false,"isUpdateable":true,"isFilterable":true,"isCalculated":false,"showLabel":false,"naturalOrder":0,"linkedFields":["Cisco_Email"],"relatedInfos":[],"references":[]},{"@type":"field","id":12573552,"name":"ApprovalLimit","type":"nstring","uniqueName":"ApprovalLimit","label":"ApprovalLimit","parentObject":"FF_CiscoHR_UsersForNetsuite.csv","pcType":"UNISTRING","precision":255,"scale":0,"columnIndex":5,"isKey":false,"isExternalId":false,"isSfIdLookup":false,"isNullable":true,"isUnique":false,"isCreateable":false,"isUpdateable":true,"isFilterable":true,"isCalculated":false,"showLabel":false,"naturalOrder":0,"linkedFields":[],"relatedInfos":[],"references":[]},{"@type":"field","id":12573553,"name":"CiscoSubsidiaryName","type":"nstring","uniqueName":"CiscoSubsidiaryName","label":"CiscoSubsidiaryName","parentObject":"FF_CiscoHR_UsersForNetsuite.csv","pcType":"UNISTRING","precision":255,"scale":0,"columnIndex":6,"isKey":false,"isExternalId":false,"isSfIdLookup":false,"isNullable":true,"isUnique":false,"isCreateable":false,"isUpdateable":true,"isFilterable":true,"isCalculated":false,"showLabel":false,"naturalOrder":0,"linkedFields":[],"relatedInfos":[],"references":[]},{"@type":"field","id":12573554,"name":"CiscoDepartmentName","type":"nstring","uniqueName":"CiscoDepartmentName","label":"CiscoDepartmentName","parentObject":"FF_CiscoHR_UsersForNetsuite.csv","pcType":"UNISTRING","precision":255,"scale":0,"columnIndex":7,"isKey":false,"isExternalId":false,"isSfIdLookup":false,"isNullable":true,"isUnique":false,"isCreateable":false,"isUpdateable":true,"isFilterable":true,"isCalculated":false,"showLabel":false,"naturalOrder":0,"linkedFields":["Cisco_Department_Name"],"relatedInfos":[],"references":[]},{"@type":"field","id":12573555,"name":"externalIdCiscoEmployeeNumber","type":"nstring","uniqueName":"externalIdCiscoEmployeeNumber","label":"externalIdCiscoEmployeeNumber","parentObject":"FF_CiscoHR_UsersForNetsuite.csv","pcType":"UNISTRING","precision":255,"scale":0,"columnIndex":8,"isKey":false,"isExternalId":false,"isSfIdLookup":false,"isNullable":true,"isUnique":false,"isCreateable":false,"isUpdateable":true,"isFilterable":true,"isCalculated":false,"showLabel":false,"naturalOrder":0,"linkedFields":["Cisco_Employee_Number"],"relatedInfos":[],"references":[]},{"@type":"field","id":12573556,"name":"IsInactive","type":"nstring","uniqueName":"IsInactive","label":"IsInactive","parentObject":"FF_CiscoHR_UsersForNetsuite.csv","pcType":"UNISTRING","precision":255,"scale":0,"columnIndex":9,"isKey":false,"isExternalId":false,"isSfIdLookup":false,"isNullable":true,"isUnique":false,"isCreateable":false,"isUpdateable":true,"isFilterable":true,"isCalculated":false,"showLabel":false,"naturalOrder":0,"linkedFields":[],"relatedInfos":[],"references":[]},{"@type":"field","id":12573557,"name":"ManagerUsername","type":"nstring","uniqueName":"ManagerUsername","label":"ManagerUsername","parentObject":"FF_CiscoHR_UsersForNetsuite.csv","pcType":"UNISTRING","precision":255,"scale":0,"columnIndex":10,"isKey":false,"isExternalId":false,"isSfIdLookup":false,"isNullable":true,"isUnique":false,"isCreateable":false,"isUpdateable":true,"isFilterable":true,"isCalculated":false,"showLabel":false,"naturalOrder":0,"linkedFields":[],"relatedInfos":[],"references":[]},{"@type":"field","id":12573558,"name":"HireDate","type":"nstring","uniqueName":"HireDate","label":"HireDate","parentObject":"FF_CiscoHR_UsersForNetsuite.csv","pcType":"UNISTRING","precision":255,"scale":0,"columnIndex":11,"isKey":false,"isExternalId":false,"isSfIdLookup":false,"isNullable":true,"isUnique":false,"isCreateable":false,"isUpdateable":true,"isFilterable":true,"isCalculated":false,"showLabel":false,"naturalOrder":0,"linkedFields":["Cisco_Hire_Date"],"relatedInfos":[],"references":[]},{"@type":"field","id":12573559,"name":"TerminationDate","type":"nstring","uniqueName":"TerminationDate","label":"TerminationDate","parentObject":"FF_CiscoHR_UsersForNetsuite.csv","pcType":"UNISTRING","precision":255,"scale":0,"columnIndex":12,"isKey":false,"isExternalId":false,"isSfIdLookup":false,"isNullable":true,"isUnique":false,"isCreateable":false,"isUpdateable":true,"isFilterable":true,"isCalculated":false,"showLabel":false,"naturalOrder":0,"linkedFields":["Cisco_Termination_Date"],"relatedInfos":[],"references":[]},{"@type":"field","id":12573560,"name":"BusinessTitle","type":"nstring","uniqueName":"BusinessTitle","label":"BusinessTitle","parentObject":"FF_CiscoHR_UsersForNetsuite.csv","pcType":"UNISTRING","precision":255,"scale":0,"columnIndex":13,"isKey":false,"isExternalId":false,"isSfIdLookup":false,"isNullable":true,"isUnique":false,"isCreateable":false,"isUpdateable":true,"isFilterable":true,"isCalculated":false,"showLabel":false,"naturalOrder":0,"linkedFields":[],"relatedInfos":[],"references":[]},{"@type":"field","id":12573561,"name":"CiscoJobGrade","type":"nstring","uniqueName":"CiscoJobGrade","label":"CiscoJobGrade","parentObject":"FF_CiscoHR_UsersForNetsuite.csv","pcType":"UNISTRING","precision":255,"scale":0,"columnIndex":14,"isKey":false,"isExternalId":false,"isSfIdLookup":false,"isNullable":true,"isUnique":false,"isCreateable":false,"isUpdateable":true,"isFilterable":true,"isCalculated":false,"showLabel":false,"naturalOrder":0,"linkedFields":[],"relatedInfos":[],"references":[]},{"@type":"field","id":12573562,"name":"CiscoEmployeeLevel","type":"nstring","uniqueName":"CiscoEmployeeLevel","label":"CiscoEmployeeLevel","parentObject":"FF_CiscoHR_UsersForNetsuite.csv","pcType":"UNISTRING","precision":255,"scale":0,"columnIndex":15,"isKey":false,"isExternalId":false,"isSfIdLookup":false,"isNullable":true,"isUnique":false,"isCreateable":false,"isUpdateable":true,"isFilterable":true,"isCalculated":false,"showLabel":false,"naturalOrder":0,"linkedFields":[],"relatedInfos":[],"references":[]},{"@type":"field","id":12573563,"name":"ManagerLogin","type":"nstring","uniqueName":"ManagerLogin","label":"ManagerLogin","parentObject":"FF_CiscoHR_UsersForNetsuite.csv","pcType":"UNISTRING","precision":255,"scale":0,"columnIndex":16,"isKey":false,"isExternalId":false,"isSfIdLookup":false,"isNullable":true,"isUnique":false,"isCreateable":false,"isUpdateable":true,"isFilterable":true,"isCalculated":false,"showLabel":false,"naturalOrder":0,"linkedFields":["Cisco_Manager_Login"],"relatedInfos":[],"references":[]},{"@type":"field","id":12573564,"name":"TransactionEffectiveDate","type":"nstring","uniqueName":"TransactionEffectiveDate","label":"TransactionEffectiveDate","parentObject":"FF_CiscoHR_UsersForNetsuite.csv","pcType":"UNISTRING","precision":255,"scale":0,"columnIndex":17,"isKey":false,"isExternalId":false,"isSfIdLookup":false,"isNullable":true,"isUnique":false,"isCreateable":false,"isUpdateable":true,"isFilterable":true,"isCalculated":false,"showLabel":false,"naturalOrder":0,"linkedFields":["Cisco_Effective_Date"],"relatedInfos":[],"references":[]},{"@type":"field","id":12573565,"name":"BaseSalary","type":"nstring","uniqueName":"BaseSalary","label":"BaseSalary","parentObject":"FF_CiscoHR_UsersForNetsuite.csv","pcType":"UNISTRING","precision":255,"scale":0,"columnIndex":18,"isKey":false,"isExternalId":false,"isSfIdLookup":false,"isNullable":true,"isUnique":false,"isCreateable":false,"isUpdateable":true,"isFilterable":true,"isCalculated":false,"showLabel":false,"naturalOrder":0,"linkedFields":[],"relatedInfos":[],"references":[]},{"@type":"field","id":12573566,"name":"UserStatus","type":"nstring","uniqueName":"UserStatus","label":"UserStatus","parentObject":"FF_CiscoHR_UsersForNetsuite.csv","pcType":"UNISTRING","precision":255,"scale":0,"columnIndex":19,"isKey":false,"isExternalId":false,"isSfIdLookup":false,"isNullable":true,"isUnique":false,"isCreateable":false,"isUpdateable":true,"isFilterable":true,"isCalculated":false,"showLabel":false,"naturalOrder":0,"linkedFields":["Cisco_User_Status"],"relatedInfos":[],"references":[]},{"@type":"field","id":12573567,"name":"DefaultCurrency","type":"nstring","uniqueName":"DefaultCurrency","label":"DefaultCurrency","parentObject":"FF_CiscoHR_UsersForNetsuite.csv","pcType":"UNISTRING","precision":255,"scale":0,"columnIndex":20,"isKey":false,"isExternalId":false,"isSfIdLookup":false,"isNullable":true,"isUnique":false,"isCreateable":false,"isUpdateable":true,"isFilterable":true,"isCalculated":false,"showLabel":false,"naturalOrder":0,"linkedFields":[],"relatedInfos":[],"references":[]},{"@type":"field","id":12573568,"name":"JobTitle","type":"nstring","uniqueName":"JobTitle","label":"JobTitle","parentObject":"FF_CiscoHR_UsersForNetsuite.csv","pcType":"UNISTRING","precision":255,"scale":0,"columnIndex":21,"isKey":false,"isExternalId":false,"isSfIdLookup":false,"isNullable":true,"isUnique":false,"isCreateable":false,"isUpdateable":true,"isFilterable":true,"isCalculated":false,"showLabel":false,"naturalOrder":0,"linkedFields":[],"relatedInfos":[],"references":[]},{"@type":"field","id":12573569,"name":"Location","type":"nstring","uniqueName":"Location","label":"Location","parentObject":"FF_CiscoHR_UsersForNetsuite.csv","pcType":"UNISTRING","precision":255,"scale":0,"columnIndex":22,"isKey":false,"isExternalId":false,"isSfIdLookup":false,"isNullable":true,"isUnique":false,"isCreateable":false,"isUpdateable":true,"isFilterable":true,"isCalculated":false,"showLabel":false,"naturalOrder":0,"linkedFields":[],"relatedInfos":[],"references":[]},{"@type":"field","id":12573570,"name":"WorkerType","type":"nstring","uniqueName":"WorkerType","label":"WorkerType","parentObject":"FF_CiscoHR_UsersForNetsuite.csv","pcType":"UNISTRING","precision":255,"scale":0,"columnIndex":23,"isKey":false,"isExternalId":false,"isSfIdLookup":false,"isNullable":true,"isUnique":false,"isCreateable":false,"isUpdateable":true,"isFilterable":true,"isCalculated":false,"showLabel":false,"naturalOrder":0,"linkedFields":["Cisco_Worker_Type"],"relatedInfos":[],"references":[]},{"@type":"field","id":12573571,"name":"AcquisitionHireDate","type":"nstring","uniqueName":"AcquisitionHireDate","label":"AcquisitionHireDate","parentObject":"FF_CiscoHR_UsersForNetsuite.csv","pcType":"UNISTRING","precision":255,"scale":0,"columnIndex":24,"isKey":false,"isExternalId":false,"isSfIdLookup":false,"isNullable":true,"isUnique":false,"isCreateable":false,"isUpdateable":true,"isFilterable":true,"isCalculated":false,"showLabel":false,"naturalOrder":0,"linkedFields":[],"relatedInfos":[],"references":[]},{"@type":"field","id":12573572,"name":"CiscoJobTitle","type":"nstring","uniqueName":"CiscoJobTitle","label":"CiscoJobTitle","parentObject":"FF_CiscoHR_UsersForNetsuite.csv","pcType":"UNISTRING","precision":255,"scale":0,"columnIndex":25,"isKey":false,"isExternalId":false,"isSfIdLookup":false,"isNullable":true,"isUnique":false,"isCreateable":false,"isUpdateable":true,"isFilterable":true,"isCalculated":false,"showLabel":false,"naturalOrder":0,"linkedFields":[],"relatedInfos":[],"references":[]},{"@type":"field","id":12573573,"name":"CiscoJobTitlePublic","type":"nstring","uniqueName":"CiscoJobTitlePublic","label":"CiscoJobTitlePublic","parentObject":"FF_CiscoHR_UsersForNetsuite.csv","pcType":"UNISTRING","precision":255,"scale":0,"columnIndex":26,"isKey":false,"isExternalId":false,"isSfIdLookup":false,"isNullable":true,"isUnique":false,"isCreateable":false,"isUpdateable":true,"isFilterable":true,"isCalculated":false,"showLabel":false,"naturalOrder":0,"linkedFields":[],"relatedInfos":[],"references":[]},{"@type":"field","id":12573574,"name":"WorkCountry","type":"nstring","uniqueName":"WorkCountry","label":"WorkCountry","parentObject":"FF_CiscoHR_UsersForNetsuite.csv","pcType":"UNISTRING","precision":255,"scale":0,"columnIndex":27,"isKey":false,"isExternalId":false,"isSfIdLookup":false,"isNullable":true,"isUnique":false,"isCreateable":false,"isUpdateable":true,"isFilterable":true,"isCalculated":false,"showLabel":false,"naturalOrder":0,"linkedFields":["Cisco_Work_Country"],"relatedInfos":[],"references":[]},{"@type":"field","id":12573575,"name":"WorkLocationCity","type":"nstring","uniqueName":"WorkLocationCity","label":"WorkLocationCity","parentObject":"FF_CiscoHR_UsersForNetsuite.csv","pcType":"UNISTRING","precision":255,"scale":0,"columnIndex":28,"isKey":false,"isExternalId":false,"isSfIdLookup":false,"isNullable":true,"isUnique":false,"isCreateable":false,"isUpdateable":true,"isFilterable":true,"isCalculated":false,"showLabel":false,"naturalOrder":0,"linkedFields":["Cisco_Work_Location_City"],"relatedInfos":[],"references":[]},{"@type":"field","id":12573576,"name":"HRWorkRegion","type":"nstring","uniqueName":"HRWorkRegion","label":"HRWorkRegion","parentObject":"FF_CiscoHR_UsersForNetsuite.csv","pcType":"UNISTRING","precision":255,"scale":0,"columnIndex":29,"isKey":false,"isExternalId":false,"isSfIdLookup":false,"isNullable":true,"isUnique":false,"isCreateable":false,"isUpdateable":true,"isFilterable":true,"isCalculated":false,"showLabel":false,"naturalOrder":0,"linkedFields":[],"relatedInfos":[],"references":[]},{"@type":"field","id":12573577,"name":"HRWorkState","type":"nstring","uniqueName":"HRWorkState","label":"HRWorkState","parentObject":"FF_CiscoHR_UsersForNetsuite.csv","pcType":"UNISTRING","precision":255,"scale":0,"columnIndex":30,"isKey":false,"isExternalId":false,"isSfIdLookup":false,"isNullable":true,"isUnique":false,"isCreateable":false,"isUpdateable":true,"isFilterable":true,"isCalculated":false,"showLabel":false,"naturalOrder":0,"linkedFields":[],"relatedInfos":[],"references":[]},{"@type":"field","id":12573578,"name":"StatusCode","type":"nstring","uniqueName":"StatusCode","label":"StatusCode","parentObject":"FF_CiscoHR_UsersForNetsuite.csv","pcType":"UNISTRING","precision":255,"scale":0,"columnIndex":31,"isKey":false,"isExternalId":false,"isSfIdLookup":false,"isNullable":true,"isUnique":false,"isCreateable":false,"isUpdateable":true,"isFilterable":true,"isCalculated":false,"showLabel":false,"naturalOrder":0,"linkedFields":["Cisco_User_Status_Desc"],"relatedInfos":[],"references":[]},{"@type":"field","id":12573579,"name":"TransferDateFromCiscoToAppD","type":"nstring","uniqueName":"TransferDateFromCiscoToAppD","label":"TransferDateFromCiscoToAppD","parentObject":"FF_CiscoHR_UsersForNetsuite.csv","pcType":"UNISTRING","precision":255,"scale":0,"columnIndex":32,"isKey":false,"isExternalId":false,"isSfIdLookup":false,"isNullable":true,"isUnique":false,"isCreateable":false,"isUpdateable":true,"isFilterable":true,"isCalculated":false,"showLabel":false,"naturalOrder":0,"linkedFields":[],"relatedInfos":[],"references":[]},{"@type":"field","id":12573580,"name":"WorkCategory","type":"nstring","uniqueName":"WorkCategory","label":"WorkCategory","parentObject":"FF_CiscoHR_UsersForNetsuite.csv","pcType":"UNISTRING","precision":255,"scale":0,"columnIndex":33,"isKey":false,"isExternalId":false,"isSfIdLookup":false,"isNullable":true,"isUnique":false,"isCreateable":false,"isUpdateable":true,"isFilterable":true,"isCalculated":false,"showLabel":false,"naturalOrder":0,"linkedFields":[],"relatedInfos":[],"references":[]},{"@type":"field","id":12573581,"name":"PreferredJobTitle","type":"nstring","uniqueName":"PreferredJobTitle","label":"PreferredJobTitle","parentObject":"FF_CiscoHR_UsersForNetsuite.csv","pcType":"UNISTRING","precision":255,"scale":0,"columnIndex":34,"isKey":false,"isExternalId":false,"isSfIdLookup":false,"isNullable":true,"isUnique":false,"isCreateable":false,"isUpdateable":true,"isFilterable":true,"isCalculated":false,"showLabel":false,"naturalOrder":0,"linkedFields":[],"relatedInfos":[],"references":[]},{"@type":"field","id":12573582,"name":"WorkLocationType","type":"nstring","uniqueName":"WorkLocationType","label":"WorkLocationType","parentObject":"FF_CiscoHR_UsersForNetsuite.csv","pcType":"UNISTRING","precision":255,"scale":0,"columnIndex":35,"isKey":false,"isExternalId":false,"isSfIdLookup":false,"isNullable":true,"isUnique":false,"isCreateable":false,"isUpdateable":true,"isFilterable":true,"isCalculated":false,"showLabel":false,"naturalOrder":0,"linkedFields":["Cisco_Work_Location_Type"],"relatedInfos":[],"references":[]},{"@type":"field","id":12573583,"name":"GenericWorkLocation","type":"nstring","uniqueName":"GenericWorkLocation","label":"GenericWorkLocation","parentObject":"FF_CiscoHR_UsersForNetsuite.csv","pcType":"UNISTRING","precision":255,"scale":0,"columnIndex":36,"isKey":false,"isExternalId":false,"isSfIdLookup":false,"isNullable":true,"isUnique":false,"isCreateable":false,"isUpdateable":true,"isFilterable":true,"isCalculated":false,"showLabel":false,"naturalOrder":0,"linkedFields":[],"relatedInfos":[],"references":[]},{"@type":"field","id":12573584,"name":"RehireFlag","type":"nstring","uniqueName":"RehireFlag","label":"RehireFlag","parentObject":"FF_CiscoHR_UsersForNetsuite.csv","pcType":"UNISTRING","precision":255,"scale":0,"columnIndex":37,"isKey":false,"isExternalId":false,"isSfIdLookup":false,"isNullable":true,"isUnique":false,"isCreateable":false,"isUpdateable":true,"isFilterable":true,"isCalculated":false,"showLabel":false,"naturalOrder":0,"linkedFields":[],"relatedInfos":[],"references":[]},{"@type":"field","id":12573585,"name":"RemoteWorker","type":"nstring","uniqueName":"RemoteWorker","label":"RemoteWorker","parentObject":"FF_CiscoHR_UsersForNetsuite.csv","pcType":"UNISTRING","precision":255,"scale":0,"columnIndex":38,"isKey":false,"isExternalId":false,"isSfIdLookup":false,"isNullable":true,"isUnique":false,"isCreateable":false,"isUpdateable":true,"isFilterable":true,"isCalculated":false,"showLabel":false,"naturalOrder":0,"linkedFields":[],"relatedInfos":[],"references":[]}],"sortFields":[],"groupFields":[]}]