[{"@type":"mappingTemplate","id":"@1","name":"m_Netsuite_To_RevProFile_LoadTransactions_Invoice_UpdateExportedFlag","description":"","bundleVersion":"0","templateId":"@3","deployTime":1617235660000,"hasParameters":false,"valid":true,"fixedConnection":true,"hasParametersDeployed":false,"fixedConnectionDeployed":true,"tasks":1,"mappingPreviewFileRecordId":"@2","documentType":"","references":[{"@type":"reference","refObjectId":"@8Qp1Vvtik7ejRmnNM3lSiT","refType":"connection"},{"@type":"reference","refObjectId":"@b3U4nPCAkmZgKaHvUiQ8w2","refType":"connection"}]}]