[{"@type":"workflow","id":"@1","name":"TF_FF_SFDC_Account_Normalized_Industry_Update","maxLogs":10,"references":[{"@type":"reference","refObjectId":"@j0a9QDKteIzkNoxBHgo6wV","refType":"mtTask"},{"@type":"reference","refObjectId":"@fT1MzM1A6gTc3lDTTeguyt","refType":"mtTask"}],"tasks":[{"@type":"workflowTask","taskId":"@j0a9QDKteIzkNoxBHgo6wV","type":"MTT","name":"mct_FF_SFDC_Account_Normalized_Industry_File_Update","stopOnError":true,"stopOnWarning":true},{"@type":"workflowTask","taskId":"@fT1MzM1A6gTc3lDTTeguyt","type":"MTT","name":"mct_FF_SFDC_Account_Normalized_Industry_Field_Update","stopOnError":true,"stopOnWarning":true}]}]