[{"@type":"dssTask","id":"@1","name":"DSS_Invoice_Ok2Pay_10_VendorCredit_CoupaSourceFile_To_NS_SuccessFile","description":"","maxLogs":10,"sourceConnectionId":"@6ey2Cmo3PaHcsThnJ0TYui","targetConnectionId":"@6ey2Cmo3PaHcsThnJ0TYui","targetObject":"FF_InvoiceOk2Pay_UpdateCoupa.csv","targetObjectLabel":"FF_InvoiceOk2Pay_UpdateCoupa.csv","targetChildObjectLabel":"","operation":"Insert","maxRows":0,"truncateTarget":false,"bulkApiDBTarget":false,"verbose":false,"srcFlatFileAttrs":{"@type":"flatFileAttrs","id":44315,"delimiter":",","textQualifier":"\"","escapeChar":"","headerLineNo":1,"firstDataRow":2},"tgtFlatFileAttrs":{"@type":"flatFileAttrs","id":44316,"delimiter":",","textQualifier":"\"","escapeChar":"","headerLineNo":1,"firstDataRow":2},"targetMetadataUpdated":false,"modelVersion":"V3-R600","queryAll":false,"srcSettings":{"@type":"taskDataSourceSetting","isShowLabels":false,"isNaturalOrder":true},"tgtSettings":{"@type":"taskDataSourceSetting","isShowLabels":false,"isNaturalOrder":true},"cfSettings":{"@type":"taskDataSourceSetting","isShowLabels":false,"isNaturalOrder":true},"bulkApi":false,"bulkApiSerialMode":false,"bulkApiMonitor":false,"isTargetObjectSfCustom":false,"allowNullUpdates":false,"targetBatchSize":200,"assignmentRuleId":"-1","assignmentRuleType":"None","createSuccessFile":false,"bulkApiHardDelete":false,"srcRuntimeAttrs":{"@type":"taskRuntimeAttrs","attrs":{}},"tgtRuntimeAttrs":{"@type":"taskRuntimeAttrs","attrs":{}},"sourceObjects":[{"@type":"mObject","name":"FF_InvoiceOk2Pay_FromCoupa.csv","label":"FF_InvoiceOk2Pay_FromCoupa.csv","metadataUpdated":false,"relations":[],"children":[]}],"advancedFilters":[{"@type":"advancedFilter","id":"4490","objectName":"FF_InvoiceOk2Pay_FromCoupa.csv","objectLabel":"FF_InvoiceOk2Pay_FromCoupa.csv","expression":"VendorBill_or_VendorCredit = 'VendorCredit'  AND  Header_supplier_number = SupplierLookup_forSecondCheck"}],"filters":[],"fieldMaps":[{"@type":"fieldMap","id":"955380","targetField":{"@type":"field","id":2351514,"name":"VendorBill_or_VendorCredit","type":"nstring","uniqueName":"VendorBill_or_VendorCredit","label":"VendorBill_or_VendorCredit","parentObject":"FF_InvoiceOk2Pay_UpdateCoupa.csv","pcType":"UNISTRING","precision":255,"scale":0,"columnIndex":0,"isKey":false,"isExternalId":false,"isSfIdLookup":false,"isNullable":true,"isUnique":false,"isCreateable":false,"isUpdateable":true,"isFilterable":true,"isCalculated":false,"showLabel":false,"naturalOrder":0,"linkedFields":["VendorBill_or_VendorCredit"],"relatedInfos":[],"references":[]},"expression":"VendorBill_or_VendorCredit"},{"@type":"fieldMap","id":"955381","targetField":{"@type":"field","id":2351515,"name":"HeaderExternalId_CoupaInvoiceId","type":"nstring","uniqueName":"HeaderExternalId_CoupaInvoiceId","label":"HeaderExternalId_CoupaInvoiceId","parentObject":"FF_InvoiceOk2Pay_UpdateCoupa.csv","pcType":"UNISTRING","precision":255,"scale":0,"columnIndex":1,"isKey":false,"isExternalId":false,"isSfIdLookup":false,"isNullable":true,"isUnique":false,"isCreateable":false,"isUpdateable":true,"isFilterable":true,"isCalculated":false,"showLabel":false,"naturalOrder":0,"linkedFields":["Header_externalId"],"relatedInfos":[],"references":[]},"expression":"replacestr(0, Header_externalId, 'coupa-credit-', '')"},{"@type":"fieldMap","id":"955382","targetField":{"@type":"field","id":2351516,"name":"NS_Load_Success","type":"nstring","uniqueName":"NS_Load_Success","label":"NS_Load_Success","parentObject":"FF_InvoiceOk2Pay_UpdateCoupa.csv","pcType":"UNISTRING","precision":255,"scale":0,"columnIndex":2,"isKey":false,"isExternalId":false,"isSfIdLookup":false,"isNullable":true,"isUnique":false,"isCreateable":false,"isUpdateable":true,"isFilterable":true,"isCalculated":false,"showLabel":false,"naturalOrder":0,"linkedFields":["Header_externalId"],"relatedInfos":[],"references":[]},"expression":"IIF(ISNULL($OutputField), '0', '1')","lookup":{"@type":"lookup","id":"4890","connectionId":"@6v5yFAYiiHodxFprcYIEmT","object":"FF_Coupa_CreditMemo_Ok2Pay_Success.csv","objectLabel":"FF_Coupa_CreditMemo_Ok2Pay_Success.csv","outputField":{"@type":"field","id":2351517,"name":"VendorCredit_externalId","type":"nstring","uniqueName":"VendorCredit_externalId","label":"VendorCredit_externalId","parentObject":"FF_Coupa_CreditMemo_Ok2Pay_Success.csv","pcType":"UNISTRING","precision":255,"scale":0,"columnIndex":19,"isKey":false,"isExternalId":false,"isSfIdLookup":false,"isNullable":true,"isUnique":false,"isCreateable":false,"isUpdateable":true,"isFilterable":true,"isCalculated":false,"showLabel":true,"naturalOrder":0,"linkedFields":[],"relatedInfos":[],"references":[]},"multiplicityError":false,"settings":{"@type":"taskDataSourceSetting","isShowLabels":false,"isNaturalOrder":true},"objectRelations":[{"@type":"objectRelationExt","object1":"FF_InvoiceOk2Pay_FromCoupa.csv","object2":"FF_Coupa_CreditMemo_Ok2Pay_Success.csv","field1":{"@type":"field","id":2351518,"name":"Header_externalId","type":"nstring","uniqueName":"Header_externalId","label":"Header_externalId","parentObject":"FF_InvoiceOk2Pay_FromCoupa.csv","pcType":"UNISTRING","precision":255,"scale":0,"columnIndex":2,"isKey":false,"isExternalId":false,"isSfIdLookup":false,"isNullable":true,"isUnique":false,"isCreateable":false,"isUpdateable":true,"isFilterable":true,"isCalculated":false,"showLabel":true,"naturalOrder":0,"linkedFields":[],"relatedInfos":[],"references":[]},"field2":{"@type":"field","id":2351519,"name":"VendorCredit_externalId","type":"string","uniqueName":"VendorCredit_externalId","label":"VendorCredit_externalId","parentObject":"FF_Coupa_CreditMemo_Ok2Pay_Success.csv","pcType":"STRING","precision":255,"scale":0,"columnIndex":19,"isKey":false,"isExternalId":false,"isSfIdLookup":false,"isNullable":true,"isUnique":false,"isCreateable":false,"isUpdateable":true,"isFilterable":true,"isCalculated":false,"showLabel":true,"naturalOrder":0,"linkedFields":[],"relatedInfos":[],"references":[]}}]}},{"@type":"fieldMap","id":"955383","targetField":{"@type":"field","id":2351520,"name":"NS_Load_ErrorMessage","type":"nstring","uniqueName":"NS_Load_ErrorMessage","label":"NS_Load_ErrorMessage","parentObject":"FF_InvoiceOk2Pay_UpdateCoupa.csv","pcType":"UNISTRING","precision":255,"scale":0,"columnIndex":3,"isKey":false,"isExternalId":false,"isSfIdLookup":false,"isNullable":true,"isUnique":false,"isCreateable":false,"isUpdateable":true,"isFilterable":true,"isCalculated":false,"showLabel":false,"naturalOrder":0,"linkedFields":["Header_externalId"],"relatedInfos":[],"references":[]},"expression":"IIF(ISNULL($OutputField), ' ', $OutputField)","lookup":{"@type":"lookup","id":"4891","connectionId":"@9RFdb57TvJgjePKEGgkzK6","object":"FF_Coupa_CreditMemo_Ok2Pay_Errors.csv","objectLabel":"FF_Coupa_CreditMemo_Ok2Pay_Errors.csv","outputField":{"@type":"field","id":2351521,"name":"Error_Message","type":"nstring","uniqueName":"Error_Message","label":"Error_Message","parentObject":"FF_Coupa_CreditMemo_Ok2Pay_Errors.csv","pcType":"UNISTRING","precision":255,"scale":0,"columnIndex":21,"isKey":false,"isExternalId":false,"isSfIdLookup":false,"isNullable":true,"isUnique":false,"isCreateable":false,"isUpdateable":true,"isFilterable":true,"isCalculated":false,"showLabel":true,"naturalOrder":0,"linkedFields":[],"relatedInfos":[],"references":[]},"multiplicityError":false,"settings":{"@type":"taskDataSourceSetting","isShowLabels":false,"isNaturalOrder":true},"objectRelations":[{"@type":"objectRelationExt","object1":"FF_InvoiceOk2Pay_FromCoupa.csv","object2":"FF_Coupa_CreditMemo_Ok2Pay_Errors.csv","field1":{"@type":"field","id":2351522,"name":"Header_externalId","type":"nstring","uniqueName":"Header_externalId","label":"Header_externalId","parentObject":"FF_InvoiceOk2Pay_FromCoupa.csv","pcType":"UNISTRING","precision":255,"scale":0,"columnIndex":2,"isKey":false,"isExternalId":false,"isSfIdLookup":false,"isNullable":true,"isUnique":false,"isCreateable":false,"isUpdateable":true,"isFilterable":true,"isCalculated":false,"showLabel":true,"naturalOrder":0,"linkedFields":[],"relatedInfos":[],"references":[]},"field2":{"@type":"field","id":2351523,"name":"VendorCredit_externalId","type":"string","uniqueName":"VendorCredit_externalId","label":"VendorCredit_externalId","parentObject":"FF_Coupa_CreditMemo_Ok2Pay_Errors.csv","pcType":"STRING","precision":255,"scale":0,"columnIndex":19,"isKey":false,"isExternalId":false,"isSfIdLookup":false,"isNullable":true,"isUnique":false,"isCreateable":false,"isUpdateable":true,"isFilterable":true,"isCalculated":false,"showLabel":true,"naturalOrder":0,"linkedFields":[],"relatedInfos":[],"references":[]}}]}}],"sourceFields":[{"@type":"field","id":2351524,"name":"XPK_INFA_Coupa","type":"nstring","uniqueName":"XPK_INFA_Coupa","label":"XPK_INFA_Coupa","parentObject":"FF_InvoiceOk2Pay_FromCoupa.csv","pcType":"UNISTRING","precision":255,"scale":0,"columnIndex":0,"isKey":false,"isExternalId":false,"isSfIdLookup":false,"isNullable":true,"isUnique":false,"isCreateable":false,"isUpdateable":true,"isFilterable":true,"isCalculated":false,"showLabel":false,"naturalOrder":0,"linkedFields":[],"relatedInfos":[],"references":[]},{"@type":"field","id":2351525,"name":"VendorBill_or_VendorCredit","type":"nstring","uniqueName":"VendorBill_or_VendorCredit","label":"VendorBill_or_VendorCredit","parentObject":"FF_InvoiceOk2Pay_FromCoupa.csv","pcType":"UNISTRING","precision":255,"scale":0,"columnIndex":1,"isKey":false,"isExternalId":false,"isSfIdLookup":false,"isNullable":true,"isUnique":false,"isCreateable":false,"isUpdateable":true,"isFilterable":true,"isCalculated":false,"showLabel":false,"naturalOrder":0,"linkedFields":["VendorBill_or_VendorCredit"],"relatedInfos":[],"references":[]},{"@type":"field","id":2351526,"name":"Header_externalId","type":"nstring","uniqueName":"Header_externalId","label":"Header_externalId","parentObject":"FF_InvoiceOk2Pay_FromCoupa.csv","pcType":"UNISTRING","precision":255,"scale":0,"columnIndex":2,"isKey":false,"isExternalId":false,"isSfIdLookup":false,"isNullable":true,"isUnique":false,"isCreateable":false,"isUpdateable":true,"isFilterable":true,"isCalculated":false,"showLabel":false,"naturalOrder":0,"linkedFields":["HeaderExternalId_CoupaInvoiceId","NS_Load_Success","NS_Load_ErrorMessage"],"relatedInfos":[],"references":[]},{"@type":"field","id":2351527,"name":"Header_memo","type":"nstring","uniqueName":"Header_memo","label":"Header_memo","parentObject":"FF_InvoiceOk2Pay_FromCoupa.csv","pcType":"UNISTRING","precision":255,"scale":0,"columnIndex":3,"isKey":false,"isExternalId":false,"isSfIdLookup":false,"isNullable":true,"isUnique":false,"isCreateable":false,"isUpdateable":true,"isFilterable":true,"isCalculated":false,"showLabel":false,"naturalOrder":0,"linkedFields":[],"relatedInfos":[],"references":[]},{"@type":"field","id":2351528,"name":"Header_trandate","type":"nstring","uniqueName":"Header_trandate","label":"Header_trandate","parentObject":"FF_InvoiceOk2Pay_FromCoupa.csv","pcType":"UNISTRING","precision":255,"scale":0,"columnIndex":4,"isKey":false,"isExternalId":false,"isSfIdLookup":false,"isNullable":true,"isUnique":false,"isCreateable":false,"isUpdateable":true,"isFilterable":true,"isCalculated":false,"showLabel":false,"naturalOrder":0,"linkedFields":[],"relatedInfos":[],"references":[]},{"@type":"field","id":2351529,"name":"Header_tranid","type":"nstring","uniqueName":"Header_tranid","label":"Header_tranid","parentObject":"FF_InvoiceOk2Pay_FromCoupa.csv","pcType":"UNISTRING","precision":255,"scale":0,"columnIndex":5,"isKey":false,"isExternalId":false,"isSfIdLookup":false,"isNullable":true,"isUnique":false,"isCreateable":false,"isUpdateable":true,"isFilterable":true,"isCalculated":false,"showLabel":false,"naturalOrder":0,"linkedFields":[],"relatedInfos":[],"references":[]},{"@type":"field","id":2351530,"name":"Header_VendorCredit_tranid","type":"nstring","uniqueName":"Header_VendorCredit_tranid","label":"Header_VendorCredit_tranid","parentObject":"FF_InvoiceOk2Pay_FromCoupa.csv","pcType":"UNISTRING","precision":255,"scale":0,"columnIndex":6,"isKey":false,"isExternalId":false,"isSfIdLookup":false,"isNullable":true,"isUnique":false,"isCreateable":false,"isUpdateable":true,"isFilterable":true,"isCalculated":false,"showLabel":false,"naturalOrder":0,"linkedFields":[],"relatedInfos":[],"references":[]},{"@type":"field","id":2351531,"name":"Header_duedate","type":"nstring","uniqueName":"Header_duedate","label":"Header_duedate","parentObject":"FF_InvoiceOk2Pay_FromCoupa.csv","pcType":"UNISTRING","precision":255,"scale":0,"columnIndex":7,"isKey":false,"isExternalId":false,"isSfIdLookup":false,"isNullable":true,"isUnique":false,"isCreateable":false,"isUpdateable":true,"isFilterable":true,"isCalculated":false,"showLabel":false,"naturalOrder":0,"linkedFields":[],"relatedInfos":[],"references":[]},{"@type":"field","id":2351532,"name":"Header_currency_name","type":"nstring","uniqueName":"Header_currency_name","label":"Header_currency_name","parentObject":"FF_InvoiceOk2Pay_FromCoupa.csv","pcType":"UNISTRING","precision":255,"scale":0,"columnIndex":8,"isKey":false,"isExternalId":false,"isSfIdLookup":false,"isNullable":true,"isUnique":false,"isCreateable":false,"isUpdateable":true,"isFilterable":true,"isCalculated":false,"showLabel":false,"naturalOrder":0,"linkedFields":[],"relatedInfos":[],"references":[]},{"@type":"field","id":2351533,"name":"Header_approvalstatus_name","type":"nstring","uniqueName":"Header_approvalstatus_name","label":"Header_approvalstatus_name","parentObject":"FF_InvoiceOk2Pay_FromCoupa.csv","pcType":"UNISTRING","precision":255,"scale":0,"columnIndex":9,"isKey":false,"isExternalId":false,"isSfIdLookup":false,"isNullable":true,"isUnique":false,"isCreateable":false,"isUpdateable":true,"isFilterable":true,"isCalculated":false,"showLabel":false,"naturalOrder":0,"linkedFields":[],"relatedInfos":[],"references":[]},{"@type":"field","id":2351534,"name":"Header_supplier_number","type":"nstring","uniqueName":"Header_supplier_number","label":"Header_supplier_number","parentObject":"FF_InvoiceOk2Pay_FromCoupa.csv","pcType":"UNISTRING","precision":255,"scale":0,"columnIndex":10,"isKey":false,"isExternalId":false,"isSfIdLookup":false,"isNullable":true,"isUnique":false,"isCreateable":false,"isUpdateable":true,"isFilterable":true,"isCalculated":false,"showLabel":false,"naturalOrder":0,"linkedFields":[],"relatedInfos":[],"references":[]},{"@type":"field","id":2351535,"name":"Header_account_name","type":"nstring","uniqueName":"Header_account_name","label":"Header_account_name","parentObject":"FF_InvoiceOk2Pay_FromCoupa.csv","pcType":"UNISTRING","precision":255,"scale":0,"columnIndex":11,"isKey":false,"isExternalId":false,"isSfIdLookup":false,"isNullable":true,"isUnique":false,"isCreateable":false,"isUpdateable":true,"isFilterable":true,"isCalculated":false,"showLabel":false,"naturalOrder":0,"linkedFields":[],"relatedInfos":[],"references":[]},{"@type":"field","id":2351536,"name":"Header_subsidiary_name","type":"nstring","uniqueName":"Header_subsidiary_name","label":"Header_subsidiary_name","parentObject":"FF_InvoiceOk2Pay_FromCoupa.csv","pcType":"UNISTRING","precision":255,"scale":0,"columnIndex":12,"isKey":false,"isExternalId":false,"isSfIdLookup":false,"isNullable":true,"isUnique":false,"isCreateable":false,"isUpdateable":true,"isFilterable":true,"isCalculated":false,"showLabel":false,"naturalOrder":0,"linkedFields":[],"relatedInfos":[],"references":[]},{"@type":"field","id":2351537,"name":"Header_usertotal","type":"nstring","uniqueName":"Header_usertotal","label":"Header_usertotal","parentObject":"FF_InvoiceOk2Pay_FromCoupa.csv","pcType":"UNISTRING","precision":255,"scale":0,"columnIndex":13,"isKey":false,"isExternalId":false,"isSfIdLookup":false,"isNullable":true,"isUnique":false,"isCreateable":false,"isUpdateable":true,"isFilterable":true,"isCalculated":false,"showLabel":false,"naturalOrder":0,"linkedFields":[],"relatedInfos":[],"references":[]},{"@type":"field","id":2351538,"name":"Header_taxtotal","type":"nstring","uniqueName":"Header_taxtotal","label":"Header_taxtotal","parentObject":"FF_InvoiceOk2Pay_FromCoupa.csv","pcType":"UNISTRING","precision":255,"scale":0,"columnIndex":14,"isKey":false,"isExternalId":false,"isSfIdLookup":false,"isNullable":true,"isUnique":false,"isCreateable":false,"isUpdateable":true,"isFilterable":true,"isCalculated":false,"showLabel":false,"naturalOrder":0,"linkedFields":[],"relatedInfos":[],"references":[]},{"@type":"field","id":2351539,"name":"Header_custbody_coupa_invoice_num","type":"nstring","uniqueName":"Header_custbody_coupa_invoice_num","label":"Header_custbody_coupa_invoice_num","parentObject":"FF_InvoiceOk2Pay_FromCoupa.csv","pcType":"UNISTRING","precision":255,"scale":0,"columnIndex":15,"isKey":false,"isExternalId":false,"isSfIdLookup":false,"isNullable":true,"isUnique":false,"isCreateable":false,"isUpdateable":true,"isFilterable":true,"isCalculated":false,"showLabel":false,"naturalOrder":0,"linkedFields":[],"relatedInfos":[],"references":[]},{"@type":"field","id":2351540,"name":"Header_misc_amount","type":"nstring","uniqueName":"Header_misc_amount","label":"Header_misc_amount","parentObject":"FF_InvoiceOk2Pay_FromCoupa.csv","pcType":"UNISTRING","precision":255,"scale":0,"columnIndex":16,"isKey":false,"isExternalId":false,"isSfIdLookup":false,"isNullable":true,"isUnique":false,"isCreateable":false,"isUpdateable":true,"isFilterable":true,"isCalculated":false,"showLabel":false,"naturalOrder":0,"linkedFields":[],"relatedInfos":[],"references":[]},{"@type":"field","id":2351541,"name":"Header_shipping_amount","type":"nstring","uniqueName":"Header_shipping_amount","label":"Header_shipping_amount","parentObject":"FF_InvoiceOk2Pay_FromCoupa.csv","pcType":"UNISTRING","precision":255,"scale":0,"columnIndex":17,"isKey":false,"isExternalId":false,"isSfIdLookup":false,"isNullable":true,"isUnique":false,"isCreateable":false,"isUpdateable":true,"isFilterable":true,"isCalculated":false,"showLabel":false,"naturalOrder":0,"linkedFields":[],"relatedInfos":[],"references":[]},{"@type":"field","id":2351542,"name":"Header_handling_amount","type":"nstring","uniqueName":"Header_handling_amount","label":"Header_handling_amount","parentObject":"FF_InvoiceOk2Pay_FromCoupa.csv","pcType":"UNISTRING","precision":255,"scale":0,"columnIndex":18,"isKey":false,"isExternalId":false,"isSfIdLookup":false,"isNullable":true,"isUnique":false,"isCreateable":false,"isUpdateable":true,"isFilterable":true,"isCalculated":false,"showLabel":false,"naturalOrder":0,"linkedFields":[],"relatedInfos":[],"references":[]},{"@type":"field","id":2351543,"name":"Header_CreatedDate","type":"nstring","uniqueName":"Header_CreatedDate","label":"Header_CreatedDate","parentObject":"FF_InvoiceOk2Pay_FromCoupa.csv","pcType":"UNISTRING","precision":255,"scale":0,"columnIndex":19,"isKey":false,"isExternalId":false,"isSfIdLookup":false,"isNullable":true,"isUnique":false,"isCreateable":false,"isUpdateable":true,"isFilterable":true,"isCalculated":false,"showLabel":false,"naturalOrder":0,"linkedFields":[],"relatedInfos":[],"references":[]},{"@type":"field","id":2351544,"name":"Header_VendorBill_ExistsInNetSuite","type":"nstring","uniqueName":"Header_VendorBill_ExistsInNetSuite","label":"Header_VendorBill_ExistsInNetSuite","parentObject":"FF_InvoiceOk2Pay_FromCoupa.csv","pcType":"UNISTRING","precision":255,"scale":0,"columnIndex":20,"isKey":false,"isExternalId":false,"isSfIdLookup":false,"isNullable":true,"isUnique":false,"isCreateable":false,"isUpdateable":true,"isFilterable":true,"isCalculated":false,"showLabel":false,"naturalOrder":0,"linkedFields":[],"relatedInfos":[],"references":[]},{"@type":"field","id":2351545,"name":"Header_VendorCredit_ExistsInNetSuite","type":"nstring","uniqueName":"Header_VendorCredit_ExistsInNetSuite","label":"Header_VendorCredit_ExistsInNetSuite","parentObject":"FF_InvoiceOk2Pay_FromCoupa.csv","pcType":"UNISTRING","precision":255,"scale":0,"columnIndex":21,"isKey":false,"isExternalId":false,"isSfIdLookup":false,"isNullable":true,"isUnique":false,"isCreateable":false,"isUpdateable":true,"isFilterable":true,"isCalculated":false,"showLabel":false,"naturalOrder":0,"linkedFields":[],"relatedInfos":[],"references":[]},{"@type":"field","id":2351546,"name":"Header_AccountingPeriod_InternalId","type":"nstring","uniqueName":"Header_AccountingPeriod_InternalId","label":"Header_AccountingPeriod_InternalId","parentObject":"FF_InvoiceOk2Pay_FromCoupa.csv","pcType":"UNISTRING","precision":255,"scale":0,"columnIndex":22,"isKey":false,"isExternalId":false,"isSfIdLookup":false,"isNullable":true,"isUnique":false,"isCreateable":false,"isUpdateable":true,"isFilterable":true,"isCalculated":false,"showLabel":false,"naturalOrder":0,"linkedFields":[],"relatedInfos":[],"references":[]},{"@type":"field","id":2351547,"name":"LineItem_CoupaLineId","type":"nstring","uniqueName":"LineItem_CoupaLineId","label":"LineItem_CoupaLineId","parentObject":"FF_InvoiceOk2Pay_FromCoupa.csv","pcType":"UNISTRING","precision":255,"scale":0,"columnIndex":23,"isKey":false,"isExternalId":false,"isSfIdLookup":false,"isNullable":true,"isUnique":false,"isCreateable":false,"isUpdateable":true,"isFilterable":true,"isCalculated":false,"showLabel":false,"naturalOrder":0,"linkedFields":[],"relatedInfos":[],"references":[]},{"@type":"field","id":2351548,"name":"LineItem_LineNumber","type":"nstring","uniqueName":"LineItem_LineNumber","label":"LineItem_LineNumber","parentObject":"FF_InvoiceOk2Pay_FromCoupa.csv","pcType":"UNISTRING","precision":255,"scale":0,"columnIndex":24,"isKey":false,"isExternalId":false,"isSfIdLookup":false,"isNullable":true,"isUnique":false,"isCreateable":false,"isUpdateable":true,"isFilterable":true,"isCalculated":false,"showLabel":false,"naturalOrder":0,"linkedFields":[],"relatedInfos":[],"references":[]},{"@type":"field","id":2351549,"name":"LineItem_memo","type":"nstring","uniqueName":"LineItem_memo","label":"LineItem_memo","parentObject":"FF_InvoiceOk2Pay_FromCoupa.csv","pcType":"UNISTRING","precision":255,"scale":0,"columnIndex":25,"isKey":false,"isExternalId":false,"isSfIdLookup":false,"isNullable":true,"isUnique":false,"isCreateable":false,"isUpdateable":true,"isFilterable":true,"isCalculated":false,"showLabel":false,"naturalOrder":0,"linkedFields":[],"relatedInfos":[],"references":[]},{"@type":"field","id":2351550,"name":"LineItem_amount","type":"nstring","uniqueName":"LineItem_amount","label":"LineItem_amount","parentObject":"FF_InvoiceOk2Pay_FromCoupa.csv","pcType":"UNISTRING","precision":255,"scale":0,"columnIndex":26,"isKey":false,"isExternalId":false,"isSfIdLookup":false,"isNullable":true,"isUnique":false,"isCreateable":false,"isUpdateable":true,"isFilterable":true,"isCalculated":false,"showLabel":false,"naturalOrder":0,"linkedFields":[],"relatedInfos":[],"references":[]},{"@type":"field","id":2351551,"name":"LineItem_account_number","type":"nstring","uniqueName":"LineItem_account_number","label":"LineItem_account_number","parentObject":"FF_InvoiceOk2Pay_FromCoupa.csv","pcType":"UNISTRING","precision":255,"scale":0,"columnIndex":27,"isKey":false,"isExternalId":false,"isSfIdLookup":false,"isNullable":true,"isUnique":false,"isCreateable":false,"isUpdateable":true,"isFilterable":true,"isCalculated":false,"showLabel":false,"naturalOrder":0,"linkedFields":[],"relatedInfos":[],"references":[]},{"@type":"field","id":2351552,"name":"LineItem_amortization","type":"nstring","uniqueName":"LineItem_amortization","label":"LineItem_amortization","parentObject":"FF_InvoiceOk2Pay_FromCoupa.csv","pcType":"UNISTRING","precision":255,"scale":0,"columnIndex":28,"isKey":false,"isExternalId":false,"isSfIdLookup":false,"isNullable":true,"isUnique":false,"isCreateable":false,"isUpdateable":true,"isFilterable":true,"isCalculated":false,"showLabel":false,"naturalOrder":0,"linkedFields":[],"relatedInfos":[],"references":[]},{"@type":"field","id":2351553,"name":"LineItem_amortizstartdate","type":"nstring","uniqueName":"LineItem_amortizstartdate","label":"LineItem_amortizstartdate","parentObject":"FF_InvoiceOk2Pay_FromCoupa.csv","pcType":"UNISTRING","precision":255,"scale":0,"columnIndex":29,"isKey":false,"isExternalId":false,"isSfIdLookup":false,"isNullable":true,"isUnique":false,"isCreateable":false,"isUpdateable":true,"isFilterable":true,"isCalculated":false,"showLabel":false,"naturalOrder":0,"linkedFields":[],"relatedInfos":[],"references":[]},{"@type":"field","id":2351554,"name":"LineItem_amortizationenddate","type":"nstring","uniqueName":"LineItem_amortizationenddate","label":"LineItem_amortizationenddate","parentObject":"FF_InvoiceOk2Pay_FromCoupa.csv","pcType":"UNISTRING","precision":255,"scale":0,"columnIndex":30,"isKey":false,"isExternalId":false,"isSfIdLookup":false,"isNullable":true,"isUnique":false,"isCreateable":false,"isUpdateable":true,"isFilterable":true,"isCalculated":false,"showLabel":false,"naturalOrder":0,"linkedFields":[],"relatedInfos":[],"references":[]},{"@type":"field","id":2351555,"name":"LineItem_location_name","type":"nstring","uniqueName":"LineItem_location_name","label":"LineItem_location_name","parentObject":"FF_InvoiceOk2Pay_FromCoupa.csv","pcType":"UNISTRING","precision":255,"scale":0,"columnIndex":31,"isKey":false,"isExternalId":false,"isSfIdLookup":false,"isNullable":true,"isUnique":false,"isCreateable":false,"isUpdateable":true,"isFilterable":true,"isCalculated":false,"showLabel":false,"naturalOrder":0,"linkedFields":[],"relatedInfos":[],"references":[]},{"@type":"field","id":2351556,"name":"LineItem_custcol_po_number","type":"nstring","uniqueName":"LineItem_custcol_po_number","label":"LineItem_custcol_po_number","parentObject":"FF_InvoiceOk2Pay_FromCoupa.csv","pcType":"UNISTRING","precision":255,"scale":0,"columnIndex":32,"isKey":false,"isExternalId":false,"isSfIdLookup":false,"isNullable":true,"isUnique":false,"isCreateable":false,"isUpdateable":true,"isFilterable":true,"isCalculated":false,"showLabel":false,"naturalOrder":0,"linkedFields":[],"relatedInfos":[],"references":[]},{"@type":"field","id":2351557,"name":"LineItem_department_internalid","type":"nstring","uniqueName":"LineItem_department_internalid","label":"LineItem_department_internalid","parentObject":"FF_InvoiceOk2Pay_FromCoupa.csv","pcType":"UNISTRING","precision":255,"scale":0,"columnIndex":33,"isKey":false,"isExternalId":false,"isSfIdLookup":false,"isNullable":true,"isUnique":false,"isCreateable":false,"isUpdateable":true,"isFilterable":true,"isCalculated":false,"showLabel":false,"naturalOrder":0,"linkedFields":[],"relatedInfos":[],"references":[]},{"@type":"field","id":2351558,"name":"SupplierLookup_forSecondCheck","type":"nstring","uniqueName":"SupplierLookup_forSecondCheck","label":"SupplierLookup_forSecondCheck","parentObject":"FF_InvoiceOk2Pay_FromCoupa.csv","pcType":"UNISTRING","precision":255,"scale":0,"columnIndex":34,"isKey":false,"isExternalId":false,"isSfIdLookup":false,"isNullable":true,"isUnique":false,"isCreateable":false,"isUpdateable":true,"isFilterable":true,"isCalculated":false,"showLabel":false,"naturalOrder":0,"linkedFields":[],"relatedInfos":[],"references":[]}],"sortFields":[],"groupFields":[]}]