[{"@type":"workflow","id":"@1","name":"TF_DLS_All_Employees_Updates","errorTaskEmail":{"@type":"taskEmail","id":5884,"emails":"sri.battu@appdynamics.com, keo.zaiger@appdynamics.com, smitha.reddy@appdynamics.com","emailType":"ERROR"},"successTaskEmail":{"@type":"taskEmail","id":5885,"emails":"sri.battu@appdynamics.com","emailType":"SUCCESS"},"warningTaskEmail":{"@type":"taskEmail","id":5886,"emails":"sri.battu@appdynamics.com, keo.zaiger@appdynamics.com, smitha.reddy@appdynamics.com","emailType":"WARNING"},"maxLogs":10,"references":[{"@type":"reference","refObjectId":"@hSksr4eJDEqcvbj3LlBHW6","refType":"mtTask"},{"@type":"reference","refObjectId":"@1HPU8suxtgqdr4qgVCdK0g","refType":"mtTask"}],"tasks":[{"@type":"workflowTask","taskId":"@hSksr4eJDEqcvbj3LlBHW6","type":"MTT","name":"mct_DLS_All_Employees_Deletions","stopOnError":true,"stopOnWarning":true},{"@type":"workflowTask","taskId":"@1HPU8suxtgqdr4qgVCdK0g","type":"MTT","name":"mct_DLS_All_Employees_Additions","stopOnError":true,"stopOnWarning":true}]}]