[{"@type":"workflow","id":"@1","name":"TF_Conversion_SO_RA_ActionDue_Data","errorTaskEmail":{"@type":"taskEmail","id":327143,"emails":"sri.battu@appdynamics.com","emailType":"ERROR"},"successTaskEmail":{"@type":"taskEmail","id":327144,"emails":"sri.battu@appdynamics.com","emailType":"SUCCESS"},"warningTaskEmail":{"@type":"taskEmail","id":327145,"emails":"sri.battu@appdynamics.com","emailType":"WARNING"},"maxLogs":10,"scheduleId":"@2","references":[{"@type":"reference","refObjectId":"@gmMyGY3kekVjlSKCAJt5iU","refType":"mtTask"},{"@type":"reference","refObjectId":"@0kJYMR6wdFxhQr5tgRXe2E","refType":"mtTask"},{"@type":"reference","refObjectId":"@9DjKyeRZlmng5qzujRqogF","refType":"mtTask"},{"@type":"reference","refObjectId":"@5HChURJP1AIfV4s2qV00yr","refType":"mtTask"}],"tasks":[{"@type":"workflowTask","taskId":"@gmMyGY3kekVjlSKCAJt5iU","type":"MTT","name":"mct_Netsuite_Custom_Table_Data_Load_SO_Line_Action_Items_FF","stopOnError":false,"stopOnWarning":false},{"@type":"workflowTask","taskId":"@0kJYMR6wdFxhQr5tgRXe2E","type":"MTT","name":"mct_Netsuite_Custom_Table_Data_Load_SO_Line_Action_Items_AD_FF","stopOnError":false,"stopOnWarning":false},{"@type":"workflowTask","taskId":"@9DjKyeRZlmng5qzujRqogF","type":"MTT","name":"mct_FF_Netsuite_Custom_Table_Data_Load_SO_Line_Action_Items _Update","stopOnError":false,"stopOnWarning":false},{"@type":"workflowTask","taskId":"@5HChURJP1AIfV4s2qV00yr","type":"MTT","name":"mct_FF_Netsuite_Custom_Table_Data_Load_SO_Line_Action_Items","stopOnError":false,"stopOnWarning":false}]}]