[{"@type":"workflow","id":"@1","name":"TF_CIH_Okta_Employee_Csv","errorTaskEmail":{"@type":"taskEmail","id":84271,"emails":"sri.battu@appdynamics.com, keo.zaiger@appdynamics.com, smitha.reddy@appdynamics.com","emailType":"ERROR"},"successTaskEmail":{"@type":"taskEmail","id":84272,"emails":"sri.battu@appdynamics.com","emailType":"SUCCESS"},"warningTaskEmail":{"@type":"taskEmail","id":84273,"emails":"sri.battu@appdynamics.com, keo.zaiger@appdynamics.com, smitha.reddy@appdynamics.com","emailType":"WARNING"},"maxLogs":10,"references":[{"@type":"reference","refObjectId":"@eQSzyrD5fy3jyUcgQaUHgu","refType":"mtTask"}],"tasks":[{"@type":"workflowTask","taskId":"@eQSzyrD5fy3jyUcgQaUHgu","type":"MTT","name":"mct_Okta_To_EC2_Json_File","stopOnError":false,"stopOnWarning":false}]}]