[{"@type":"mappingTemplate","id":"@1","name":"m_SFDC_Contact_Status_Update_Sales_Untouched","description":"This mapping is used to update the status and reason for a Contact when status remains in the Marketing Qualified: Sales Untouched  for longer than 10 or 55 days.","bundleVersion":"0","templateId":"@3","deployTime":1529605050000,"hasParameters":false,"valid":true,"fixedConnection":true,"hasParametersDeployed":false,"fixedConnectionDeployed":true,"tasks":2,"mappingPreviewFileRecordId":"@2","references":[{"@type":"reference","refObjectId":"@2CjV79tAT4nicr3VedQp4y","refType":"connection"}]}]