[{"@type":"mtTask","id":"@1","name":"mct_DLS_Loc_Cntr_Additions","description":"","errorTaskEmail":{"@type":"taskEmail","id":5725,"emails":"sri.battu@appdynamics.com","emailType":"ERROR"},"successTaskEmail":{"@type":"taskEmail","id":5726,"emails":"sri.battu@appdynamics.com","emailType":"SUCCESS"},"warningTaskEmail":{"@type":"taskEmail","id":5727,"emails":"sri.battu@appdynamics.com","emailType":"WARNING"},"runtimeEnvironmentId":"@3qLOIwmEi8HlSgV9ggzWkn","maxLogs":10,"verbose":false,"lastRunTime":1564701398000,"mappingId":"@71KhIh6AbyClVcs4irTf8T","shortDescription":"","sessionProperties":{},"enableCrossSchemaPushdown":false,"parameters":[{"@type":"mtTaskParameter","id":199326,"name":"$src_Loc_Cntr_Additions$","type":"EXTENDED_SOURCE","label":"src_Loc_Cntr_Additions","uiProperties":{"connectionParameterized":"false","isMsrcFilterParameterized":"false","isMsrcSortParameterized":"false","objectParameterized":"false","visible":"false"},"sourceConnectionId":"@9RseCyX0NqsgPU58Naun8Y","newFlatFile":false,"newObject":false,"showBusinessNames":false,"naturalOrder":true,"truncateTarget":false,"bulkApiDBTarget":false,"srcFFAttrs":{"@type":"flatFileAttrs","id":44796,"delimiter":",","textQualifier":"\"","escapeChar":"","headerLineNo":1,"firstDataRow":2},"customFuncCfg":{"@type":"customFuncConfig","id":-1,"connections":[],"inputMap":[],"outputFields":[]},"tgtFieldRefs":{},"targetUpdateColumns":[],"extendedObject":{"@type":"extendedObject","object":{"@type":"mObject","name":"FF_DLS_Loc_Cntr_Current.csv","label":"FF_DLS_Loc_Cntr_Current.csv","metadataUpdated":false,"relations":[],"children":[]},"filters":[],"sortFields":[]},"runtimeAttrs":{},"isRESTModernSource":true,"isFileList":false,"handleSpecialChars":false,"frsAsset":false,"fetchMode":"ORIGINAL","tgtObjectAttributes":{},"runtimeParameterData":{"@type":"mtTaskRuntimeParameterData","isConnectionRuntimeParameter":false,"isObjectRuntimeParameter":false},"overriddenFields":[]},{"@type":"mtTaskParameter","id":199327,"name":"$tgt_Loc_Emp_Additions$","type":"TARGET","label":"tgt_Loc_Emp_Additions","uiProperties":{"connectionParameterized":"false","objectParameterized":"false","visible":"false","defaultTargetUpdateColumns":""},"targetConnectionId":"@9RseCyX0NqsgPU58Naun8Y","targetObject":"FF_DLS_Loc_Cntr_Additions.csv","targetObjectLabel":"FF_DLS_Loc_Cntr_Additions.csv","newFlatFile":false,"newObject":false,"showBusinessNames":false,"naturalOrder":true,"truncateTarget":false,"bulkApiDBTarget":false,"operationType":"Insert","tgtFFAttrs":{"@type":"flatFileAttrs","id":44797,"delimiter":",","textQualifier":"\"","escapeChar":"","headerLineNo":1},"customFuncCfg":{"@type":"customFuncConfig","id":-1,"connections":[],"inputMap":[],"outputFields":[]},"tgtFieldRefs":{},"targetUpdateColumns":[],"extendedObject":{"@type":"extendedObject","filters":[],"sortFields":[]},"runtimeAttrs":{},"isRESTModernSource":true,"isFileList":false,"handleSpecialChars":false,"frsAsset":false,"fetchMode":"ORIGINAL","tgtObjectAttributes":{},"runtimeParameterData":{"@type":"mtTaskRuntimeParameterData","isConnectionRuntimeParameter":false,"isObjectRuntimeParameter":false},"overriddenFields":[]},{"@type":"mtTaskParameter","id":199328,"name":"$lkp_Loc_Cntr_Additions$","type":"LOOKUP","label":"lkp_Loc_Cntr_Additions","uiProperties":{"connectionParameterized":"false","objectParameterized":"false","visible":"false"},"lookupConnectionId":"@9RseCyX0NqsgPU58Naun8Y","lookupObject":"FF_DLS_Loc_Cntr_Previous.csv","lookupObjectLabel":"FF_DLS_Loc_Cntr_Previous.csv","newFlatFile":false,"newObject":false,"showBusinessNames":false,"naturalOrder":true,"truncateTarget":false,"bulkApiDBTarget":false,"lkpFFAttrs":{"@type":"flatFileAttrs","id":44798,"delimiter":",","textQualifier":"\"","escapeChar":"","headerLineNo":1,"firstDataRow":2},"customFuncCfg":{"@type":"customFuncConfig","id":-1,"connections":[],"inputMap":[],"outputFields":[]},"tgtFieldRefs":{},"targetUpdateColumns":[],"runtimeAttrs":{},"isRESTModernSource":true,"isFileList":false,"handleSpecialChars":false,"frsAsset":false,"fetchMode":"ORIGINAL","tgtObjectAttributes":{},"runtimeParameterData":{"@type":"mtTaskRuntimeParameterData","isConnectionRuntimeParameter":false,"isObjectRuntimeParameter":false},"overriddenFields":[]}],"sequences":[],"inOutParameters":[],"connRuntimeAttrs":[]}]