[{"@type":"dssTask","id":"@1","name":"DSS_Suppliers_05b_GET_RESTCoupa_To_File","description":"","preProcessingCmd":"rm -f $PMRootDir/stage/Coupa/Response/supplier.xml","maxLogs":10,"sourceConnectionId":"@3yyEzwYdD0lgumDufl0EYn","targetConnectionId":"@6ey2Cmo3PaHcsThnJ0TYui","targetObject":"FF_Suppliers_FromCoupa.csv","targetObjectLabel":"FF_Suppliers_FromCoupa.csv","targetChildObjectLabel":"","operation":"Insert","maxRows":0,"truncateTarget":false,"bulkApiDBTarget":false,"verbose":false,"tgtFlatFileAttrs":{"@type":"flatFileAttrs","id":44329,"delimiter":",","textQualifier":"\"","escapeChar":"","headerLineNo":1,"firstDataRow":2},"targetMetadataUpdated":false,"modelVersion":"V3-R600","queryAll":false,"srcSettings":{"@type":"taskDataSourceSetting","isShowLabels":true,"isNaturalOrder":true},"tgtSettings":{"@type":"taskDataSourceSetting","isShowLabels":false,"isNaturalOrder":true},"cfSettings":{"@type":"taskDataSourceSetting","isShowLabels":false,"isNaturalOrder":true},"bulkApi":false,"bulkApiSerialMode":false,"bulkApiMonitor":false,"isTargetObjectSfCustom":false,"allowNullUpdates":false,"targetBatchSize":200,"assignmentRuleId":"-1","assignmentRuleType":"None","createSuccessFile":false,"bulkApiHardDelete":false,"srcRuntimeAttrs":{"@type":"taskRuntimeAttrs","attrs":{"Time delay in ms":"0","Retry Count":"0"}},"tgtRuntimeAttrs":{"@type":"taskRuntimeAttrs","attrs":{}},"sourceObjects":[{"@type":"mObject","name":"supplier","label":"","metadataUpdated":false,"relations":[],"children":[]}],"advancedFilters":[],"filters":[{"@type":"filter","objectName":"supplier","objectLabel":"","field":"_FLT_URL_Input_Parameters_Config_File_Path","fieldLabel":"_FLT_URL_Input_Parameters_Config_File_Path","type":"STRING","operator":"equals","value":"/opt/infaagent/apps/Data_Integration_Server/data/stage/Coupa/Config/URLParametersSuppliersGET.csv"},{"@type":"filter","objectName":"supplier","objectLabel":"","field":"_FLT_HEADER_Input_Parameters_Config_File_Path","fieldLabel":"_FLT_HEADER_Input_Parameters_Config_File_Path","type":"STRING","operator":"equals","value":"/opt/infaagent/apps/Data_Integration_Server/data/stage/Coupa/Config/CoupaHeaderInput.csv"}],"fieldMaps":[{"@type":"fieldMap","id":"956530","targetField":{"@type":"field","id":2353703,"name":"Coupa_Id","type":"nstring","uniqueName":"Coupa_Id","label":"Coupa_Id","parentObject":"FF_Suppliers_FromCoupa.csv","pcType":"UNISTRING","precision":255,"scale":0,"columnIndex":0,"isKey":false,"isExternalId":false,"isSfIdLookup":false,"isNullable":true,"isUnique":false,"isCreateable":false,"isUpdateable":true,"isFilterable":true,"isCalculated":false,"showLabel":false,"naturalOrder":0,"linkedFields":["id"],"relatedInfos":[],"references":[]},"expression":"id"},{"@type":"fieldMap","id":"956531","targetField":{"@type":"field","id":2353706,"name":"Coupa_SupplierName","type":"nstring","uniqueName":"Coupa_SupplierName","label":"Coupa_SupplierName","parentObject":"FF_Suppliers_FromCoupa.csv","pcType":"UNISTRING","precision":255,"scale":0,"columnIndex":1,"isKey":false,"isExternalId":false,"isSfIdLookup":false,"isNullable":true,"isUnique":false,"isCreateable":false,"isUpdateable":true,"isFilterable":true,"isCalculated":false,"showLabel":false,"naturalOrder":0,"linkedFields":["name"],"relatedInfos":[],"references":[]},"expression":"name"},{"@type":"fieldMap","id":"956532","targetField":{"@type":"field","id":2353708,"name":"Coupa_SupplierNumber","type":"nstring","uniqueName":"Coupa_SupplierNumber","label":"Coupa_SupplierNumber","parentObject":"FF_Suppliers_FromCoupa.csv","pcType":"UNISTRING","precision":255,"scale":0,"columnIndex":2,"isKey":false,"isExternalId":false,"isSfIdLookup":false,"isNullable":true,"isUnique":false,"isCreateable":false,"isUpdateable":true,"isFilterable":true,"isCalculated":false,"showLabel":false,"naturalOrder":0,"linkedFields":["number"],"relatedInfos":[],"references":[]},"expression":"number"},{"@type":"fieldMap","id":"956533","targetField":{"@type":"field","id":2353711,"name":"NetSuite_internalId","type":"nstring","uniqueName":"NetSuite_internalId","label":"NetSuite_internalId","parentObject":"FF_Suppliers_FromCoupa.csv","pcType":"UNISTRING","precision":255,"scale":0,"columnIndex":3,"isKey":false,"isExternalId":false,"isSfIdLookup":false,"isNullable":true,"isUnique":false,"isCreateable":false,"isUpdateable":true,"isFilterable":true,"isCalculated":false,"showLabel":false,"naturalOrder":0,"linkedFields":["number"],"relatedInfos":[],"references":[]},"lookup":{"@type":"lookup","id":"4893","connectionId":"@6ey2Cmo3PaHcsThnJ0TYui","object":"FF_Suppliers_FromNetSuite.csv","objectLabel":"FF_Suppliers_FromNetSuite.csv","outputField":{"@type":"field","id":2353713,"name":"NS_InternalId","type":"nstring","uniqueName":"NS_InternalId","label":"NS_InternalId","parentObject":"FF_Suppliers_FromNetSuite.csv","pcType":"UNISTRING","precision":255,"scale":0,"columnIndex":1,"isKey":false,"isExternalId":false,"isSfIdLookup":false,"isNullable":true,"isUnique":false,"isCreateable":false,"isUpdateable":true,"isFilterable":true,"isCalculated":false,"showLabel":true,"naturalOrder":0,"linkedFields":[],"relatedInfos":[],"references":[]},"multiplicityError":false,"settings":{"@type":"taskDataSourceSetting","isShowLabels":false,"isNaturalOrder":true},"objectRelations":[{"@type":"objectRelationExt","object1":"supplier","object2":"FF_Suppliers_FromNetSuite.csv","field1":{"@type":"field","id":4953501,"name":"number","type":"string","uniqueName":"number","label":"number","parentObject":"supplier","pcType":"NSTRING","precision":255,"scale":0,"columnIndex":-1,"isKey":false,"isExternalId":false,"isSfIdLookup":false,"isNullable":true,"isUnique":false,"isCreateable":false,"isUpdateable":true,"isFilterable":false,"isCalculated":false,"javaType":"java.lang.String","showLabel":true,"naturalOrder":5,"linkedFields":["Coupa_SupplierNumber"],"relatedInfos":[],"references":[]},"field2":{"@type":"field","id":4953502,"name":"SupplierNumber","type":"string","uniqueName":"SupplierNumber","label":"SupplierNumber","parentObject":"FF_Suppliers_FromNetSuite.csv","pcType":"STRING","precision":255,"scale":0,"columnIndex":4,"isKey":false,"isExternalId":false,"isSfIdLookup":false,"isNullable":true,"isUnique":false,"isCreateable":false,"isUpdateable":true,"isFilterable":true,"isCalculated":false,"showLabel":true,"naturalOrder":0,"linkedFields":[],"relatedInfos":[],"references":[]}}]}}],"sourceFields":[{"@type":"field","id":2353720,"name":"_FLT_URL_Input_Parameters_Config_File_Path","type":"string","uniqueName":"_FLT_URL_Input_Parameters_Config_File_Path","label":"_FLT_URL_Input_Parameters_Config_File_Path","parentObject":"supplier","pcType":"NSTRING","precision":255,"scale":0,"columnIndex":-1,"isKey":false,"isExternalId":false,"isSfIdLookup":false,"isNullable":true,"isUnique":false,"isCreateable":false,"isUpdateable":true,"isFilterable":true,"isCalculated":false,"javaType":"java.lang.String","showLabel":true,"naturalOrder":0,"linkedFields":[],"relatedInfos":[],"references":[]},{"@type":"field","id":2353721,"name":"_FLT_FORM_Input_Parameters_Config_File_Path","type":"string","uniqueName":"_FLT_FORM_Input_Parameters_Config_File_Path","label":"_FLT_FORM_Input_Parameters_Config_File_Path","parentObject":"supplier","pcType":"NSTRING","precision":255,"scale":0,"columnIndex":-1,"isKey":false,"isExternalId":false,"isSfIdLookup":false,"isNullable":true,"isUnique":false,"isCreateable":false,"isUpdateable":true,"isFilterable":true,"isCalculated":false,"javaType":"java.lang.String","showLabel":true,"naturalOrder":1,"linkedFields":[],"relatedInfos":[],"references":[]},{"@type":"field","id":2353723,"name":"_FLT_HEADER_Input_Parameters_Config_File_Path","type":"string","uniqueName":"_FLT_HEADER_Input_Parameters_Config_File_Path","label":"_FLT_HEADER_Input_Parameters_Config_File_Path","parentObject":"supplier","pcType":"NSTRING","precision":255,"scale":0,"columnIndex":-1,"isKey":false,"isExternalId":false,"isSfIdLookup":false,"isNullable":true,"isUnique":false,"isCreateable":false,"isUpdateable":true,"isFilterable":true,"isCalculated":false,"javaType":"java.lang.String","showLabel":true,"naturalOrder":2,"linkedFields":[],"relatedInfos":[],"references":[]},{"@type":"field","id":2353725,"name":"id","type":"string","uniqueName":"id","label":"id","parentObject":"supplier","pcType":"NSTRING","precision":255,"scale":0,"columnIndex":-1,"isKey":false,"isExternalId":false,"isSfIdLookup":false,"isNullable":true,"isUnique":false,"isCreateable":false,"isUpdateable":true,"isFilterable":false,"isCalculated":false,"javaType":"java.lang.String","showLabel":true,"naturalOrder":3,"linkedFields":["Coupa_Id"],"relatedInfos":[],"references":[]},{"@type":"field","id":2353727,"name":"name","type":"string","uniqueName":"name","label":"name","parentObject":"supplier","pcType":"NSTRING","precision":255,"scale":0,"columnIndex":-1,"isKey":false,"isExternalId":false,"isSfIdLookup":false,"isNullable":true,"isUnique":false,"isCreateable":false,"isUpdateable":true,"isFilterable":false,"isCalculated":false,"javaType":"java.lang.String","showLabel":true,"naturalOrder":4,"linkedFields":["Coupa_SupplierName"],"relatedInfos":[],"references":[]},{"@type":"field","id":2353729,"name":"number","type":"string","uniqueName":"number","label":"number","parentObject":"supplier","pcType":"NSTRING","precision":255,"scale":0,"columnIndex":-1,"isKey":false,"isExternalId":false,"isSfIdLookup":false,"isNullable":true,"isUnique":false,"isCreateable":false,"isUpdateable":true,"isFilterable":false,"isCalculated":false,"javaType":"java.lang.String","showLabel":true,"naturalOrder":5,"linkedFields":["NetSuite_internalId","Coupa_SupplierNumber"],"relatedInfos":[],"references":[]},{"@type":"field","id":2353731,"name":"XFK_suppliers","type":"string","uniqueName":"XFK_suppliers","label":"XFK_suppliers","parentObject":"supplier","pcType":"NSTRING","precision":255,"scale":0,"columnIndex":-1,"isKey":true,"isExternalId":false,"isSfIdLookup":false,"isNullable":true,"isUnique":false,"isCreateable":false,"isUpdateable":true,"isFilterable":false,"isCalculated":false,"javaType":"java.lang.String","showLabel":true,"naturalOrder":6,"linkedFields":[],"relatedInfos":[],"references":[]},{"@type":"field","id":2353733,"name":"XPK_supplier","type":"string","uniqueName":"XPK_supplier","label":"XPK_supplier","parentObject":"supplier","pcType":"NSTRING","precision":255,"scale":0,"columnIndex":-1,"isKey":true,"isExternalId":false,"isSfIdLookup":false,"isNullable":false,"isUnique":false,"isCreateable":false,"isUpdateable":true,"isFilterable":false,"isCalculated":false,"javaType":"java.lang.String","showLabel":true,"naturalOrder":7,"linkedFields":[],"relatedInfos":[],"references":[]}],"sortFields":[],"groupFields":[]}]