[{"@type":"workflow","id":"@1","name":"TF_SFDC_Account_Parent_Child_Revenue_Tier_Update","maxLogs":10,"references":[{"@type":"reference","refObjectId":"@f4Pl7ppPycne4qJ68PTNme","refType":"mtTask"},{"@type":"reference","refObjectId":"@2u2Y8Zsa48IhFpeYAzrHyJ","refType":"mtTask"},{"@type":"reference","refObjectId":"@7HT4baHNbHCgV7MPdHeFiq","refType":"mtTask"},{"@type":"reference","refObjectId":"@dxvoKwPPFkEbofN77wAKcQ","refType":"mtTask"},{"@type":"reference","refObjectId":"@4XLgIcu7XT7gkDzx1lXV2S","refType":"mtTask"},{"@type":"reference","refObjectId":"@9kxd5L6zuYJjrJ0UXCLY6s","refType":"mtTask"}],"tasks":[{"@type":"workflowTask","taskId":"@f4Pl7ppPycne4qJ68PTNme","type":"MTT","name":"mct_SFDC_Account_Ultimate_Parents_FF_Update","stopOnError":false,"stopOnWarning":false},{"@type":"workflowTask","taskId":"@2u2Y8Zsa48IhFpeYAzrHyJ","type":"MTT","name":"mct_FF_Account_Child_Revenue_Tier_FF_Update","stopOnError":false,"stopOnWarning":false},{"@type":"workflowTask","taskId":"@7HT4baHNbHCgV7MPdHeFiq","type":"MTT","name":"mct_FF_Account_Child_Revenue_Tier_RTSU_FF_Update","stopOnError":false,"stopOnWarning":false},{"@type":"workflowTask","taskId":"@dxvoKwPPFkEbofN77wAKcQ","type":"MTT","name":"mct_FF_Account_Parent_Child_SFDC_Update","stopOnError":false,"stopOnWarning":false},{"@type":"workflowTask","taskId":"@4XLgIcu7XT7gkDzx1lXV2S","type":"MTT","name":"mct_SFDC_Account_Child_Recs_Global_Revenue_Tier_Update","stopOnError":false,"stopOnWarning":false},{"@type":"workflowTask","taskId":"@9kxd5L6zuYJjrJ0UXCLY6s","type":"MTT","name":"mct_SFDC_Account_UP_Recs_Global_Revenue_Tier_Update","stopOnError":false,"stopOnWarning":false}]}]