[{"@type":"workflow","id":"@1","name":"TF_DLS_Org_Loc_Emp_Updates","errorTaskEmail":{"@type":"taskEmail","id":5881,"emails":"sri.battu@appdynamics.com, keo.zaiger@appdynamics.com, smitha.reddy@appdynamics.com","emailType":"ERROR"},"successTaskEmail":{"@type":"taskEmail","id":5882,"emails":"sri.battu@appdynamics.com","emailType":"SUCCESS"},"warningTaskEmail":{"@type":"taskEmail","id":5883,"emails":"sri.battu@appdynamics.com, keo.zaiger@appdynamics.com, smitha.reddy@appdynamics.com","emailType":"WARNING"},"maxLogs":10,"references":[{"@type":"reference","refObjectId":"@234DYGVdWXRc8Y89o9POMD","refType":"mtTask"},{"@type":"reference","refObjectId":"@k1fb7NsInwReY6uKBw620h","refType":"mtTask"}],"tasks":[{"@type":"workflowTask","taskId":"@234DYGVdWXRc8Y89o9POMD","type":"MTT","name":"mct_DLS_Org_Loc_Emp_Deletions","stopOnError":true,"stopOnWarning":true},{"@type":"workflowTask","taskId":"@k1fb7NsInwReY6uKBw620h","type":"MTT","name":"mct_DLS_Org_Loc_Emp_Additions","stopOnError":true,"stopOnWarning":true}]}]