[{"@type":"mappingTemplate","id":"@1","name":"m_EmployeeSync_FromCiscoART_04_ExtractCiscoDeptLookupTable","description":"","bundleVersion":"0","templateId":"@3","deployTime":1565818630000,"hasParameters":false,"valid":true,"fixedConnection":true,"hasParametersDeployed":false,"fixedConnectionDeployed":true,"tasks":1,"mappingPreviewFileRecordId":"@2","references":[{"@type":"reference","refObjectId":"@b3U4nPCAkmZgKaHvUiQ8w2","refType":"connection"},{"@type":"reference","refObjectId":"@avLv18DFUAtbWFEYKJVdo5","refType":"connection"}]}]