[{"@type":"workflow","id":"@1","name":"TF_SFDC_To_SFDC_Opportunity_CiscoFiscalPeriods","maxLogs":10,"scheduleId":"@2","references":[{"@type":"reference","refObjectId":"@1U6nTZiw6A5cl9BhMH2CQM","refType":"mtTask"},{"@type":"reference","refObjectId":"@1fGfciM1rSHcaRUUyqZBwc","refType":"mtTask"}],"tasks":[{"@type":"workflowTask","taskId":"@1U6nTZiw6A5cl9BhMH2CQM","type":"MTT","name":"mct_SFDC_To_SFDC_OpportunityUpdate_01_CiscoBookedFiscalPeriod","stopOnError":true,"stopOnWarning":false},{"@type":"workflowTask","taskId":"@1fGfciM1rSHcaRUUyqZBwc","type":"MTT","name":"mct_SFDC_To_SFDC_OpportunityUpdate_02_CiscoClosedFiscalPeriod","stopOnError":true,"stopOnWarning":false}]}]