[{"@type":"dssTask","id":"@1","name":"DSS_Invoice_Payments_02_PUT_File_To_XMLCreate","description":"","preProcessingCmd":"rm -f $PMRootDir/stage/Coupa/PayLoad/PayLoadCoupaInvoicePaymentsPUT.xml","maxLogs":10,"sourceConnectionId":"@6ey2Cmo3PaHcsThnJ0TYui","targetConnectionId":"@diO5SrZ8tCzkWfl2gMingn","targetObject":"voice_headers_invoice_header","targetObjectLabel":"","targetChildObjectLabel":"","operation":"Insert","maxRows":0,"truncateTarget":false,"bulkApiDBTarget":false,"verbose":false,"srcFlatFileAttrs":{"@type":"flatFileAttrs","id":44332,"delimiter":",","textQualifier":"\"","escapeChar":"","headerLineNo":1,"firstDataRow":2},"targetMetadataUpdated":false,"modelVersion":"V3-R600","queryAll":false,"srcSettings":{"@type":"taskDataSourceSetting","isShowLabels":false,"isNaturalOrder":true},"tgtSettings":{"@type":"taskDataSourceSetting","isShowLabels":true,"isNaturalOrder":true},"cfSettings":{"@type":"taskDataSourceSetting","isShowLabels":false,"isNaturalOrder":true},"bulkApi":false,"bulkApiSerialMode":false,"bulkApiMonitor":false,"isTargetObjectSfCustom":false,"allowNullUpdates":false,"targetBatchSize":200,"assignmentRuleId":"-1","assignmentRuleType":"None","createSuccessFile":false,"bulkApiHardDelete":false,"srcRuntimeAttrs":{"@type":"taskRuntimeAttrs","attrs":{}},"tgtRuntimeAttrs":{"@type":"taskRuntimeAttrs","attrs":{"Error File Directory":"","Success File Directory":""}},"sourceObjects":[{"@type":"mObject","name":"FF_InvoicePayments_FromNetSuite.csv","label":"FF_InvoicePayments_FromNetSuite.csv","metadataUpdated":false,"relations":[],"children":[]}],"advancedFilters":[{"@type":"advancedFilter","id":"4504","objectName":"FF_InvoicePayments_FromNetSuite.csv","objectLabel":"FF_InvoicePayments_FromNetSuite.csv","expression":"AlreadyExists_InCoupa = '0'    AND    ( NOT ISNULL(NS_VendorBill_externalId_CoupaId)  or  NOT ISNULL(NS_VendorCredit_externalId_CoupaId) )"}],"filters":[],"fieldMaps":[{"@type":"fieldMap","id":"956634","targetField":{"@type":"field","id":2354074,"name":"payment-notes","type":"string","uniqueName":"payment_notes","label":"payment-notes","parentObject":"voice_headers_invoice_header","pcType":"NSTRING","precision":2500,"scale":0,"columnIndex":-1,"isKey":false,"isExternalId":false,"isSfIdLookup":false,"isNullable":true,"isUnique":false,"isCreateable":false,"isUpdateable":true,"isFilterable":false,"isCalculated":false,"javaType":"java.lang.String","showLabel":true,"naturalOrder":0,"linkedFields":["Memo"],"relatedInfos":[],"references":[]},"expression":"Memo"},{"@type":"fieldMap","id":"956635","targetField":{"@type":"field","id":2354075,"name":"id","type":"string","uniqueName":"id","label":"id","parentObject":"voice_headers_invoice_header","pcType":"NSTRING","precision":2500,"scale":0,"columnIndex":-1,"isKey":false,"isExternalId":false,"isSfIdLookup":false,"isNullable":true,"isUnique":false,"isCreateable":false,"isUpdateable":true,"isFilterable":false,"isCalculated":false,"javaType":"java.lang.String","showLabel":true,"naturalOrder":1,"linkedFields":["NS_VendorBill_externalId_CoupaId","NS_VendorCredit_externalId_CoupaId"],"relatedInfos":[],"references":[]},"expression":"IIF(ISNULL(NS_VendorBill_externalId_CoupaId), \n\nNS_VendorCredit_externalId_CoupaId, \n\nNS_VendorBill_externalId_CoupaId)"},{"@type":"fieldMap","id":"956636","targetField":{"@type":"field","id":2354076,"name":"paid","type":"string","uniqueName":"paid","label":"paid","parentObject":"voice_headers_invoice_header","pcType":"NSTRING","precision":2500,"scale":0,"columnIndex":-1,"isKey":false,"isExternalId":false,"isSfIdLookup":false,"isNullable":true,"isUnique":false,"isCreateable":false,"isUpdateable":true,"isFilterable":false,"isCalculated":false,"javaType":"java.lang.String","showLabel":true,"naturalOrder":2,"linkedFields":["NS_VendorBill_externalId_CoupaId","VendorBill_Status_Paid","VendorCredit_Status_Paid"],"relatedInfos":[],"references":[]},"expression":"IIF(ISNULL(NS_VendorBill_externalId_CoupaId), VendorCredit_Status_Paid, VendorBill_Status_Paid)"},{"@type":"fieldMap","id":"956637","targetField":{"@type":"field","id":2354077,"name":"payment-date","type":"string","uniqueName":"payment_date","label":"payment-date","parentObject":"voice_headers_invoice_header","pcType":"NSTRING","precision":2500,"scale":0,"columnIndex":-1,"isKey":false,"isExternalId":false,"isSfIdLookup":false,"isNullable":true,"isUnique":false,"isCreateable":false,"isUpdateable":true,"isFilterable":false,"isCalculated":false,"javaType":"java.lang.String","showLabel":true,"naturalOrder":3,"linkedFields":["Date"],"relatedInfos":[],"references":[]},"expression":"Date"},{"@type":"fieldMap","id":"956638","targetField":{"@type":"field","id":2354078,"name":"XFK_invoice-headers","type":"string","uniqueName":"XFK_invoice_headers","label":"XFK_invoice-headers","parentObject":"voice_headers_invoice_header","pcType":"NSTRING","precision":2500,"scale":0,"columnIndex":-1,"isKey":true,"isExternalId":false,"isSfIdLookup":false,"isNullable":true,"isUnique":false,"isCreateable":false,"isUpdateable":true,"isFilterable":false,"isCalculated":false,"javaType":"java.lang.String","showLabel":true,"naturalOrder":4,"linkedFields":[],"relatedInfos":[],"references":[]}},{"@type":"fieldMap","id":"956639","targetField":{"@type":"field","id":2354079,"name":"XPK_invoice-header","type":"string","uniqueName":"XPK_invoice_header","label":"XPK_invoice-header","parentObject":"voice_headers_invoice_header","pcType":"NSTRING","precision":2500,"scale":0,"columnIndex":-1,"isKey":true,"isExternalId":false,"isSfIdLookup":false,"isNullable":false,"isUnique":false,"isCreateable":false,"isUpdateable":true,"isFilterable":false,"isCalculated":false,"javaType":"java.lang.String","showLabel":true,"naturalOrder":5,"linkedFields":["NS_VendorBill_externalId_CoupaId","NS_VendorCredit_externalId_CoupaId","NS_VendorPayment_internalId"],"relatedInfos":[],"references":[]},"expression":"IIF(ISNULL(NS_VendorBill_externalId_CoupaId), \n\nNS_VendorCredit_externalId_CoupaId || ' - ' || NS_VendorPayment_internalId, \n\nNS_VendorBill_externalId_CoupaId || ' - ' || NS_VendorPayment_internalId\n\n)"},{"@type":"fieldMap","id":"956640","targetField":{"@type":"field","id":2354080,"name":"ISFINALXML","type":"string","uniqueName":"ISFINALXML","label":"ISFINALXML","parentObject":"voice_headers_invoice_header","pcType":"NSTRING","precision":2500,"scale":0,"columnIndex":-1,"isKey":false,"isExternalId":false,"isSfIdLookup":false,"isNullable":true,"isUnique":false,"isCreateable":false,"isUpdateable":true,"isFilterable":false,"isCalculated":false,"javaType":"java.lang.String","showLabel":true,"naturalOrder":6,"linkedFields":[],"relatedInfos":[],"references":[]}}],"sourceFields":[{"@type":"field","id":2354081,"name":"NS_VendorBill_externalId_CoupaId","type":"nstring","uniqueName":"NS_VendorBill_externalId_CoupaId","label":"NS_VendorBill_externalId_CoupaId","parentObject":"FF_InvoicePayments_FromNetSuite.csv","pcType":"UNISTRING","precision":255,"scale":0,"columnIndex":0,"isKey":false,"isExternalId":false,"isSfIdLookup":false,"isNullable":true,"isUnique":false,"isCreateable":false,"isUpdateable":true,"isFilterable":true,"isCalculated":false,"showLabel":false,"naturalOrder":0,"linkedFields":["id","paid","XPK_invoice_header"],"relatedInfos":[],"references":[]},{"@type":"field","id":2354082,"name":"NS_VendorPayment_status","type":"nstring","uniqueName":"NS_VendorPayment_status","label":"NS_VendorPayment_status","parentObject":"FF_InvoicePayments_FromNetSuite.csv","pcType":"UNISTRING","precision":255,"scale":0,"columnIndex":1,"isKey":false,"isExternalId":false,"isSfIdLookup":false,"isNullable":true,"isUnique":false,"isCreateable":false,"isUpdateable":true,"isFilterable":true,"isCalculated":false,"showLabel":false,"naturalOrder":0,"linkedFields":[],"relatedInfos":[],"references":[]},{"@type":"field","id":2354083,"name":"NS_VendorCredit_externalId_CoupaId","type":"nstring","uniqueName":"NS_VendorCredit_externalId_CoupaId","label":"NS_VendorCredit_externalId_CoupaId","parentObject":"FF_InvoicePayments_FromNetSuite.csv","pcType":"UNISTRING","precision":255,"scale":0,"columnIndex":2,"isKey":false,"isExternalId":false,"isSfIdLookup":false,"isNullable":true,"isUnique":false,"isCreateable":false,"isUpdateable":true,"isFilterable":true,"isCalculated":false,"showLabel":false,"naturalOrder":0,"linkedFields":["id","XPK_invoice_header"],"relatedInfos":[],"references":[]},{"@type":"field","id":2354084,"name":"NS_VendorPayment_internalId","type":"nstring","uniqueName":"NS_VendorPayment_internalId","label":"NS_VendorPayment_internalId","parentObject":"FF_InvoicePayments_FromNetSuite.csv","pcType":"UNISTRING","precision":255,"scale":0,"columnIndex":3,"isKey":false,"isExternalId":false,"isSfIdLookup":false,"isNullable":true,"isUnique":false,"isCreateable":false,"isUpdateable":true,"isFilterable":true,"isCalculated":false,"showLabel":false,"naturalOrder":0,"linkedFields":["XPK_invoice_header"],"relatedInfos":[],"references":[]},{"@type":"field","id":2354085,"name":"VendorBill_Status_Paid","type":"nstring","uniqueName":"VendorBill_Status_Paid","label":"VendorBill_Status_Paid","parentObject":"FF_InvoicePayments_FromNetSuite.csv","pcType":"UNISTRING","precision":255,"scale":0,"columnIndex":4,"isKey":false,"isExternalId":false,"isSfIdLookup":false,"isNullable":true,"isUnique":false,"isCreateable":false,"isUpdateable":true,"isFilterable":true,"isCalculated":false,"showLabel":false,"naturalOrder":0,"linkedFields":["paid"],"relatedInfos":[],"references":[]},{"@type":"field","id":2354086,"name":"VendorCredit_Status_Paid","type":"nstring","uniqueName":"VendorCredit_Status_Paid","label":"VendorCredit_Status_Paid","parentObject":"FF_InvoicePayments_FromNetSuite.csv","pcType":"UNISTRING","precision":255,"scale":0,"columnIndex":5,"isKey":false,"isExternalId":false,"isSfIdLookup":false,"isNullable":true,"isUnique":false,"isCreateable":false,"isUpdateable":true,"isFilterable":true,"isCalculated":false,"showLabel":false,"naturalOrder":0,"linkedFields":["paid"],"relatedInfos":[],"references":[]},{"@type":"field","id":2354087,"name":"Date","type":"nstring","uniqueName":"Date","label":"Date","parentObject":"FF_InvoicePayments_FromNetSuite.csv","pcType":"UNISTRING","precision":2500,"scale":0,"columnIndex":6,"isKey":false,"isExternalId":false,"isSfIdLookup":false,"isNullable":true,"isUnique":false,"isCreateable":false,"isUpdateable":true,"isFilterable":true,"isCalculated":false,"showLabel":false,"naturalOrder":0,"linkedFields":["payment_date"],"relatedInfos":[],"references":[]},{"@type":"field","id":2354088,"name":"Memo","type":"nstring","uniqueName":"Memo","label":"Memo","parentObject":"FF_InvoicePayments_FromNetSuite.csv","pcType":"UNISTRING","precision":2500,"scale":0,"columnIndex":7,"isKey":false,"isExternalId":false,"isSfIdLookup":false,"isNullable":true,"isUnique":false,"isCreateable":false,"isUpdateable":true,"isFilterable":true,"isCalculated":false,"showLabel":false,"naturalOrder":0,"linkedFields":["payment_notes"],"relatedInfos":[],"references":[]},{"@type":"field","id":2354089,"name":"Amount","type":"nstring","uniqueName":"Amount","label":"Amount","parentObject":"FF_InvoicePayments_FromNetSuite.csv","pcType":"UNISTRING","precision":255,"scale":0,"columnIndex":8,"isKey":false,"isExternalId":false,"isSfIdLookup":false,"isNullable":true,"isUnique":false,"isCreateable":false,"isUpdateable":true,"isFilterable":true,"isCalculated":false,"showLabel":false,"naturalOrder":0,"linkedFields":[],"relatedInfos":[],"references":[]},{"@type":"field","id":2354090,"name":"Voided_Amount","type":"nstring","uniqueName":"Voided_Amount","label":"Voided_Amount","parentObject":"FF_InvoicePayments_FromNetSuite.csv","pcType":"UNISTRING","precision":255,"scale":0,"columnIndex":9,"isKey":false,"isExternalId":false,"isSfIdLookup":false,"isNullable":true,"isUnique":false,"isCreateable":false,"isUpdateable":true,"isFilterable":true,"isCalculated":false,"showLabel":false,"naturalOrder":0,"linkedFields":[],"relatedInfos":[],"references":[]},{"@type":"field","id":2354091,"name":"AlreadyExists_InCoupa","type":"nstring","uniqueName":"AlreadyExists_InCoupa","label":"AlreadyExists_InCoupa","parentObject":"FF_InvoicePayments_FromNetSuite.csv","pcType":"UNISTRING","precision":255,"scale":0,"columnIndex":10,"isKey":false,"isExternalId":false,"isSfIdLookup":false,"isNullable":true,"isUnique":false,"isCreateable":false,"isUpdateable":true,"isFilterable":true,"isCalculated":false,"showLabel":false,"naturalOrder":0,"linkedFields":[],"relatedInfos":[],"references":[]}],"sortFields":[],"groupFields":[]}]