[{"@type":"workflow","id":"@1","name":"TF_ART_Employee_Netsuite_Comparison","errorTaskEmail":{"@type":"taskEmail","id":78722,"emails":"sri.battu@appdynamics.com, keo.zaiger@appdynamics.com, smitha.reddy@appdynamics.com","emailType":"ERROR"},"successTaskEmail":{"@type":"taskEmail","id":78723,"emails":"sri.battu@appdynamics.com","emailType":"SUCCESS"},"warningTaskEmail":{"@type":"taskEmail","id":78724,"emails":"sri.battu@appdynamics.com, keo.zaiger@appdynamics.com, smitha.reddy@appdynamics.com","emailType":"WARNING"},"maxLogs":10,"references":[{"@type":"reference","refObjectId":"@3WdQixQkmyTjgaONwHBDw8","refType":"mtTask"}],"tasks":[{"@type":"workflowTask","taskId":"@3WdQixQkmyTjgaONwHBDw8","type":"MTT","name":"mct_ART_Employee_Netsuite_Comparison","stopOnError":false,"stopOnWarning":false}]}]