[{"@type":"workflow","id":"@1","name":"TF_DLS_Region_Employees_Updates","errorTaskEmail":{"@type":"taskEmail","id":153844,"emails":"sri.battu@appdynamics.com, keo.zaiger@appdynamics.com, smitha.reddy@appdynamics.com","emailType":"ERROR"},"successTaskEmail":{"@type":"taskEmail","id":153845,"emails":"sri.battu@appdynamics.com","emailType":"SUCCESS"},"warningTaskEmail":{"@type":"taskEmail","id":153846,"emails":"sri.battu@appdynamics.com, keo.zaiger@appdynamics.com, smitha.reddy@appdynamics.com","emailType":"WARNING"},"maxLogs":10,"references":[{"@type":"reference","refObjectId":"@ho3DKwz8xUlcMgtvnJEOc2","refType":"mtTask"},{"@type":"reference","refObjectId":"@igdjzyOZr0DixWktz2044w","refType":"mtTask"}],"tasks":[{"@type":"workflowTask","taskId":"@ho3DKwz8xUlcMgtvnJEOc2","type":"MTT","name":"mct_DLS_Region_Employees_Deletions","stopOnError":false,"stopOnWarning":false},{"@type":"workflowTask","taskId":"@igdjzyOZr0DixWktz2044w","type":"MTT","name":"mct_DLS_Region_Employees_Additions","stopOnError":false,"stopOnWarning":false}]}]