[{"@type":"workflow","id":"@1","name":"TF_DLS_Direct_Employee_Updates","errorTaskEmail":{"@type":"taskEmail","id":5890,"emails":"sri.battu@appdynamics.com, keo.zaiger@appdynamics.com, smitha.reddy@appdynamics.com","emailType":"ERROR"},"successTaskEmail":{"@type":"taskEmail","id":5891,"emails":"sri.battu@appdynamics.com","emailType":"SUCCESS"},"warningTaskEmail":{"@type":"taskEmail","id":5892,"emails":"sri.battu@appdynamics.com, keo.zaiger@appdynamics.com, smitha.reddy@appdynamics.com","emailType":"WARNING"},"maxLogs":10,"references":[{"@type":"reference","refObjectId":"@eXRHZ6iPhQMg31n9p8geAX","refType":"mtTask"},{"@type":"reference","refObjectId":"@8z6fzAdLvRHd9yRiyPzDyT","refType":"mtTask"}],"tasks":[{"@type":"workflowTask","taskId":"@eXRHZ6iPhQMg31n9p8geAX","type":"MTT","name":"mct_DLS_Direct_Employees_Deletions","stopOnError":true,"stopOnWarning":true},{"@type":"workflowTask","taskId":"@8z6fzAdLvRHd9yRiyPzDyT","type":"MTT","name":"mct_DLS_Direct_Employees_Additions","stopOnError":true,"stopOnWarning":true}]}]