[{"@type":"dssTask","id":"@1","name":"DSS_EmployeeSync_FromCiscoART_02_PGP_FileDecryption","description":"","preProcessingCmd":"cp -f $PMRootDir/stage/AppDOutboundFile*.pgp $PMRootDir/stage/Archive/ART/","postProcessingCmd":"mv -f $PMRootDir/stage/AppDOutboundFile*.pgp $PMRootDir/stage/CiscoART/FF_Users_FromCiscoART.csv","maxLogs":10,"sourceConnectionId":"@2QMliyvDJzceE4uvcpZys0","targetConnectionId":"@8Qp1Vvtik7ejRmnNM3lSiT","targetObject":"FF_UserFile_FromCiscoHR_DecryptionStatus.csv","targetObjectLabel":"FF_UserFile_FromCiscoHR_DecryptionStatus.csv","targetChildObjectLabel":"","operation":"Insert","maxRows":0,"truncateTarget":false,"bulkApiDBTarget":false,"verbose":false,"tgtFlatFileAttrs":{"@type":"flatFileAttrs","id":460322,"delimiter":",","textQualifier":"\"","escapeChar":"","headerLineNo":1,"firstDataRow":2},"targetMetadataUpdated":false,"modelVersion":"V3-R600","queryAll":false,"srcSettings":{"@type":"taskDataSourceSetting","isShowLabels":true,"isNaturalOrder":true},"tgtSettings":{"@type":"taskDataSourceSetting","isShowLabels":false,"isNaturalOrder":true},"cfSettings":{"@type":"taskDataSourceSetting","isShowLabels":false,"isNaturalOrder":true},"bulkApi":false,"bulkApiSerialMode":false,"bulkApiMonitor":false,"isTargetObjectSfCustom":false,"allowNullUpdates":false,"targetBatchSize":200,"assignmentRuleId":"-1","assignmentRuleType":"None","createSuccessFile":false,"bulkApiHardDelete":false,"srcRuntimeAttrs":{"@type":"taskRuntimeAttrs","attrs":{"Retry Count":"3"}},"tgtRuntimeAttrs":{"@type":"taskRuntimeAttrs","attrs":{}},"sourceObjects":[{"@type":"mObject","name":"FileDecrypt","label":"FileDecrypt","metadataUpdated":false,"relations":[],"children":[]}],"advancedFilters":[],"filters":[{"@type":"filter","objectName":"FileDecrypt","objectLabel":"FileDecrypt","field":"PrivateKeyPath","fieldLabel":"PrivateKeyPath","type":"STRING","operator":"equals","value":"/opt/infaagent/apps/Data_Integration_Server/data/stage/pgpKeys/AppDCisco-Dev-PrivateKey.asc"},{"@type":"filter","objectName":"FileDecrypt","objectLabel":"FileDecrypt","field":"Decryption_Type","fieldLabel":"Decryption_Type","type":"STRING","operator":"equals","value":"PGP"},{"@type":"filter","objectName":"FileDecrypt","objectLabel":"FileDecrypt","field":"PassPhrase","fieldLabel":"PassPhrase","type":"STRING","operator":"equals","value":"PassKey1"}],"fieldMaps":[{"@type":"fieldMap","id":"4443527","targetField":{"@type":"field","id":12300306,"name":"SourceFileDir","type":"nstring","uniqueName":"SourceFileDir","label":"SourceFileDir","parentObject":"FF_UserFile_FromCiscoHR_DecryptionStatus.csv","pcType":"UNISTRING","precision":256,"scale":0,"columnIndex":0,"isKey":false,"isExternalId":false,"isSfIdLookup":false,"isNullable":true,"isUnique":false,"isCreateable":false,"isUpdateable":true,"isFilterable":true,"isCalculated":false,"showLabel":false,"naturalOrder":0,"linkedFields":["SourceFileDir"],"relatedInfos":[],"references":[]},"expression":"SourceFileDir"},{"@type":"fieldMap","id":"4443528","targetField":{"@type":"field","id":12300307,"name":"DestFileDir","type":"nstring","uniqueName":"DestFileDir","label":"DestFileDir","parentObject":"FF_UserFile_FromCiscoHR_DecryptionStatus.csv","pcType":"UNISTRING","precision":256,"scale":0,"columnIndex":1,"isKey":false,"isExternalId":false,"isSfIdLookup":false,"isNullable":true,"isUnique":false,"isCreateable":false,"isUpdateable":true,"isFilterable":true,"isCalculated":false,"showLabel":false,"naturalOrder":0,"linkedFields":["DestFileDir"],"relatedInfos":[],"references":[]},"expression":"DestFileDir"},{"@type":"fieldMap","id":"4443529","targetField":{"@type":"field","id":12300308,"name":"PublicKeyPath","type":"nstring","uniqueName":"PublicKeyPath","label":"PublicKeyPath","parentObject":"FF_UserFile_FromCiscoHR_DecryptionStatus.csv","pcType":"UNISTRING","precision":256,"scale":0,"columnIndex":2,"isKey":false,"isExternalId":false,"isSfIdLookup":false,"isNullable":true,"isUnique":false,"isCreateable":false,"isUpdateable":true,"isFilterable":true,"isCalculated":false,"showLabel":false,"naturalOrder":0,"linkedFields":["PublicKeyPath"],"relatedInfos":[],"references":[]},"expression":"PublicKeyPath"},{"@type":"fieldMap","id":"4443530","targetField":{"@type":"field","id":12300309,"name":"PrivateKeyPath","type":"nstring","uniqueName":"PrivateKeyPath","label":"PrivateKeyPath","parentObject":"FF_UserFile_FromCiscoHR_DecryptionStatus.csv","pcType":"UNISTRING","precision":256,"scale":0,"columnIndex":3,"isKey":false,"isExternalId":false,"isSfIdLookup":false,"isNullable":true,"isUnique":false,"isCreateable":false,"isUpdateable":true,"isFilterable":true,"isCalculated":false,"showLabel":false,"naturalOrder":0,"linkedFields":["PrivateKeyPath"],"relatedInfos":[],"references":[]},"expression":"PrivateKeyPath"},{"@type":"fieldMap","id":"4443531","targetField":{"@type":"field","id":12300310,"name":"PatternFlag","type":"int","uniqueName":"PatternFlag","label":"PatternFlag","parentObject":"FF_UserFile_FromCiscoHR_DecryptionStatus.csv","pcType":"INT","precision":10,"scale":0,"columnIndex":4,"isKey":false,"isExternalId":false,"isSfIdLookup":false,"isNullable":true,"isUnique":false,"isCreateable":false,"isUpdateable":true,"isFilterable":true,"isCalculated":false,"showLabel":false,"naturalOrder":0,"linkedFields":["PatternFlag"],"relatedInfos":[],"references":[]},"expression":"PatternFlag"},{"@type":"fieldMap","id":"4443532","targetField":{"@type":"field","id":12300311,"name":"FileName","type":"nstring","uniqueName":"FileName","label":"FileName","parentObject":"FF_UserFile_FromCiscoHR_DecryptionStatus.csv","pcType":"UNISTRING","precision":256,"scale":0,"columnIndex":5,"isKey":false,"isExternalId":false,"isSfIdLookup":false,"isNullable":true,"isUnique":false,"isCreateable":false,"isUpdateable":true,"isFilterable":true,"isCalculated":false,"showLabel":false,"naturalOrder":0,"linkedFields":["FileName"],"relatedInfos":[],"references":[]},"expression":"FileName"},{"@type":"fieldMap","id":"4443533","targetField":{"@type":"field","id":12300312,"name":"Decryption_Status","type":"int","uniqueName":"Decryption_Status","label":"Decryption_Status","parentObject":"FF_UserFile_FromCiscoHR_DecryptionStatus.csv","pcType":"INT","precision":10,"scale":0,"columnIndex":6,"isKey":false,"isExternalId":false,"isSfIdLookup":false,"isNullable":true,"isUnique":false,"isCreateable":false,"isUpdateable":true,"isFilterable":true,"isCalculated":false,"showLabel":false,"naturalOrder":0,"linkedFields":["Decryption_Status"],"relatedInfos":[],"references":[]},"expression":"Decryption_Status"},{"@type":"fieldMap","id":"4443534","targetField":{"@type":"field","id":12300313,"name":"Decryption_Type","type":"nstring","uniqueName":"Decryption_Type","label":"Decryption_Type","parentObject":"FF_UserFile_FromCiscoHR_DecryptionStatus.csv","pcType":"UNISTRING","precision":256,"scale":0,"columnIndex":7,"isKey":false,"isExternalId":false,"isSfIdLookup":false,"isNullable":true,"isUnique":false,"isCreateable":false,"isUpdateable":true,"isFilterable":true,"isCalculated":false,"showLabel":false,"naturalOrder":0,"linkedFields":["Decryption_Type"],"relatedInfos":[],"references":[]},"expression":"Decryption_Type"},{"@type":"fieldMap","id":"4443535","targetField":{"@type":"field","id":12300314,"name":"LastModDate","type":"datetime","uniqueName":"LastModDate","label":"LastModDate","parentObject":"FF_UserFile_FromCiscoHR_DecryptionStatus.csv","pcType":"DATE","precision":19,"scale":0,"columnIndex":8,"isKey":false,"isExternalId":false,"isSfIdLookup":false,"isNullable":true,"isUnique":false,"isCreateable":false,"isUpdateable":true,"isFilterable":true,"isCalculated":false,"showLabel":false,"naturalOrder":0,"linkedFields":["LastModDate"],"relatedInfos":[],"references":[]},"expression":"LastModDate"},{"@type":"fieldMap","id":"4443536","targetField":{"@type":"field","id":12300315,"name":"PassPhrase","type":"nstring","uniqueName":"PassPhrase","label":"PassPhrase","parentObject":"FF_UserFile_FromCiscoHR_DecryptionStatus.csv","pcType":"UNISTRING","precision":255,"scale":0,"columnIndex":9,"isKey":false,"isExternalId":false,"isSfIdLookup":false,"isNullable":true,"isUnique":false,"isCreateable":false,"isUpdateable":true,"isFilterable":true,"isCalculated":false,"showLabel":false,"naturalOrder":0,"linkedFields":["PassPhrase"],"relatedInfos":[],"references":[]},"expression":"PassPhrase"}],"sourceFields":[{"@type":"field","id":12300316,"name":"SourceFileDir","type":"string","uniqueName":"SourceFileDir","label":"SourceFileDir","parentObject":"FileDecrypt","pcType":"NSTRING","precision":256,"scale":256,"columnIndex":-1,"isKey":false,"isExternalId":false,"isSfIdLookup":false,"isNullable":true,"isUnique":false,"isCreateable":false,"isUpdateable":true,"isFilterable":false,"isCalculated":false,"javaType":"java.lang.String","showLabel":true,"naturalOrder":0,"linkedFields":["SourceFileDir"],"relatedInfos":[],"references":[]},{"@type":"field","id":12300317,"name":"DestFileDir","type":"string","uniqueName":"DestFileDir","label":"DestFileDir","parentObject":"FileDecrypt","pcType":"NSTRING","precision":256,"scale":256,"columnIndex":-1,"isKey":false,"isExternalId":false,"isSfIdLookup":false,"isNullable":true,"isUnique":false,"isCreateable":false,"isUpdateable":true,"isFilterable":false,"isCalculated":false,"javaType":"java.lang.String","showLabel":true,"naturalOrder":1,"linkedFields":["DestFileDir"],"relatedInfos":[],"references":[]},{"@type":"field","id":12300318,"name":"PublicKeyPath","type":"string","uniqueName":"PublicKeyPath","label":"PublicKeyPath","parentObject":"FileDecrypt","pcType":"NSTRING","precision":256,"scale":256,"columnIndex":-1,"isKey":false,"isExternalId":false,"isSfIdLookup":false,"isNullable":true,"isUnique":false,"isCreateable":false,"isUpdateable":true,"isFilterable":true,"isCalculated":false,"javaType":"java.lang.String","showLabel":true,"naturalOrder":2,"linkedFields":["PublicKeyPath"],"relatedInfos":[],"references":[]},{"@type":"field","id":12300319,"name":"PrivateKeyPath","type":"string","uniqueName":"PrivateKeyPath","label":"PrivateKeyPath","parentObject":"FileDecrypt","pcType":"NSTRING","precision":256,"scale":256,"columnIndex":-1,"isKey":false,"isExternalId":false,"isSfIdLookup":false,"isNullable":true,"isUnique":false,"isCreateable":false,"isUpdateable":true,"isFilterable":true,"isCalculated":false,"javaType":"java.lang.String","showLabel":true,"naturalOrder":3,"linkedFields":["PrivateKeyPath"],"relatedInfos":[],"references":[]},{"@type":"field","id":12300320,"name":"PatternFlag","type":"boolean","uniqueName":"PatternFlag","label":"PatternFlag","parentObject":"FileDecrypt","pcType":"SMALL_INTEGER","precision":10,"scale":10,"columnIndex":-1,"isKey":false,"isExternalId":false,"isSfIdLookup":false,"isNullable":true,"isUnique":false,"isCreateable":false,"isUpdateable":true,"isFilterable":false,"isCalculated":false,"javaType":"java.lang.Boolean","showLabel":true,"naturalOrder":4,"linkedFields":["PatternFlag"],"relatedInfos":[],"references":[]},{"@type":"field","id":12300321,"name":"FileName","type":"string","uniqueName":"FileName","label":"FileName","parentObject":"FileDecrypt","pcType":"NSTRING","precision":256,"scale":256,"columnIndex":-1,"isKey":false,"isExternalId":false,"isSfIdLookup":false,"isNullable":true,"isUnique":false,"isCreateable":false,"isUpdateable":true,"isFilterable":true,"isCalculated":false,"javaType":"java.lang.String","showLabel":true,"naturalOrder":5,"linkedFields":["FileName"],"relatedInfos":[],"references":[]},{"@type":"field","id":12300322,"name":"Decryption_Status","type":"boolean","uniqueName":"Decryption_Status","label":"Decryption_Status","parentObject":"FileDecrypt","pcType":"SMALL_INTEGER","precision":10,"scale":10,"columnIndex":-1,"isKey":false,"isExternalId":false,"isSfIdLookup":false,"isNullable":true,"isUnique":false,"isCreateable":false,"isUpdateable":true,"isFilterable":false,"isCalculated":false,"javaType":"java.lang.Boolean","showLabel":true,"naturalOrder":6,"linkedFields":["Decryption_Status"],"relatedInfos":[],"references":[]},{"@type":"field","id":12300323,"name":"Decryption_Type","type":"string","uniqueName":"Decryption_Type","label":"Decryption_Type","parentObject":"FileDecrypt","pcType":"NSTRING","precision":256,"scale":256,"columnIndex":-1,"isKey":false,"isExternalId":false,"isSfIdLookup":false,"isNullable":true,"isUnique":false,"isCreateable":false,"isUpdateable":true,"isFilterable":true,"isCalculated":false,"javaType":"java.lang.String","showLabel":true,"naturalOrder":7,"linkedFields":["Decryption_Type"],"relatedInfos":[],"references":[]},{"@type":"field","id":12300324,"name":"LastModDate","type":"datetime","uniqueName":"LastModDate","label":"LastModDate","parentObject":"FileDecrypt","pcType":"TOOLKIT_DATETIME","precision":26,"scale":26,"columnIndex":-1,"isKey":false,"isExternalId":false,"isSfIdLookup":false,"isNullable":true,"isUnique":false,"isCreateable":false,"isUpdateable":true,"isFilterable":true,"isCalculated":false,"javaType":"java.sql.Timestamp","showLabel":true,"naturalOrder":8,"linkedFields":["LastModDate"],"relatedInfos":[],"references":[]},{"@type":"field","id":12300325,"name":"PassPhrase","type":"string","uniqueName":"PassPhrase","label":"PassPhrase","parentObject":"FileDecrypt","pcType":"NSTRING","precision":255,"scale":255,"columnIndex":-1,"isKey":false,"isExternalId":false,"isSfIdLookup":false,"isNullable":true,"isUnique":false,"isCreateable":false,"isUpdateable":true,"isFilterable":true,"isCalculated":false,"javaType":"java.lang.String","showLabel":true,"naturalOrder":9,"linkedFields":["PassPhrase"],"relatedInfos":[],"references":[]}],"sortFields":[],"groupFields":[]}]