[{"@type":"mappingTemplate","id":"@1","name":"m_Netsuite_To_RevProFile_LoadTransactions_SalesOrder","description":"","bundleVersion":"0","templateId":"@3","deployTime":1588183062000,"hasParameters":false,"valid":true,"fixedConnection":true,"hasParametersDeployed":false,"fixedConnectionDeployed":true,"tasks":1,"mappingPreviewFileRecordId":"@2","documentType":"","references":[{"@type":"reference","refObjectId":"@8c8chZqmlgulm66tkzDtaC","refType":"connection"},{"@type":"reference","refObjectId":"@8Qp1Vvtik7ejRmnNM3lSiT","refType":"connection"},{"@type":"reference","refObjectId":"@brwXcX8SFwdiPZrkZpvZQG","refType":"connection"}]}]