[{"@type":"mappingTemplate","id":"@1","name":"m_NS_Vendor_PO_Emails_All","description":"","bundleVersion":"0","templateId":"@3","deployTime":1616630164000,"hasParameters":false,"valid":true,"fixedConnection":true,"hasParametersDeployed":false,"fixedConnectionDeployed":true,"tasks":1,"mappingPreviewFileRecordId":"@2","documentType":"MAPPING","references":[{"@type":"reference","refObjectId":"@6ey2Cmo3PaHcsThnJ0TYui","refType":"connection"},{"@type":"reference","refObjectId":"@brwXcX8SFwdiPZrkZpvZQG","refType":"connection"},{"@type":"reference","refObjectId":"@b3U4nPCAkmZgKaHvUiQ8w2","refType":"connection"}]}]