[{"@type":"workflow","id":"@1","name":"TF_SFDC_Contact_Lead_Status_Update","maxLogs":10,"references":[{"@type":"reference","refObjectId":"@4N3Y7Ee9QA6i1ZvvSVyBGL","refType":"mtTask"},{"@type":"reference","refObjectId":"@1MVCFtPtNfJjFqEyh9qKQq","refType":"mtTask"},{"@type":"reference","refObjectId":"@e3ryZucYdULhVnltOEa7og","refType":"mtTask"},{"@type":"reference","refObjectId":"@9BTZumHScTrjhDMns53mmr","refType":"mtTask"}],"tasks":[{"@type":"workflowTask","taskId":"@4N3Y7Ee9QA6i1ZvvSVyBGL","type":"MTT","name":"mct_SFDC_Contact_Status_Update_Sales_Accepted","stopOnError":true,"stopOnWarning":false},{"@type":"workflowTask","taskId":"@1MVCFtPtNfJjFqEyh9qKQq","type":"MTT","name":"mct_SFDC_Contact_Status_Update_Sales_Untouched","stopOnError":true,"stopOnWarning":false},{"@type":"workflowTask","taskId":"@e3ryZucYdULhVnltOEa7og","type":"MTT","name":"mct_SFDC_Lead_Status_Update_Sales_Accepted","stopOnError":true,"stopOnWarning":false},{"@type":"workflowTask","taskId":"@9BTZumHScTrjhDMns53mmr","type":"MTT","name":"mct_SFDC_Lead_Status_Update_Sales_Untouched","stopOnError":true,"stopOnWarning":false}]}]