[{"@type":"workflow","id":"@1","name":"TF_Exchange_Rates_NS_To_SFDC","errorTaskEmail":{"@type":"taskEmail","id":165797,"emails":"sri.battu@appdynamics.com, keo.zaiger@appdynamics.com, smitha.reddy@appdynamics.com","emailType":"ERROR"},"successTaskEmail":{"@type":"taskEmail","id":165798,"emails":"sri.battu@appdynamics.com, keo.zaiger@appdynamics.com, smitha.reddy@appdynamics.com","emailType":"SUCCESS"},"warningTaskEmail":{"@type":"taskEmail","id":165799,"emails":"sri.battu@appdynamics.com, keo.zaiger@appdynamics.com, smitha.reddy@appdynamics.com","emailType":"WARNING"},"maxLogs":10,"references":[{"@type":"reference","refObjectId":"@fR18v5m8M4yh8Q7VSBb9At","refType":"mtTask"}],"tasks":[{"@type":"workflowTask","taskId":"@fR18v5m8M4yh8Q7VSBb9At","type":"MTT","name":"mct_Exchange_Rates_NS_To_SFDC","stopOnError":false,"stopOnWarning":false}]}]