[{"@type":"mtTask","id":"@1","name":"mct_Snowflake_V_NEWHR_Anaplan_HC_Data","description":"","runtimeEnvironmentId":"@3qLOIwmEi8HlSgV9ggzWkn","maxLogs":10,"verbose":false,"lastRunTime":1563908454000,"mappingId":"@29k3Jopkuwfesn67nGC0y1","shortDescription":"","sessionProperties":{},"enableCrossSchemaPushdown":true,"parameters":[{"@type":"mtTaskParameter","id":22541133,"name":"$src_Snowflake_V_NEWHR$","type":"EXTENDED_SOURCE","label":"src_Snowflake_V_NEWHR","uiProperties":{"connectionParameterized":"false","isMsrcFilterParameterized":"false","isMsrcSortParameterized":"false","objectParameterized":"false","visible":"false"},"sourceConnectionId":"@ki7uh3zsE6ObJYKPcVCLyY","newFlatFile":false,"newObject":false,"showBusinessNames":false,"naturalOrder":true,"truncateTarget":false,"bulkApiDBTarget":false,"customFuncCfg":{"@type":"customFuncConfig","id":-1,"connections":[],"inputMap":[],"outputFields":[]},"tgtFieldRefs":{},"targetUpdateColumns":[],"extendedObject":{"@type":"extendedObject","object":{"@type":"mObject","name":"V_NEWHR","label":"V_NEWHR","metadataUpdated":false,"relations":[],"children":[]},"filters":[{"@type":"filter","objectName":"V_NEWHR","field":"UNIQUE_IDENTIFIER","type":"STRING","operator":"notEquals","value":"NULL"}],"sortFields":[]},"runtimeAttrs":{},"isRESTModernSource":true,"isFileList":false,"handleSpecialChars":false,"frsAsset":false,"tgtObjectAttributes":{},"runtimeParameterData":{"@type":"mtTaskRuntimeParameterData","isConnectionRuntimeParameter":false,"isObjectRuntimeParameter":false},"overriddenFields":[]},{"@type":"mtTaskParameter","id":22541134,"name":"$tgt_Anaplan_Refresh_HC_Data$","type":"TARGET","label":"tgt_Anaplan_Refresh_HC_Data","uiProperties":{"connectionParameterized":"false","objectParameterized":"false","visible":"false","defaultTargetUpdateColumns":""},"targetConnectionId":"@8raP8LZwSIJikTFm5cNMIu","targetObject":"IMPORT: Refresh Sales View HC Data from Snowflake","targetObjectLabel":"IMPORT: Refresh Sales View HC Data from Snowflake","newFlatFile":false,"newObject":false,"showBusinessNames":false,"naturalOrder":true,"truncateTarget":false,"bulkApiDBTarget":false,"operationType":"Insert","customFuncCfg":{"@type":"customFuncConfig","id":-1,"connections":[],"inputMap":[],"outputFields":[]},"tgtFieldRefs":{},"targetUpdateColumns":[],"extendedObject":{"@type":"extendedObject","filters":[],"sortFields":[]},"runtimeAttrs":{},"isRESTModernSource":true,"isFileList":false,"handleSpecialChars":false,"frsAsset":false,"tgtObjectAttributes":{},"runtimeParameterData":{"@type":"mtTaskRuntimeParameterData","isConnectionRuntimeParameter":false,"isObjectRuntimeParameter":false},"overriddenFields":[]}],"sequences":[],"inOutParameters":[],"connRuntimeAttrs":[]}]