[{"@type":"mappingTemplate","id":"@1","name":"m_SFDC_Account_OpportunityCount_NULLs_Update","description":"","bundleVersion":"0","templateId":"@3","deployTime":1555259495000,"hasParameters":false,"valid":true,"fixedConnection":true,"hasParametersDeployed":false,"fixedConnectionDeployed":true,"tasks":1,"mappingPreviewFileRecordId":"@2","references":[{"@type":"reference","refObjectId":"@2CjV79tAT4nicr3VedQp4y","refType":"connection"},{"@type":"reference","refObjectId":"@8Qp1Vvtik7ejRmnNM3lSiT","refType":"connection"}]}]