[{"@type":"workflow","id":"@1","name":"TF_SFDC_Account_Orphans_Revenue_Tier_Update","maxLogs":10,"references":[{"@type":"reference","refObjectId":"@62b9gOAnFWvkIJWlatI9c8","refType":"mtTask"},{"@type":"reference","refObjectId":"@dwk4JKZ4DMrdF86irVqvA7","refType":"mtTask"}],"tasks":[{"@type":"workflowTask","taskId":"@62b9gOAnFWvkIJWlatI9c8","type":"MTT","name":"mct_SFDC_Account_No_Parent_Child","stopOnError":false,"stopOnWarning":false},{"@type":"workflowTask","taskId":"@dwk4JKZ4DMrdF86irVqvA7","type":"MTT","name":"mct_SFDC_Orphan_Account_Revenue_Tier_Update","stopOnError":false,"stopOnWarning":false}]}]