[{"@type":"mappingTemplate","id":"@1","name":"m_Invoice_Payments_06_UpdateParamFile","description":"","bundleVersion":"0","templateId":"@3","deployTime":1543974133000,"hasParameters":false,"valid":true,"fixedConnection":true,"hasParametersDeployed":false,"fixedConnectionDeployed":true,"tasks":1,"mappingPreviewFileRecordId":"@2","references":[{"@type":"reference","refObjectId":"@6ey2Cmo3PaHcsThnJ0TYui","refType":"connection"},{"@type":"reference","refObjectId":"@8c8chZqmlgulm66tkzDtaC","refType":"connection"}]}]