[{"@type":"mappingTemplate","id":"@1","name":"m_Exchange_Rates_NS_To_SFDC","description":"","bundleVersion":"0","templateId":"@3","deployTime":1569880415000,"hasParameters":true,"valid":true,"fixedConnection":true,"hasParametersDeployed":true,"fixedConnectionDeployed":true,"tasks":1,"mappingPreviewFileRecordId":"@2","documentType":"","references":[{"@type":"reference","refObjectId":"@9RseCyX0NqsgPU58Naun8Y","refType":"connection"},{"@type":"reference","refObjectId":"@brwXcX8SFwdiPZrkZpvZQG","refType":"connection"},{"@type":"reference","refObjectId":"@2CjV79tAT4nicr3VedQp4y","refType":"connection"}]}]