[{"@type":"mappingTemplate","id":"@1","name":"m_Snowflake_V_NEWHR_Anaplan_HC_Data","description":"BISAP-12357: Changed source query filter to use UNIQUE_IDENTIFIER_2 instead of UNIQUE_IDENTIFIER","bundleVersion":"0","templateId":"@3","deployTime":1596125843000,"hasParameters":false,"valid":true,"fixedConnection":true,"hasParametersDeployed":false,"fixedConnectionDeployed":true,"tasks":1,"mappingPreviewFileRecordId":"@2","documentType":"","references":[{"@type":"reference","refObjectId":"@ki7uh3zsE6ObJYKPcVCLyY","refType":"connection"},{"@type":"reference","refObjectId":"@8raP8LZwSIJikTFm5cNMIu","refType":"connection"}]}]