[{"@type":"mtTask","id":"@1","name":"mct_Netsuite_To_RevProFile_LoadTransactions_Invoice","description":"","runtimeEnvironmentId":"@3qLOIwmEi8HlSgV9ggzWkn","postProcessingCmd":"cp -f $PMRootDir/stage/FF_NS_To_RevProFile_606_Transaction_Invoice.csv $PMRootDir/stage/Archive/RevPro/FF_NS_To_RevProFile_606_Transaction_Invoice_$(date +%Y%m%d%H%M%S).csv && cp -f $PMRootDir/stage/FF_NS_To_RevProFile_606_Transaction_Invoice.csv $PMRootDir/stage/ICRT/","maxLogs":10,"verbose":false,"lastRunTime":1574880736000,"mappingId":"@95VUCM9DItBf9imEf56tQY","shortDescription":"","sessionProperties":{},"enableCrossSchemaPushdown":false,"parameters":[{"@type":"mtTaskParameter","id":70398555,"name":"$Src_Netsuite_ODBC_SavedQuery_TransactionInvoices$","type":"SOURCE","label":"Src_Netsuite_ODBC_SavedQuery_TransactionInvoices","uiProperties":{"connectionParameterized":"false","objectParameterized":"false","visible":"false"},"sourceConnectionId":"@brwXcX8SFwdiPZrkZpvZQG","sourceObject":"DUMMY_Src_Netsuite_ODBC_SavedQuery_TransactionInvoices","newFlatFile":false,"newObject":false,"showBusinessNames":false,"naturalOrder":true,"truncateTarget":false,"bulkApiDBTarget":false,"customFuncCfg":{"@type":"customFuncConfig","id":-1,"connections":[],"inputMap":[],"outputFields":[]},"tgtFieldRefs":{},"targetUpdateColumns":[],"runtimeAttrs":{},"isRESTModernSource":true,"customQuery":"SELECT\n\nA.TRANSACTION_ID AS T_TRANSACTION_ID,\nA.TRANID AS T_TRAN_ID,\nA.TRANSACTION_NUMBER AS T_TRANSACTION_NUMBER,\nA.CREATED_FROM_ID AS T_CREATED_FROM_ID,\nA.TRANSACTION_TYPE AS T_TRANSACTION_TYPE,\nA.ENTITY_ID AS T_ENTITY_ID,\nB.TRANSACTION_LINE_ID AS TL_TRANSACTION_LINE_ID,\nB.TRANSACTION_ORDER AS TL_TRANSACTION_ORDER,\nA.TRANDATE AS T_TRAN_DATE,\nA.BOOKED_DATE AS T_BOOKED_DATE,\nA.LAST_MODIFIED_DATE AS T_LAST_MODIFIED_DATE,\nB.QTY AS TL_QTY,\nB.AMOUNT AS TL_AMOUNT,\nB.AMOUNT_FOREIGN AS TL_AMOUNT_FOREIGN,\nB.LIST_PRICE AS TL_LIST_PRICE,\nB.SUBSIDIARY_ID AS TL_SUBSIDIARY_ID,\nC.NAME AS I_NAME,\nC.DISPLAYNAME AS I_DISPLAYNAME,\nB.PO_ AS TL_PO_CHECK_NUMBER,\nC.N_606_PRODUCT_FAMILY AS I_606_PRODUCT_FAMILY,\nC.N_606_PRODUCT_LINE AS I_606_PRODUCT_LINE,\nC.LICENSE_TYPE_ID AS I_LICENSE_TYPE_ID,\nA.CHANNEL_TIER_ID AS T_CHANNEL_TIER_ID,\nD.CUSTOMER_ID AS C_CUSTOMER_ID,\nLTRIM(RTRIM(REGEXP_SUBSTR(SUBSTR(D.COMPANYNAME,INSTR(D.COMPANYNAME,':',2)+1, LENGTH(D.COMPANYNAME)),'[^:]*'))) AS C_CUSTOMER_NAME,\nD.ACCOUNTNUMBER AS C_ACCOUNTNUMBER,\nD.FULL_NAME AS C_FULLNAME,\nA.SFDC_OPPORTUNITY_ID AS T_SFDC_SYNC_ID,\nC.N_606_DEPLOYMENT AS I_606_DEPLOYMENT,\nA.COTERMED_OPPORTUNITIES AS T_COTERMED_OPPORTUNITIES,\nC.N_606_EDITION AS I_606_EDITION,\nC.PRODUCT_REPORTING_CLASSIFICAT AS I_PRODUCT_REPORTING_CLASSIFICATION,\nA.REGION AS T_REGION,\nA.START_DATE AS T_START_DATE,\nA.END_DATE AS T_END_DATE,\nA.CANCELLATION_RIGHTS AS T_CANCELLATION_RIGHTS,\nA.END_USER_ID AS T_END_USER_ID,\nC.ELIGIBLE_FOR_FV_ANALYSIS AS I_ELIGIBLE_FOR_FV_ANALYSIS,\nC.ELIGIBLE_FOR_CARVE_ALLOCATION AS I_ELIGIBLE_FOR_CARVE_ALLOCATION,\nC.POB_TYPE AS I_POB_TYPE,\nC.DEFERRED_ACCOUNT_SEGMENT1 AS I_DEFERRED_ACCOUNT_SEGMENT1,\nA.ONE_TIME_DISCOUNT_FROM_SYNCED AS T_ONE_TIME_DISCOUNT_FROM_SYNCED,\nA.EXCHANGE_RATE AS T_EXCHANGE_RATE,\nC.NAME AS I_ITEM_NAME,\nC.LONG_TERM_DEF_ACCOUNT AS I_LONG_TERM_DEF_ACCOUNT,\nC.N_606_PRODUCT_LIFE AS I_606_PRODUCT_LIFE,\nC.REVENUE_ACCOUNT_SEGMENT1 AS I_REVENUE_ACCOUNT_SEGMENT1,\nB.LINE_TYPE AS TL_LINE_TYPE,\nA.TITAN_REBATE AS T_TITAN_REBATE,\nA.AWS_MARGIN AS T_AWS_MARGIN_PERCENT,\nA.CONVERSION_FLAG AS T_CONVERSION_FLAG,\nA.RENEWAL_PRICE_LOCK AS T_RENEWAL_PRICE_LOCK,\nB.RENEWAL_PRICE_LOCK_RATE AS TL_RENEWAL_PRICE_LOCK_RATE,\nA.PURCHASE_PRICE_LOCK AS T_PURCHASE_PRICE_LOCK,\nA.PURCHASE_PRICE_LOCK_RATE AS T_PURCHASE_PRICE_LOCK_RATE,\nB.ACCEPTANCE_LANGUAGE AS TL_ACCEPTANCE_LANGUAGE,\nA.PARTNER_REBATE AS T_PARTNER_REBATE,\nA.SELF_SERVICE AS T_SELF_SERVICE,\nA.DEPLOYMENTLICENSE_TYPE_CONVER AS T_DEPLOY_LICENSE_TYPE_CONVERSION,\nA.ONETIME_SWAP AS T_ONETIME_SWAP,\nA.RETROACTIVE_SWAP AS T_RETROACTIVE_SWAP,\nA.FUTURE_PURCHASE_OPTION AS T_FUTURE_PURCHASE_OPTION,\nA.GSP AS T_GSP,\nA.VOLUME_DISCOUNT_TABLE AS T_VOLUME_DISCOUNT_TABLE,\nB.REMIX_RIGHTS AS TL_REMIX_RIGHTS,\nB.REFERRAL_FEE AS TL_REFERRAL_FEE,\nA.DEAL_SOURCE AS T_DEAL_SOURCE,\nA.ORDER_TYPE_ID AS T_ORDER_TYPE_ID,\nC.SALESDESCRIPTION AS I_SALESDESCRIPTION,\nB.SFDC_PARENT_LINE_ID AS TL_SFDC_PARENT_LINE_ID,\nA.CUSTOMER_CREDIT_STATUS AS T_CUSTOMER_CREDIT_STATUS,\nB.EXPIRY_DATE AS TL_EXPIRY_DATE,\nB.EXTENDED_LIST_PRICE AS TL_EXTENDED_LIST_PRICE,\nB.SFDC_ORDER_LINE_ID AS TL_SFDC_ORDER_LINE_ID,\nB.ONE_TIME_DISCOUNT_ AS TL_ONE_TIME_DISCOUNT_,\nB.ONE_TIME_DISCOUNT_AMOUNT AS TL_ONE_TIME_DISCOUNT_AMOUNT,\nB.ITEM_COUNT AS TL_ITEM_COUNT,\nB.ITEM_UNIT_PRICE AS TL_ITEM_UNIT_PRICE,\nB.NET_AMOUNT AS TL_NET_AMOUNT,\nB.NET_AMOUNT_FOREIGN AS TL_NET_AMOUNT_FOREIGN,\nB.START_DATE AS TL_START_DATE,\nB.END_DATE AS TL_END_DATE,\nA.RELATED_TRANID AS T_RELATED_TRANID,\nA.MEMORIZED AS T_MEMORIZED,\nC.DEFERRED_REVENUE_ACCOUNT_ID AS I_DEFERRED_REVENUE_ACCOUNT_ID,\nB.COTERM_OPPORTUNITY_ID AS TL_COTERM_OPPORTUNITY_ID,\nB.SO_LINE_NUMBER AS TL_SO_LINE_NUMBER,\nA.REBILL AS T_REBILL,\nC.UNIQUE_OFFERING AS I_UNIQUE_OFFERING, \nB.BILL_IN_ARREARS AS TL_BILL_IN_ARREARS, \nA.FEDERAL_DEAL AS T_FEDERAL_DEAL, \nB.MR_FLAG AS TL_MR_FLAG, \nA.PS_CONVERSION AS T_PS_CONVERSION,\nA.PS_EXTENSION AS T_PS_EXTENSION,\nB.MR_SELL_PRICE AS TL_MR_SELL_PRICE,\nB.RP_CNTMOD_ID AS TL_RP_CNTMOD_ID,\nA.ENTERPRISE_0 AS T_ENTERPRISE_FLAG,\nA.CURRENCY_ID AS T_CURRENCY_ID,  \nB.INELIGIBLE_FOR_REVPRO_INTEGRA AS TL_INELIGIBLE_FOR_REVPRO_INTEGRA,\nA.OTHER_MODIFICATIONS AS T_OTHER_MODIFICATIONS,\nA.N_606_NONSTANDARD_ID AS T_N_606_NONSTANDARD_ID,\nA.UNIQUE_PURCHASE_PRICE_LOCK AS T_UNIQUE_PURCHASE_PRICE_LOCK,\nA.UNIQUE_RENEWAL_PRICE_LOCK AS T_UNIQUE_RENEWAL_PRICE_LOCK,\nB.LEGACY_SAAS AS TL_LEGACY_SAAS, \nC.CISCO_PID AS I_CISCO_PID, \nD.INDUSTRY AS C_INDUSTRY, \nB.APPD_EXTENDED_LIST_PRICE AS TL_APPD_EXTENDED_LIST_PRICE , \nA.PARTNER_STATUS AS T_PARTNER_STATUS, \nA.PARTNER_INCENTIVE_PROGRAM_QUA AS T_PARTNER_INCENTIVE_PROGRAM_QUA,\nA.CANCELLED_SALES_ORDER AS T_CANCELLED_SALES_ORDER,\nA.STATUS AS T_STATUS,\nA.CISCO_PROGRAM_NAME AS T_CISCO_PROGRAM_NAME, \nB.SWAP_RIGHT_LINE AS TL_SWAP_RIGHT_LINE,\nB.BILLING_SCHEDULE_ID AS TL_BILLING_SCHEDULE_ID       \n\nFROM\nTRANSACTIONS A, \nTRANSACTION_LINES B,\nITEMS C,\nCUSTOMERS D \n\nWHERE\n(A.EXPORTED_TO_REVPRO != 'T' OR A.EXPORTED_TO_REVPRO IS NULL)\nAND \nA.TRANDATE >= (SELECT STARTING FROM ACCOUNTING_PERIODS WHERE ACCOUNTING_PERIOD_ID = (SELECT MIN(ACCOUNTING_PERIOD_ID) FROM ACCOUNTING_PERIODS WHERE QUARTER = 'No' AND YEAR_0 = 'No' AND LOCKED_ACCOUNTS_PAYABLE = 'No'))  \nAND \nA.TRANDATE <= (SELECT ENDING FROM ACCOUNTING_PERIODS WHERE ACCOUNTING_PERIOD_ID = (SELECT MIN(ACCOUNTING_PERIOD_ID) FROM ACCOUNTING_PERIODS WHERE QUARTER = 'No' AND YEAR_0 = 'No' AND LOCKED_ACCOUNTS_PAYABLE = 'No')) \nAND \nA.TRANSACTION_TYPE IN ('Invoice','Return Authorization') \nAND \nA.MEMORIZED = 'No' \nAND\nA.TRANSACTION_ID = B.TRANSACTION_ID(+) \nAND\nB.ITEM_ID = C.ITEM_ID(+)\nAND \nA.ENTITY_ID = D.CUSTOMER_ID(+)\nAND \nUPPER(C.NAME) NOT like '%DISCOUNT%'\nAND \nUPPER(C.NAME) NOT like '%AVATAX%' \nAND \nC.TYPE_NAME = 'Non-inventory Item' \nAND \n(B.INELIGIBLE_FOR_REVPRO_INTEGRA != 'T' OR B.INELIGIBLE_FOR_REVPRO_INTEGRA IS NULL);","isFileList":false,"handleSpecialChars":false,"frsAsset":false,"tgtObjectAttributes":{},"runtimeParameterData":{"@type":"mtTaskRuntimeParameterData","isConnectionRuntimeParameter":false,"isObjectRuntimeParameter":false},"overriddenFields":[]},{"@type":"mtTaskParameter","id":70398556,"name":"$Tgt_FF_NS_To_RevProFile_606_Transaction_Invoice$","type":"TARGET","label":"Tgt_FF_NS_To_RevProFile_606_Transaction_Invoice","uiProperties":{"connectionParameterized":"false","objectParameterized":"false","visible":"false","defaultTargetUpdateColumns":""},"targetConnectionId":"@8Qp1Vvtik7ejRmnNM3lSiT","targetObject":"FF_NS_To_RevProFile_606_Transaction_Invoice.csv","targetObjectLabel":"FF_NS_To_RevProFile_606_Transaction_Invoice.csv","newFlatFile":false,"newObject":false,"showBusinessNames":false,"naturalOrder":true,"truncateTarget":false,"bulkApiDBTarget":false,"operationType":"Insert","tgtFFAttrs":{"@type":"flatFileAttrs","id":1128283,"delimiter":",","textQualifier":"\"","escapeChar":"","headerLineNo":1},"customFuncCfg":{"@type":"customFuncConfig","id":-1,"connections":[],"inputMap":[],"outputFields":[]},"tgtFieldRefs":{},"targetUpdateColumns":[],"extendedObject":{"@type":"extendedObject","filters":[],"sortFields":[]},"runtimeAttrs":{},"isRESTModernSource":true,"isFileList":false,"handleSpecialChars":false,"frsAsset":false,"tgtObjectAttributes":{},"runtimeParameterData":{"@type":"mtTaskRuntimeParameterData","isConnectionRuntimeParameter":false,"isObjectRuntimeParameter":false},"overriddenFields":[]},{"@type":"mtTaskParameter","id":70398557,"name":"$Tgt_FF_NS_To_RevProFile_606_Transaction_Invoice_SentToRevPro$","type":"TARGET","label":"Tgt_FF_NS_To_RevProFile_606_Transaction_Invoice_SentToRevPro","uiProperties":{"connectionParameterized":"false","objectParameterized":"false","visible":"false","defaultTargetUpdateColumns":""},"targetConnectionId":"@8Qp1Vvtik7ejRmnNM3lSiT","targetObject":"FF_NS_To_RevProFile_606_Transaction_Invoice_SentToRevPro.csv","targetObjectLabel":"FF_NS_To_RevProFile_606_Transaction_Invoice_SentToRevPro.csv","newFlatFile":false,"newObject":true,"showBusinessNames":false,"naturalOrder":true,"newObjectName":"FF_NS_To_RevProFile_606_Transaction_Invoice_SentToRevPro.csv","truncateTarget":false,"bulkApiDBTarget":false,"operationType":"Insert","tgtFFAttrs":{"@type":"flatFileAttrs","id":1128284,"delimiter":",","textQualifier":"\"","escapeChar":"","headerLineNo":1},"customFuncCfg":{"@type":"customFuncConfig","id":-1,"connections":[],"inputMap":[],"outputFields":[]},"tgtFieldRefs":{},"targetUpdateColumns":[],"extendedObject":{"@type":"extendedObject","filters":[],"sortFields":[]},"runtimeAttrs":{},"isRESTModernSource":true,"isFileList":false,"handleSpecialChars":false,"frsAsset":false,"tgtObjectAttributes":{},"runtimeParameterData":{"@type":"mtTaskRuntimeParameterData","isConnectionRuntimeParameter":false,"isObjectRuntimeParameter":false},"overriddenFields":[]},{"@type":"mtTaskParameter","id":70398558,"name":"$Lkp_NS_ODBC_ACCOUNTS_ItemAccountNumber$","type":"LOOKUP","label":"Lkp_NS_ODBC_ACCOUNTS_ItemAccountNumber","uiProperties":{"connectionParameterized":"false","isCachedLookup":"true","objectParameterized":"false","visible":"false"},"lookupConnectionId":"@brwXcX8SFwdiPZrkZpvZQG","lookupObject":"ACCOUNTS","lookupObjectLabel":"ACCOUNTS","newFlatFile":false,"newObject":false,"showBusinessNames":false,"naturalOrder":true,"truncateTarget":false,"bulkApiDBTarget":false,"customFuncCfg":{"@type":"customFuncConfig","id":-1,"connections":[],"inputMap":[],"outputFields":[]},"tgtFieldRefs":{},"targetUpdateColumns":[],"runtimeAttrs":{},"isRESTModernSource":true,"isFileList":false,"handleSpecialChars":false,"frsAsset":false,"tgtObjectAttributes":{},"runtimeParameterData":{"@type":"mtTaskRuntimeParameterData","isConnectionRuntimeParameter":false,"isObjectRuntimeParameter":false},"overriddenFields":[]},{"@type":"mtTaskParameter","id":70398559,"name":"$Lkp_NS_ODBC_BillingScheduleDescriptions$","type":"LOOKUP","label":"Lkp_NS_ODBC_BillingScheduleDescriptions","uiProperties":{"connectionParameterized":"false","isCachedLookup":"true","objectParameterized":"false","visible":"false"},"lookupConnectionId":"@brwXcX8SFwdiPZrkZpvZQG","lookupObject":"BILLING_SCHEDULE_DESCRIPTIONS","lookupObjectLabel":"BILLING_SCHEDULE_DESCRIPTIONS","newFlatFile":false,"newObject":false,"showBusinessNames":false,"naturalOrder":true,"truncateTarget":false,"bulkApiDBTarget":false,"customFuncCfg":{"@type":"customFuncConfig","id":-1,"connections":[],"inputMap":[],"outputFields":[]},"tgtFieldRefs":{},"targetUpdateColumns":[],"runtimeAttrs":{},"isRESTModernSource":true,"isFileList":false,"handleSpecialChars":false,"frsAsset":false,"tgtObjectAttributes":{},"runtimeParameterData":{"@type":"mtTaskRuntimeParameterData","isConnectionRuntimeParameter":false,"isObjectRuntimeParameter":false},"overriddenFields":[]},{"@type":"mtTaskParameter","id":70398560,"name":"$Lkp_NS_ODBC_CHANNEL_TIER_LIST$","type":"LOOKUP","label":"Lkp_NS_ODBC_CHANNEL_TIER_LIST","uiProperties":{"connectionParameterized":"false","isCachedLookup":"true","objectParameterized":"false","visible":"false"},"lookupConnectionId":"@brwXcX8SFwdiPZrkZpvZQG","lookupObject":"CHANNEL_TIER_LIST","lookupObjectLabel":"CHANNEL_TIER_LIST","newFlatFile":false,"newObject":false,"showBusinessNames":false,"naturalOrder":true,"truncateTarget":false,"bulkApiDBTarget":false,"customFuncCfg":{"@type":"customFuncConfig","id":-1,"connections":[],"inputMap":[],"outputFields":[]},"tgtFieldRefs":{},"targetUpdateColumns":[],"runtimeAttrs":{},"isRESTModernSource":true,"isFileList":false,"handleSpecialChars":false,"frsAsset":false,"tgtObjectAttributes":{},"runtimeParameterData":{"@type":"mtTaskRuntimeParameterData","isConnectionRuntimeParameter":false,"isObjectRuntimeParameter":false},"overriddenFields":[]},{"@type":"mtTaskParameter","id":70398561,"name":"$Lkp_NS_ODBC_CUSTOMERS_EndUser$","type":"LOOKUP","label":"Lkp_NS_ODBC_CUSTOMERS_EndUser","uiProperties":{"connectionParameterized":"false","isCachedLookup":"true","objectParameterized":"false","visible":"false"},"lookupConnectionId":"@brwXcX8SFwdiPZrkZpvZQG","lookupObject":"CUSTOMERS","lookupObjectLabel":"CUSTOMERS","newFlatFile":false,"newObject":false,"showBusinessNames":false,"naturalOrder":true,"truncateTarget":false,"bulkApiDBTarget":false,"customFuncCfg":{"@type":"customFuncConfig","id":-1,"connections":[],"inputMap":[],"outputFields":[]},"tgtFieldRefs":{},"targetUpdateColumns":[],"runtimeAttrs":{},"isRESTModernSource":true,"isFileList":false,"handleSpecialChars":false,"frsAsset":false,"tgtObjectAttributes":{},"runtimeParameterData":{"@type":"mtTaskRuntimeParameterData","isConnectionRuntimeParameter":false,"isObjectRuntimeParameter":false},"overriddenFields":[]},{"@type":"mtTaskParameter","id":70398562,"name":"$Lkp_NS_ODBC_LICENSE_TYPE_LIST$","type":"LOOKUP","label":"Lkp_NS_ODBC_LICENSE_TYPE_LIST","uiProperties":{"connectionParameterized":"false","isCachedLookup":"true","objectParameterized":"false","visible":"false"},"lookupConnectionId":"@brwXcX8SFwdiPZrkZpvZQG","lookupObject":"LICENSE_TYPE_LIST","lookupObjectLabel":"LICENSE_TYPE_LIST","newFlatFile":false,"newObject":false,"showBusinessNames":false,"naturalOrder":true,"truncateTarget":false,"bulkApiDBTarget":false,"customFuncCfg":{"@type":"customFuncConfig","id":-1,"connections":[],"inputMap":[],"outputFields":[]},"tgtFieldRefs":{},"targetUpdateColumns":[],"runtimeAttrs":{},"isRESTModernSource":true,"isFileList":false,"handleSpecialChars":false,"frsAsset":false,"tgtObjectAttributes":{},"runtimeParameterData":{"@type":"mtTaskRuntimeParameterData","isConnectionRuntimeParameter":false,"isObjectRuntimeParameter":false},"overriddenFields":[]},{"@type":"mtTaskParameter","id":70398563,"name":"$Lkp_NS_ODBC_ORDER_LIST$","type":"LOOKUP","label":"Lkp_NS_ODBC_ORDER_LIST","uiProperties":{"connectionParameterized":"false","isCachedLookup":"true","objectParameterized":"false","visible":"false"},"lookupConnectionId":"@brwXcX8SFwdiPZrkZpvZQG","lookupObject":"ORDER_TYPE_LIST","lookupObjectLabel":"ORDER_TYPE_LIST","newFlatFile":false,"newObject":false,"showBusinessNames":false,"naturalOrder":true,"truncateTarget":false,"bulkApiDBTarget":false,"customFuncCfg":{"@type":"customFuncConfig","id":-1,"connections":[],"inputMap":[],"outputFields":[]},"tgtFieldRefs":{},"targetUpdateColumns":[],"runtimeAttrs":{},"isRESTModernSource":true,"isFileList":false,"handleSpecialChars":false,"frsAsset":false,"tgtObjectAttributes":{},"runtimeParameterData":{"@type":"mtTaskRuntimeParameterData","isConnectionRuntimeParameter":false,"isObjectRuntimeParameter":false},"overriddenFields":[]},{"@type":"mtTaskParameter","id":70398564,"name":"$Lkp_NS_ODBC_TRANSACTION_ADDRESS_BillTo$","type":"LOOKUP","label":"Lkp_NS_ODBC_TRANSACTION_ADDRESS_BillTo","uiProperties":{"connectionParameterized":"false","isCachedLookup":"true","objectParameterized":"false","visible":"false"},"lookupConnectionId":"@brwXcX8SFwdiPZrkZpvZQG","lookupObject":"TRANSACTION_ADDRESS","lookupObjectLabel":"TRANSACTION_ADDRESS","newFlatFile":false,"newObject":false,"showBusinessNames":false,"naturalOrder":true,"truncateTarget":false,"bulkApiDBTarget":false,"customFuncCfg":{"@type":"customFuncConfig","id":-1,"connections":[],"inputMap":[],"outputFields":[]},"tgtFieldRefs":{},"targetUpdateColumns":[],"runtimeAttrs":{},"isRESTModernSource":true,"isFileList":false,"handleSpecialChars":false,"frsAsset":false,"tgtObjectAttributes":{},"runtimeParameterData":{"@type":"mtTaskRuntimeParameterData","isConnectionRuntimeParameter":false,"isObjectRuntimeParameter":false},"overriddenFields":[]},{"@type":"mtTaskParameter","id":70398565,"name":"$Lkp_NS_ODBC_TRANSACTION_ADDRESS_ShipTo$","type":"LOOKUP","label":"Lkp_NS_ODBC_TRANSACTION_ADDRESS_ShipTo","uiProperties":{"connectionParameterized":"false","isCachedLookup":"true","objectParameterized":"false","visible":"false"},"lookupConnectionId":"@brwXcX8SFwdiPZrkZpvZQG","lookupObject":"TRANSACTION_ADDRESS","lookupObjectLabel":"TRANSACTION_ADDRESS","newFlatFile":false,"newObject":false,"showBusinessNames":false,"naturalOrder":true,"truncateTarget":false,"bulkApiDBTarget":false,"customFuncCfg":{"@type":"customFuncConfig","id":-1,"connections":[],"inputMap":[],"outputFields":[]},"tgtFieldRefs":{},"targetUpdateColumns":[],"runtimeAttrs":{},"isRESTModernSource":true,"isFileList":false,"handleSpecialChars":false,"frsAsset":false,"tgtObjectAttributes":{},"runtimeParameterData":{"@type":"mtTaskRuntimeParameterData","isConnectionRuntimeParameter":false,"isObjectRuntimeParameter":false},"overriddenFields":[]},{"@type":"mtTaskParameter","id":70398566,"name":"$Lkp_NS_ODBC_TRANSACTION_AppToTran_CreatedFrom_TranType$","type":"LOOKUP","label":"Lkp_NS_ODBC_TRANSACTION_AppToTran_CreatedFrom_TranType","uiProperties":{"connectionParameterized":"false","isCachedLookup":"true","objectParameterized":"false","visible":"false"},"lookupConnectionId":"@brwXcX8SFwdiPZrkZpvZQG","lookupObject":"TRANSACTIONS","lookupObjectLabel":"TRANSACTIONS","newFlatFile":false,"newObject":false,"showBusinessNames":false,"naturalOrder":true,"truncateTarget":false,"bulkApiDBTarget":false,"customFuncCfg":{"@type":"customFuncConfig","id":-1,"connections":[],"inputMap":[],"outputFields":[]},"tgtFieldRefs":{},"targetUpdateColumns":[],"runtimeAttrs":{},"isRESTModernSource":true,"isFileList":false,"handleSpecialChars":false,"frsAsset":false,"tgtObjectAttributes":{},"runtimeParameterData":{"@type":"mtTaskRuntimeParameterData","isConnectionRuntimeParameter":false,"isObjectRuntimeParameter":false},"overriddenFields":[]},{"@type":"mtTaskParameter","id":70398567,"name":"$Lkp_NS_ODBC_TRANSACTION_Applying$","type":"LOOKUP","label":"Lkp_NS_ODBC_TRANSACTION_Applying","uiProperties":{"connectionParameterized":"false","isCachedLookup":"true","objectParameterized":"false","visible":"false"},"lookupConnectionId":"@brwXcX8SFwdiPZrkZpvZQG","lookupObject":"TRANSACTIONS","lookupObjectLabel":"TRANSACTIONS","newFlatFile":false,"newObject":false,"showBusinessNames":false,"naturalOrder":true,"truncateTarget":false,"bulkApiDBTarget":false,"customFuncCfg":{"@type":"customFuncConfig","id":-1,"connections":[],"inputMap":[],"outputFields":[]},"tgtFieldRefs":{},"targetUpdateColumns":[],"runtimeAttrs":{},"isRESTModernSource":true,"isFileList":false,"handleSpecialChars":false,"frsAsset":false,"tgtObjectAttributes":{},"runtimeParameterData":{"@type":"mtTaskRuntimeParameterData","isConnectionRuntimeParameter":false,"isObjectRuntimeParameter":false},"overriddenFields":[]},{"@type":"mtTaskParameter","id":70398568,"name":"$Lkp_NS_ODBC_TRANSACTION_CreatedFrom$","type":"LOOKUP","label":"Lkp_NS_ODBC_TRANSACTION_CreatedFrom","uiProperties":{"connectionParameterized":"false","isCachedLookup":"true","objectParameterized":"false","visible":"false"},"lookupConnectionId":"@brwXcX8SFwdiPZrkZpvZQG","lookupObject":"TRANSACTIONS","lookupObjectLabel":"TRANSACTIONS","newFlatFile":false,"newObject":false,"showBusinessNames":false,"naturalOrder":true,"truncateTarget":false,"bulkApiDBTarget":false,"customFuncCfg":{"@type":"customFuncConfig","id":-1,"connections":[],"inputMap":[],"outputFields":[]},"tgtFieldRefs":{},"targetUpdateColumns":[],"runtimeAttrs":{},"isRESTModernSource":true,"isFileList":false,"handleSpecialChars":false,"frsAsset":false,"tgtObjectAttributes":{},"runtimeParameterData":{"@type":"mtTaskRuntimeParameterData","isConnectionRuntimeParameter":false,"isObjectRuntimeParameter":false},"overriddenFields":[]},{"@type":"mtTaskParameter","id":70398569,"name":"$Lkp_NS_ODBC_TRANSACTION_CreatedFrom_CreatedFrom$","type":"LOOKUP","label":"Lkp_NS_ODBC_TRANSACTION_CreatedFrom_CreatedFrom","uiProperties":{"connectionParameterized":"false","isCachedLookup":"true","objectParameterized":"false","visible":"false"},"lookupConnectionId":"@brwXcX8SFwdiPZrkZpvZQG","lookupObject":"TRANSACTIONS","lookupObjectLabel":"TRANSACTIONS","newFlatFile":false,"newObject":false,"showBusinessNames":false,"naturalOrder":true,"truncateTarget":false,"bulkApiDBTarget":false,"customFuncCfg":{"@type":"customFuncConfig","id":-1,"connections":[],"inputMap":[],"outputFields":[]},"tgtFieldRefs":{},"targetUpdateColumns":[],"runtimeAttrs":{},"isRESTModernSource":true,"isFileList":false,"handleSpecialChars":false,"frsAsset":false,"tgtObjectAttributes":{},"runtimeParameterData":{"@type":"mtTaskRuntimeParameterData","isConnectionRuntimeParameter":false,"isObjectRuntimeParameter":false},"overriddenFields":[]},{"@type":"mtTaskParameter","id":70398570,"name":"$Lkp_NS_ODBC_TRANSACTION_Get_AppliedToTransaction$","type":"LOOKUP","label":"Lkp_NS_ODBC_TRANSACTION_Get_AppliedToTransaction","uiProperties":{"connectionParameterized":"false","isCachedLookup":"true","objectParameterized":"false","visible":"false"},"lookupConnectionId":"@brwXcX8SFwdiPZrkZpvZQG","lookupObject":"TRANSACTIONS","lookupObjectLabel":"TRANSACTIONS","newFlatFile":false,"newObject":false,"showBusinessNames":false,"naturalOrder":true,"truncateTarget":false,"bulkApiDBTarget":false,"customFuncCfg":{"@type":"customFuncConfig","id":-1,"connections":[],"inputMap":[],"outputFields":[]},"tgtFieldRefs":{},"targetUpdateColumns":[],"runtimeAttrs":{},"isRESTModernSource":true,"isFileList":false,"handleSpecialChars":false,"frsAsset":false,"tgtObjectAttributes":{},"runtimeParameterData":{"@type":"mtTaskRuntimeParameterData","isConnectionRuntimeParameter":false,"isObjectRuntimeParameter":false},"overriddenFields":[]},{"@type":"mtTaskParameter","id":70398571,"name":"$Lkp_NS_ODBC_TRANSACTION_LINES_Applying$","type":"LOOKUP","label":"Lkp_NS_ODBC_TRANSACTION_LINES_Applying","uiProperties":{"connectionParameterized":"false","isCachedLookup":"true","objectParameterized":"false","visible":"false"},"lookupConnectionId":"@brwXcX8SFwdiPZrkZpvZQG","lookupObject":"TRANSACTION_LINES","lookupObjectLabel":"TRANSACTION_LINES","newFlatFile":false,"newObject":false,"showBusinessNames":false,"naturalOrder":true,"truncateTarget":false,"bulkApiDBTarget":false,"customFuncCfg":{"@type":"customFuncConfig","id":-1,"connections":[],"inputMap":[],"outputFields":[]},"tgtFieldRefs":{},"targetUpdateColumns":[],"runtimeAttrs":{},"isRESTModernSource":true,"isFileList":false,"handleSpecialChars":false,"frsAsset":false,"tgtObjectAttributes":{},"runtimeParameterData":{"@type":"mtTaskRuntimeParameterData","isConnectionRuntimeParameter":false,"isObjectRuntimeParameter":false},"overriddenFields":[]},{"@type":"mtTaskParameter","id":70398572,"name":"$Lkp_NS_ODBC_TRANSACTION_LINE_AppToTranLines$","type":"LOOKUP","label":"Lkp_NS_ODBC_TRANSACTION_LINE_AppToTranLines","uiProperties":{"connectionParameterized":"false","isCachedLookup":"true","objectParameterized":"false","visible":"false"},"lookupConnectionId":"@brwXcX8SFwdiPZrkZpvZQG","lookupObject":"TRANSACTION_LINES","lookupObjectLabel":"TRANSACTION_LINES","newFlatFile":false,"newObject":false,"showBusinessNames":false,"naturalOrder":true,"truncateTarget":false,"bulkApiDBTarget":false,"customFuncCfg":{"@type":"customFuncConfig","id":-1,"connections":[],"inputMap":[],"outputFields":[]},"tgtFieldRefs":{},"targetUpdateColumns":[],"runtimeAttrs":{},"isRESTModernSource":true,"isFileList":false,"handleSpecialChars":false,"frsAsset":false,"tgtObjectAttributes":{},"runtimeParameterData":{"@type":"mtTaskRuntimeParameterData","isConnectionRuntimeParameter":false,"isObjectRuntimeParameter":false},"overriddenFields":[]},{"@type":"mtTaskParameter","id":70398573,"name":"$Lkp_NS_ODBC_TRANSACTION_LINK_AppliedToTransaction$","type":"LOOKUP","label":"Lkp_NS_ODBC_TRANSACTION_LINK_AppliedToTransaction","uiProperties":{"connectionParameterized":"false","isCachedLookup":"true","objectParameterized":"false","visible":"false"},"lookupConnectionId":"@brwXcX8SFwdiPZrkZpvZQG","lookupObject":"TRANSACTION_LINKS","lookupObjectLabel":"TRANSACTION_LINKS","newFlatFile":false,"newObject":false,"showBusinessNames":false,"naturalOrder":true,"truncateTarget":false,"bulkApiDBTarget":false,"customFuncCfg":{"@type":"customFuncConfig","id":-1,"connections":[],"inputMap":[],"outputFields":[]},"tgtFieldRefs":{},"targetUpdateColumns":[],"runtimeAttrs":{},"isRESTModernSource":true,"isFileList":false,"handleSpecialChars":false,"frsAsset":false,"tgtObjectAttributes":{},"runtimeParameterData":{"@type":"mtTaskRuntimeParameterData","isConnectionRuntimeParameter":false,"isObjectRuntimeParameter":false},"overriddenFields":[]},{"@type":"mtTaskParameter","id":70398574,"name":"$Lkp_NS_ODBC_TRANSACTION_LINK_Applying$","type":"LOOKUP","label":"Lkp_NS_ODBC_TRANSACTION_LINK_Applying","uiProperties":{"connectionParameterized":"false","isCachedLookup":"true","objectParameterized":"false","visible":"false"},"lookupConnectionId":"@brwXcX8SFwdiPZrkZpvZQG","lookupObject":"TRANSACTION_LINKS","lookupObjectLabel":"TRANSACTION_LINKS","newFlatFile":false,"newObject":false,"showBusinessNames":false,"naturalOrder":true,"truncateTarget":false,"bulkApiDBTarget":false,"customFuncCfg":{"@type":"customFuncConfig","id":-1,"connections":[],"inputMap":[],"outputFields":[]},"tgtFieldRefs":{},"targetUpdateColumns":[],"runtimeAttrs":{},"isRESTModernSource":true,"isFileList":false,"handleSpecialChars":false,"frsAsset":false,"tgtObjectAttributes":{},"runtimeParameterData":{"@type":"mtTaskRuntimeParameterData","isConnectionRuntimeParameter":false,"isObjectRuntimeParameter":false},"overriddenFields":[]}],"sequences":[],"inOutParameters":[],"connRuntimeAttrs":[]}]