[{"@type":"mtTask","id":"@1","name":"mct_NS_FF_Emp_Okta_Rescind_Reactivations","description":"","errorTaskEmail":{"@type":"taskEmail","id":347034,"emails":"sri.battu@appdynamics.com","emailType":"ERROR"},"successTaskEmail":{"@type":"taskEmail","id":347035,"emails":"sri.battu@appdynamics.com","emailType":"SUCCESS"},"warningTaskEmail":{"@type":"taskEmail","id":347036,"emails":"sri.battu@appdynamics.com","emailType":"WARNING"},"runtimeEnvironmentId":"@1KKuSUw1Rkfbzmz4wJo8eb","postProcessingCmd":"sh /opt/infaagent/apps/Data_Integration_Server/data/stage/Scripts/okta_rescind_run.sh","maxLogs":10,"verbose":false,"lastRunTime":1612371031000,"mappingId":"@8cTfH67aomLfA62ttaVwEd","shortDescription":"","sessionPropertiesList":[],"enableCrossSchemaPushdown":true,"enableParallelRun":false,"autoTunedApplied":false,"autoTunedAppliedType":"NONE","paramFileType":"PARAM_FILE_LOCAL","parameterFileEncoding":"UTF-8","serverlessProperties":{},"parameters":[{"@type":"mtTaskParameter","id":113184591,"name":"$src_NS_Employee_Rescinds$","type":"SOURCE","label":"src_NS_Employee_Rescinds","uiProperties":{"connectionParameterized":"false","objectParameterized":"false","visible":"false"},"sourceConnectionId":"@4CCGgqXCJRHckum26BMe2M","sourceObject":"DUMMY_src_NS_Employee_Rescinds","newFlatFile":false,"newObject":false,"showBusinessNames":false,"naturalOrder":true,"truncateTarget":false,"bulkApiDBTarget":false,"customFuncCfg":{"@type":"customFuncConfig","id":-1,"connections":[],"inputMap":[],"outputFields":[]},"tgtFieldRefs":{},"targetUpdateColumns":[],"runtimeAttrs":{},"isRESTModernSource":true,"customQuery":"select a.author_id, a.company_id, a.date_created,a.name,a.standard_field,a.value_new, a.value_old, \n          b.employee_id, b.cisco_employee_id, b.email, b.cisco_employee_email, \n          b.cisco_user_status, b.cisco_worker_type, b.supervisor_id, b.name,\n           b.isinactive, b.releasedate from system_notes a, employees b where \n         a.date_created  > to_date('01-01-2021', 'MM-DD-YYYY') \n         and b.releasedate > current_date\n          and \n          ( ( a.name = 'CHANGE Termination/Release Date'\n         and a.standard_field = 'RELEASEDATE'\n         and a.value_old is not null \n         and a.value_new is not null\n         and to_date(a.value_new, 'MM/DD/YYYY') > to_date(a.value_old, 'MM/DD/YYYY')\n         and to_date(a.value_old, 'MM/DD/YYYY') <= current_date\n         and to_date(a.value_old, 'MM/DD/YYYY') <= a.date_created\n         and to_date (a.value_new, 'MM/DD/YYYY') > current_date  \n         and datediff(day, current_date, to_date(a.value_old, 'MM/DD/YYYY')) <= 30 \n         and a.company_id = b.employee_id\n         and b.isinactive = 'No' )\n        or \n          ( a.name = 'CHANGE Termination/Release Date' \n            and a.standard_field = 'RELEASEDATE'\n            and a.value_old is null\n            and a.value_new is not null\n            and to_date (a.value_new, 'MM/DD/YYYY') > current_date\n            and (a.date_created = current_date)     \n            and a.company_id = b.employee_id\n            and b.isinactive = 'No') )","isFileList":false,"handleSpecialChars":false,"frsAsset":false,"dynamicFileName":false,"currentlyProcessedFileName":false,"tgtObjectAttributes":{},"runtimeParameterData":{"@type":"mtTaskRuntimeParameterData","isConnectionRuntimeParameter":false,"isObjectRuntimeParameter":false},"overriddenFields":[]},{"@type":"mtTaskParameter","id":113184592,"name":"$tgt_FF_Employee_Rescinds$","type":"TARGET","label":"tgt_FF_Employee_Rescinds","uiProperties":{"connectionParameterized":"false","objectParameterized":"false","visible":"false","defaultTargetUpdateColumns":""},"targetConnectionId":"@1AoqRRcFAVobCrPGI9Fgac","targetObject":"FF_Okta_Users_From_Netsuite_Rescind.csv","targetObjectLabel":"FF_Okta_Users_From_Netsuite_Rescind.csv","newFlatFile":false,"newObject":false,"showBusinessNames":false,"naturalOrder":true,"truncateTarget":false,"bulkApiDBTarget":false,"operationType":"Insert","tgtFFAttrs":{"@type":"flatFileAttrs","id":2516942,"delimiter":",","textQualifier":"\"","escapeChar":"","headerLineNo":1},"customFuncCfg":{"@type":"customFuncConfig","id":-1,"connections":[],"inputMap":[],"outputFields":[]},"tgtFieldRefs":{},"targetUpdateColumns":[],"extendedObject":{"@type":"extendedObject","filters":[],"sortFields":[]},"runtimeAttrs":{},"isRESTModernSource":true,"isFileList":false,"handleSpecialChars":false,"frsAsset":false,"dynamicFileName":false,"currentlyProcessedFileName":false,"tgtObjectAttributes":{},"runtimeParameterData":{"@type":"mtTaskRuntimeParameterData","isConnectionRuntimeParameter":false,"isObjectRuntimeParameter":false},"overriddenFields":[]}],"sequences":[],"inOutParameters":[],"connRuntimeAttrs":[]}]