[{"@type":"dssTask","id":"@1","name":"DSS_Invoice_Ok2Pay_00_NS_To_File_Accounts","description":"","maxLogs":10,"sourceConnectionId":"@2HkgXY792eLcO5miPnn8me","targetConnectionId":"@6ey2Cmo3PaHcsThnJ0TYui","targetObject":"FF_Accounts_FromNetSuite.csv","targetObjectLabel":"FF_Accounts_FromNetSuite.csv","targetChildObjectLabel":"","operation":"Insert","maxRows":0,"truncateTarget":false,"bulkApiDBTarget":false,"verbose":false,"tgtFlatFileAttrs":{"@type":"flatFileAttrs","id":44309,"delimiter":",","textQualifier":"\"","escapeChar":"","headerLineNo":1,"firstDataRow":2},"targetMetadataUpdated":false,"modelVersion":"V3-R600","queryAll":false,"srcSettings":{"@type":"taskDataSourceSetting","isShowLabels":true,"isNaturalOrder":true},"tgtSettings":{"@type":"taskDataSourceSetting","isShowLabels":false,"isNaturalOrder":true},"cfSettings":{"@type":"taskDataSourceSetting","isShowLabels":false,"isNaturalOrder":true},"bulkApi":false,"bulkApiSerialMode":false,"bulkApiMonitor":false,"isTargetObjectSfCustom":false,"allowNullUpdates":false,"targetBatchSize":200,"assignmentRuleId":"-1","assignmentRuleType":"None","createSuccessFile":false,"bulkApiHardDelete":false,"srcRuntimeAttrs":{"@type":"taskRuntimeAttrs","attrs":{"Start Date":"","End Date":"","Maximum Number of Records to be read":"0","Retry Delay":"15","Page Size":"1000","Concurrent Threads":"1","Number of Retry":"3","Get Deleted":"0"}},"tgtRuntimeAttrs":{"@type":"taskRuntimeAttrs","attrs":{}},"sourceObjects":[{"@type":"mObject","name":"Account","label":"Account","metadataUpdated":false,"relations":[],"children":[]}],"advancedFilters":[],"filters":[],"fieldMaps":[{"@type":"fieldMap","id":"954997","targetField":{"@type":"field","id":2350774,"name":"acctType","type":"nstring","uniqueName":"acctType","label":"acctType","parentObject":"FF_Accounts_FromNetSuite.csv","pcType":"UNISTRING","precision":256,"scale":0,"columnIndex":0,"isKey":false,"isExternalId":false,"isSfIdLookup":false,"isNullable":true,"isUnique":false,"isCreateable":false,"isUpdateable":true,"isFilterable":true,"isCalculated":false,"showLabel":false,"naturalOrder":0,"linkedFields":["acctType"],"relatedInfos":[],"references":[]},"expression":"acctType"},{"@type":"fieldMap","id":"954998","targetField":{"@type":"field","id":2350775,"name":"acctNumber","type":"nstring","uniqueName":"acctNumber","label":"acctNumber","parentObject":"FF_Accounts_FromNetSuite.csv","pcType":"UNISTRING","precision":256,"scale":0,"columnIndex":1,"isKey":false,"isExternalId":false,"isSfIdLookup":false,"isNullable":true,"isUnique":false,"isCreateable":false,"isUpdateable":true,"isFilterable":true,"isCalculated":false,"showLabel":false,"naturalOrder":0,"linkedFields":["acctNumber"],"relatedInfos":[],"references":[]},"expression":"acctNumber"},{"@type":"fieldMap","id":"954999","targetField":{"@type":"field","id":2350776,"name":"acctName","type":"nstring","uniqueName":"acctName","label":"acctName","parentObject":"FF_Accounts_FromNetSuite.csv","pcType":"UNISTRING","precision":256,"scale":0,"columnIndex":2,"isKey":false,"isExternalId":false,"isSfIdLookup":false,"isNullable":true,"isUnique":false,"isCreateable":false,"isUpdateable":true,"isFilterable":true,"isCalculated":false,"showLabel":false,"naturalOrder":0,"linkedFields":["acctName"],"relatedInfos":[],"references":[]},"expression":"acctName"},{"@type":"fieldMap","id":"955000","targetField":{"@type":"field","id":2350777,"name":"isInactive","type":"int","uniqueName":"isInactive","label":"isInactive","parentObject":"FF_Accounts_FromNetSuite.csv","pcType":"INT","precision":10,"scale":0,"columnIndex":3,"isKey":false,"isExternalId":false,"isSfIdLookup":false,"isNullable":true,"isUnique":false,"isCreateable":false,"isUpdateable":true,"isFilterable":true,"isCalculated":false,"showLabel":false,"naturalOrder":0,"linkedFields":["isInactive"],"relatedInfos":[],"references":[]},"expression":"isInactive"},{"@type":"fieldMap","id":"955001","targetField":{"@type":"field","id":2350778,"name":"internalId","type":"nstring","uniqueName":"internalId","label":"internalId","parentObject":"FF_Accounts_FromNetSuite.csv","pcType":"UNISTRING","precision":256,"scale":0,"columnIndex":4,"isKey":false,"isExternalId":false,"isSfIdLookup":false,"isNullable":true,"isUnique":false,"isCreateable":false,"isUpdateable":true,"isFilterable":true,"isCalculated":false,"showLabel":false,"naturalOrder":0,"linkedFields":["internalId"],"relatedInfos":[],"references":[]},"expression":"internalId"},{"@type":"fieldMap","id":"955002","targetField":{"@type":"field","id":2350779,"name":"externalId","type":"nstring","uniqueName":"externalId","label":"externalId","parentObject":"FF_Accounts_FromNetSuite.csv","pcType":"UNISTRING","precision":256,"scale":0,"columnIndex":5,"isKey":false,"isExternalId":false,"isSfIdLookup":false,"isNullable":true,"isUnique":false,"isCreateable":false,"isUpdateable":true,"isFilterable":true,"isCalculated":false,"showLabel":false,"naturalOrder":0,"linkedFields":["externalId"],"relatedInfos":[],"references":[]},"expression":"externalId"}],"sourceFields":[{"@type":"field","id":2350780,"name":"acctType","type":"string","uniqueName":"acctType","label":"acctType","parentObject":"Account","pcType":"NSTRING","precision":256,"scale":0,"columnIndex":-1,"isKey":false,"isExternalId":false,"isSfIdLookup":false,"isNullable":true,"isUnique":false,"isCreateable":false,"isUpdateable":true,"isFilterable":false,"isCalculated":false,"javaType":"java.lang.String","showLabel":true,"naturalOrder":0,"linkedFields":["acctType"],"relatedInfos":[],"references":[]},{"@type":"field","id":2350781,"name":"unitsType_InternalId","type":"string","uniqueName":"unitsType_InternalId","label":"unitsType_InternalId","parentObject":"Account","pcType":"NSTRING","precision":256,"scale":0,"columnIndex":-1,"isKey":false,"isExternalId":false,"isSfIdLookup":false,"isNullable":true,"isUnique":false,"isCreateable":false,"isUpdateable":true,"isFilterable":false,"isCalculated":false,"javaType":"java.lang.String","showLabel":true,"naturalOrder":1,"linkedFields":[],"relatedInfos":[],"references":[]},{"@type":"field","id":2350782,"name":"unitsType_ExternalId","type":"string","uniqueName":"unitsType_ExternalId","label":"unitsType_ExternalId","parentObject":"Account","pcType":"NSTRING","precision":256,"scale":0,"columnIndex":-1,"isKey":false,"isExternalId":false,"isSfIdLookup":false,"isNullable":true,"isUnique":false,"isCreateable":false,"isUpdateable":true,"isFilterable":false,"isCalculated":false,"javaType":"java.lang.String","showLabel":true,"naturalOrder":2,"linkedFields":[],"relatedInfos":[],"references":[]},{"@type":"field","id":2350783,"name":"unitsType_Type","type":"string","uniqueName":"unitsType_Type","label":"unitsType_Type","parentObject":"Account","pcType":"NSTRING","precision":256,"scale":0,"columnIndex":-1,"isKey":false,"isExternalId":false,"isSfIdLookup":false,"isNullable":true,"isUnique":false,"isCreateable":false,"isUpdateable":true,"isFilterable":false,"isCalculated":false,"javaType":"java.lang.String","showLabel":true,"naturalOrder":3,"linkedFields":[],"relatedInfos":[],"references":[]},{"@type":"field","id":2350784,"name":"unitsType_Name","type":"string","uniqueName":"unitsType_Name","label":"unitsType_Name","parentObject":"Account","pcType":"NSTRING","precision":256,"scale":0,"columnIndex":-1,"isKey":false,"isExternalId":false,"isSfIdLookup":false,"isNullable":true,"isUnique":false,"isCreateable":false,"isUpdateable":true,"isFilterable":false,"isCalculated":false,"javaType":"java.lang.String","showLabel":true,"naturalOrder":4,"linkedFields":[],"relatedInfos":[],"references":[]},{"@type":"field","id":2350785,"name":"unit_InternalId","type":"string","uniqueName":"unit_InternalId","label":"unit_InternalId","parentObject":"Account","pcType":"NSTRING","precision":256,"scale":0,"columnIndex":-1,"isKey":false,"isExternalId":false,"isSfIdLookup":false,"isNullable":true,"isUnique":false,"isCreateable":false,"isUpdateable":true,"isFilterable":false,"isCalculated":false,"javaType":"java.lang.String","showLabel":true,"naturalOrder":5,"linkedFields":[],"relatedInfos":[],"references":[]},{"@type":"field","id":2350786,"name":"unit_ExternalId","type":"string","uniqueName":"unit_ExternalId","label":"unit_ExternalId","parentObject":"Account","pcType":"NSTRING","precision":256,"scale":0,"columnIndex":-1,"isKey":false,"isExternalId":false,"isSfIdLookup":false,"isNullable":true,"isUnique":false,"isCreateable":false,"isUpdateable":true,"isFilterable":false,"isCalculated":false,"javaType":"java.lang.String","showLabel":true,"naturalOrder":6,"linkedFields":[],"relatedInfos":[],"references":[]},{"@type":"field","id":2350787,"name":"unit_Type","type":"string","uniqueName":"unit_Type","label":"unit_Type","parentObject":"Account","pcType":"NSTRING","precision":256,"scale":0,"columnIndex":-1,"isKey":false,"isExternalId":false,"isSfIdLookup":false,"isNullable":true,"isUnique":false,"isCreateable":false,"isUpdateable":true,"isFilterable":false,"isCalculated":false,"javaType":"java.lang.String","showLabel":true,"naturalOrder":7,"linkedFields":[],"relatedInfos":[],"references":[]},{"@type":"field","id":2350788,"name":"unit_Name","type":"string","uniqueName":"unit_Name","label":"unit_Name","parentObject":"Account","pcType":"NSTRING","precision":256,"scale":0,"columnIndex":-1,"isKey":false,"isExternalId":false,"isSfIdLookup":false,"isNullable":true,"isUnique":false,"isCreateable":false,"isUpdateable":true,"isFilterable":false,"isCalculated":false,"javaType":"java.lang.String","showLabel":true,"naturalOrder":8,"linkedFields":[],"relatedInfos":[],"references":[]},{"@type":"field","id":2350789,"name":"acctNumber","type":"string","uniqueName":"acctNumber","label":"acctNumber","parentObject":"Account","pcType":"NSTRING","precision":256,"scale":0,"columnIndex":-1,"isKey":false,"isExternalId":false,"isSfIdLookup":false,"isNullable":true,"isUnique":false,"isCreateable":false,"isUpdateable":true,"isFilterable":false,"isCalculated":false,"javaType":"java.lang.String","showLabel":true,"naturalOrder":9,"linkedFields":["acctNumber"],"relatedInfos":[],"references":[]},{"@type":"field","id":2350790,"name":"acctName","type":"string","uniqueName":"acctName","label":"acctName","parentObject":"Account","pcType":"NSTRING","precision":256,"scale":0,"columnIndex":-1,"isKey":false,"isExternalId":false,"isSfIdLookup":false,"isNullable":true,"isUnique":false,"isCreateable":false,"isUpdateable":true,"isFilterable":false,"isCalculated":false,"javaType":"java.lang.String","showLabel":true,"naturalOrder":10,"linkedFields":["acctName"],"relatedInfos":[],"references":[]},{"@type":"field","id":2350791,"name":"includeChildren","type":"boolean","uniqueName":"includeChildren","label":"includeChildren","parentObject":"Account","pcType":"SMALL_INTEGER","precision":2,"scale":0,"columnIndex":-1,"isKey":false,"isExternalId":false,"isSfIdLookup":false,"isNullable":true,"isUnique":false,"isCreateable":false,"isUpdateable":true,"isFilterable":false,"isCalculated":false,"javaType":"java.lang.Boolean","showLabel":true,"naturalOrder":11,"linkedFields":[],"relatedInfos":[],"references":[]},{"@type":"field","id":2350792,"name":"currency_InternalId","type":"string","uniqueName":"currency_InternalId","label":"currency_InternalId","parentObject":"Account","pcType":"NSTRING","precision":256,"scale":0,"columnIndex":-1,"isKey":false,"isExternalId":false,"isSfIdLookup":false,"isNullable":true,"isUnique":false,"isCreateable":false,"isUpdateable":true,"isFilterable":false,"isCalculated":false,"javaType":"java.lang.String","showLabel":true,"naturalOrder":12,"linkedFields":[],"relatedInfos":[],"references":[]},{"@type":"field","id":2350793,"name":"currency_ExternalId","type":"string","uniqueName":"currency_ExternalId","label":"currency_ExternalId","parentObject":"Account","pcType":"NSTRING","precision":256,"scale":0,"columnIndex":-1,"isKey":false,"isExternalId":false,"isSfIdLookup":false,"isNullable":true,"isUnique":false,"isCreateable":false,"isUpdateable":true,"isFilterable":false,"isCalculated":false,"javaType":"java.lang.String","showLabel":true,"naturalOrder":13,"linkedFields":[],"relatedInfos":[],"references":[]},{"@type":"field","id":2350794,"name":"currency_Type","type":"string","uniqueName":"currency_Type","label":"currency_Type","parentObject":"Account","pcType":"NSTRING","precision":256,"scale":0,"columnIndex":-1,"isKey":false,"isExternalId":false,"isSfIdLookup":false,"isNullable":true,"isUnique":false,"isCreateable":false,"isUpdateable":true,"isFilterable":false,"isCalculated":false,"javaType":"java.lang.String","showLabel":true,"naturalOrder":14,"linkedFields":[],"relatedInfos":[],"references":[]},{"@type":"field","id":2350795,"name":"currency_Name","type":"string","uniqueName":"currency_Name","label":"currency_Name","parentObject":"Account","pcType":"NSTRING","precision":256,"scale":0,"columnIndex":-1,"isKey":false,"isExternalId":false,"isSfIdLookup":false,"isNullable":true,"isUnique":false,"isCreateable":false,"isUpdateable":true,"isFilterable":false,"isCalculated":false,"javaType":"java.lang.String","showLabel":true,"naturalOrder":15,"linkedFields":[],"relatedInfos":[],"references":[]},{"@type":"field","id":2350796,"name":"exchangeRate","type":"string","uniqueName":"exchangeRate","label":"exchangeRate","parentObject":"Account","pcType":"NSTRING","precision":256,"scale":0,"columnIndex":-1,"isKey":false,"isExternalId":false,"isSfIdLookup":false,"isNullable":true,"isUnique":false,"isCreateable":false,"isUpdateable":true,"isFilterable":false,"isCalculated":false,"javaType":"java.lang.String","showLabel":true,"naturalOrder":16,"linkedFields":[],"relatedInfos":[],"references":[]},{"@type":"field","id":2350797,"name":"generalRate","type":"string","uniqueName":"generalRate","label":"generalRate","parentObject":"Account","pcType":"NSTRING","precision":256,"scale":0,"columnIndex":-1,"isKey":false,"isExternalId":false,"isSfIdLookup":false,"isNullable":true,"isUnique":false,"isCreateable":false,"isUpdateable":true,"isFilterable":false,"isCalculated":false,"javaType":"java.lang.String","showLabel":true,"naturalOrder":17,"linkedFields":[],"relatedInfos":[],"references":[]},{"@type":"field","id":2350798,"name":"parent_InternalId","type":"string","uniqueName":"parent_InternalId","label":"parent_InternalId","parentObject":"Account","pcType":"NSTRING","precision":256,"scale":0,"columnIndex":-1,"isKey":false,"isExternalId":false,"isSfIdLookup":false,"isNullable":true,"isUnique":false,"isCreateable":false,"isUpdateable":true,"isFilterable":false,"isCalculated":false,"javaType":"java.lang.String","showLabel":true,"naturalOrder":18,"linkedFields":[],"relatedInfos":[],"references":[]},{"@type":"field","id":2350799,"name":"parent_ExternalId","type":"string","uniqueName":"parent_ExternalId","label":"parent_ExternalId","parentObject":"Account","pcType":"NSTRING","precision":256,"scale":0,"columnIndex":-1,"isKey":false,"isExternalId":false,"isSfIdLookup":false,"isNullable":true,"isUnique":false,"isCreateable":false,"isUpdateable":true,"isFilterable":false,"isCalculated":false,"javaType":"java.lang.String","showLabel":true,"naturalOrder":19,"linkedFields":[],"relatedInfos":[],"references":[]},{"@type":"field","id":2350800,"name":"parent_Type","type":"string","uniqueName":"parent_Type","label":"parent_Type","parentObject":"Account","pcType":"NSTRING","precision":256,"scale":0,"columnIndex":-1,"isKey":false,"isExternalId":false,"isSfIdLookup":false,"isNullable":true,"isUnique":false,"isCreateable":false,"isUpdateable":true,"isFilterable":false,"isCalculated":false,"javaType":"java.lang.String","showLabel":true,"naturalOrder":20,"linkedFields":[],"relatedInfos":[],"references":[]},{"@type":"field","id":2350801,"name":"parent_Name","type":"string","uniqueName":"parent_Name","label":"parent_Name","parentObject":"Account","pcType":"NSTRING","precision":256,"scale":0,"columnIndex":-1,"isKey":false,"isExternalId":false,"isSfIdLookup":false,"isNullable":true,"isUnique":false,"isCreateable":false,"isUpdateable":true,"isFilterable":false,"isCalculated":false,"javaType":"java.lang.String","showLabel":true,"naturalOrder":21,"linkedFields":[],"relatedInfos":[],"references":[]},{"@type":"field","id":2350802,"name":"cashFlowRate","type":"string","uniqueName":"cashFlowRate","label":"cashFlowRate","parentObject":"Account","pcType":"NSTRING","precision":256,"scale":0,"columnIndex":-1,"isKey":false,"isExternalId":false,"isSfIdLookup":false,"isNullable":true,"isUnique":false,"isCreateable":false,"isUpdateable":true,"isFilterable":false,"isCalculated":false,"javaType":"java.lang.String","showLabel":true,"naturalOrder":22,"linkedFields":[],"relatedInfos":[],"references":[]},{"@type":"field","id":2350803,"name":"billableExpensesAcct_InternalId","type":"string","uniqueName":"billableExpensesAcct_InternalId","label":"billableExpensesAcct_InternalId","parentObject":"Account","pcType":"NSTRING","precision":256,"scale":0,"columnIndex":-1,"isKey":false,"isExternalId":false,"isSfIdLookup":false,"isNullable":true,"isUnique":false,"isCreateable":false,"isUpdateable":true,"isFilterable":false,"isCalculated":false,"javaType":"java.lang.String","showLabel":true,"naturalOrder":23,"linkedFields":[],"relatedInfos":[],"references":[]},{"@type":"field","id":2350804,"name":"billableExpensesAcct_ExternalId","type":"string","uniqueName":"billableExpensesAcct_ExternalId","label":"billableExpensesAcct_ExternalId","parentObject":"Account","pcType":"NSTRING","precision":256,"scale":0,"columnIndex":-1,"isKey":false,"isExternalId":false,"isSfIdLookup":false,"isNullable":true,"isUnique":false,"isCreateable":false,"isUpdateable":true,"isFilterable":false,"isCalculated":false,"javaType":"java.lang.String","showLabel":true,"naturalOrder":24,"linkedFields":[],"relatedInfos":[],"references":[]},{"@type":"field","id":2350805,"name":"billableExpensesAcct_Type","type":"string","uniqueName":"billableExpensesAcct_Type","label":"billableExpensesAcct_Type","parentObject":"Account","pcType":"NSTRING","precision":256,"scale":0,"columnIndex":-1,"isKey":false,"isExternalId":false,"isSfIdLookup":false,"isNullable":true,"isUnique":false,"isCreateable":false,"isUpdateable":true,"isFilterable":false,"isCalculated":false,"javaType":"java.lang.String","showLabel":true,"naturalOrder":25,"linkedFields":[],"relatedInfos":[],"references":[]},{"@type":"field","id":2350806,"name":"billableExpensesAcct_Name","type":"string","uniqueName":"billableExpensesAcct_Name","label":"billableExpensesAcct_Name","parentObject":"Account","pcType":"NSTRING","precision":256,"scale":0,"columnIndex":-1,"isKey":false,"isExternalId":false,"isSfIdLookup":false,"isNullable":true,"isUnique":false,"isCreateable":false,"isUpdateable":true,"isFilterable":false,"isCalculated":false,"javaType":"java.lang.String","showLabel":true,"naturalOrder":26,"linkedFields":[],"relatedInfos":[],"references":[]},{"@type":"field","id":2350807,"name":"deferralAcct_InternalId","type":"string","uniqueName":"deferralAcct_InternalId","label":"deferralAcct_InternalId","parentObject":"Account","pcType":"NSTRING","precision":256,"scale":0,"columnIndex":-1,"isKey":false,"isExternalId":false,"isSfIdLookup":false,"isNullable":true,"isUnique":false,"isCreateable":false,"isUpdateable":true,"isFilterable":false,"isCalculated":false,"javaType":"java.lang.String","showLabel":true,"naturalOrder":27,"linkedFields":[],"relatedInfos":[],"references":[]},{"@type":"field","id":2350808,"name":"deferralAcct_ExternalId","type":"string","uniqueName":"deferralAcct_ExternalId","label":"deferralAcct_ExternalId","parentObject":"Account","pcType":"NSTRING","precision":256,"scale":0,"columnIndex":-1,"isKey":false,"isExternalId":false,"isSfIdLookup":false,"isNullable":true,"isUnique":false,"isCreateable":false,"isUpdateable":true,"isFilterable":false,"isCalculated":false,"javaType":"java.lang.String","showLabel":true,"naturalOrder":28,"linkedFields":[],"relatedInfos":[],"references":[]},{"@type":"field","id":2350809,"name":"deferralAcct_Type","type":"string","uniqueName":"deferralAcct_Type","label":"deferralAcct_Type","parentObject":"Account","pcType":"NSTRING","precision":256,"scale":0,"columnIndex":-1,"isKey":false,"isExternalId":false,"isSfIdLookup":false,"isNullable":true,"isUnique":false,"isCreateable":false,"isUpdateable":true,"isFilterable":false,"isCalculated":false,"javaType":"java.lang.String","showLabel":true,"naturalOrder":29,"linkedFields":[],"relatedInfos":[],"references":[]},{"@type":"field","id":2350810,"name":"deferralAcct_Name","type":"string","uniqueName":"deferralAcct_Name","label":"deferralAcct_Name","parentObject":"Account","pcType":"NSTRING","precision":256,"scale":0,"columnIndex":-1,"isKey":false,"isExternalId":false,"isSfIdLookup":false,"isNullable":true,"isUnique":false,"isCreateable":false,"isUpdateable":true,"isFilterable":false,"isCalculated":false,"javaType":"java.lang.String","showLabel":true,"naturalOrder":30,"linkedFields":[],"relatedInfos":[],"references":[]},{"@type":"field","id":2350811,"name":"description","type":"string","uniqueName":"description","label":"description","parentObject":"Account","pcType":"NSTRING","precision":256,"scale":0,"columnIndex":-1,"isKey":false,"isExternalId":false,"isSfIdLookup":false,"isNullable":true,"isUnique":false,"isCreateable":false,"isUpdateable":true,"isFilterable":true,"isCalculated":false,"javaType":"java.lang.String","showLabel":true,"naturalOrder":31,"linkedFields":[],"relatedInfos":[],"references":[]},{"@type":"field","id":2350812,"name":"curDocNum","type":"long","uniqueName":"curDocNum","label":"curDocNum","parentObject":"Account","pcType":"BIGINT","precision":15,"scale":0,"columnIndex":-1,"isKey":false,"isExternalId":false,"isSfIdLookup":false,"isNullable":true,"isUnique":false,"isCreateable":false,"isUpdateable":true,"isFilterable":false,"isCalculated":false,"javaType":"java.lang.Long","showLabel":true,"naturalOrder":32,"linkedFields":[],"relatedInfos":[],"references":[]},{"@type":"field","id":2350813,"name":"isInactive","type":"boolean","uniqueName":"isInactive","label":"isInactive","parentObject":"Account","pcType":"SMALL_INTEGER","precision":2,"scale":0,"columnIndex":-1,"isKey":false,"isExternalId":false,"isSfIdLookup":false,"isNullable":true,"isUnique":false,"isCreateable":false,"isUpdateable":true,"isFilterable":true,"isCalculated":false,"javaType":"java.lang.Boolean","showLabel":true,"naturalOrder":33,"linkedFields":["isInactive"],"relatedInfos":[],"references":[]},{"@type":"field","id":2350814,"name":"department_InternalId","type":"string","uniqueName":"department_InternalId","label":"department_InternalId","parentObject":"Account","pcType":"NSTRING","precision":256,"scale":0,"columnIndex":-1,"isKey":false,"isExternalId":false,"isSfIdLookup":false,"isNullable":true,"isUnique":false,"isCreateable":false,"isUpdateable":true,"isFilterable":false,"isCalculated":false,"javaType":"java.lang.String","showLabel":true,"naturalOrder":34,"linkedFields":[],"relatedInfos":[],"references":[]},{"@type":"field","id":2350815,"name":"department_ExternalId","type":"string","uniqueName":"department_ExternalId","label":"department_ExternalId","parentObject":"Account","pcType":"NSTRING","precision":256,"scale":0,"columnIndex":-1,"isKey":false,"isExternalId":false,"isSfIdLookup":false,"isNullable":true,"isUnique":false,"isCreateable":false,"isUpdateable":true,"isFilterable":false,"isCalculated":false,"javaType":"java.lang.String","showLabel":true,"naturalOrder":35,"linkedFields":[],"relatedInfos":[],"references":[]},{"@type":"field","id":2350816,"name":"department_Type","type":"string","uniqueName":"department_Type","label":"department_Type","parentObject":"Account","pcType":"NSTRING","precision":256,"scale":0,"columnIndex":-1,"isKey":false,"isExternalId":false,"isSfIdLookup":false,"isNullable":true,"isUnique":false,"isCreateable":false,"isUpdateable":true,"isFilterable":false,"isCalculated":false,"javaType":"java.lang.String","showLabel":true,"naturalOrder":36,"linkedFields":[],"relatedInfos":[],"references":[]},{"@type":"field","id":2350817,"name":"department_Name","type":"string","uniqueName":"department_Name","label":"department_Name","parentObject":"Account","pcType":"NSTRING","precision":256,"scale":0,"columnIndex":-1,"isKey":false,"isExternalId":false,"isSfIdLookup":false,"isNullable":true,"isUnique":false,"isCreateable":false,"isUpdateable":true,"isFilterable":false,"isCalculated":false,"javaType":"java.lang.String","showLabel":true,"naturalOrder":37,"linkedFields":[],"relatedInfos":[],"references":[]},{"@type":"field","id":2350818,"name":"clazz_InternalId","type":"string","uniqueName":"clazz_InternalId","label":"clazz_InternalId","parentObject":"Account","pcType":"NSTRING","precision":256,"scale":0,"columnIndex":-1,"isKey":false,"isExternalId":false,"isSfIdLookup":false,"isNullable":true,"isUnique":false,"isCreateable":false,"isUpdateable":true,"isFilterable":false,"isCalculated":false,"javaType":"java.lang.String","showLabel":true,"naturalOrder":38,"linkedFields":[],"relatedInfos":[],"references":[]},{"@type":"field","id":2350819,"name":"clazz_ExternalId","type":"string","uniqueName":"clazz_ExternalId","label":"clazz_ExternalId","parentObject":"Account","pcType":"NSTRING","precision":256,"scale":0,"columnIndex":-1,"isKey":false,"isExternalId":false,"isSfIdLookup":false,"isNullable":true,"isUnique":false,"isCreateable":false,"isUpdateable":true,"isFilterable":false,"isCalculated":false,"javaType":"java.lang.String","showLabel":true,"naturalOrder":39,"linkedFields":[],"relatedInfos":[],"references":[]},{"@type":"field","id":2350820,"name":"clazz_Type","type":"string","uniqueName":"clazz_Type","label":"clazz_Type","parentObject":"Account","pcType":"NSTRING","precision":256,"scale":0,"columnIndex":-1,"isKey":false,"isExternalId":false,"isSfIdLookup":false,"isNullable":true,"isUnique":false,"isCreateable":false,"isUpdateable":true,"isFilterable":false,"isCalculated":false,"javaType":"java.lang.String","showLabel":true,"naturalOrder":40,"linkedFields":[],"relatedInfos":[],"references":[]},{"@type":"field","id":2350821,"name":"clazz_Name","type":"string","uniqueName":"clazz_Name","label":"clazz_Name","parentObject":"Account","pcType":"NSTRING","precision":256,"scale":0,"columnIndex":-1,"isKey":false,"isExternalId":false,"isSfIdLookup":false,"isNullable":true,"isUnique":false,"isCreateable":false,"isUpdateable":true,"isFilterable":false,"isCalculated":false,"javaType":"java.lang.String","showLabel":true,"naturalOrder":41,"linkedFields":[],"relatedInfos":[],"references":[]},{"@type":"field","id":2350822,"name":"location_InternalId","type":"string","uniqueName":"location_InternalId","label":"location_InternalId","parentObject":"Account","pcType":"NSTRING","precision":256,"scale":0,"columnIndex":-1,"isKey":false,"isExternalId":false,"isSfIdLookup":false,"isNullable":true,"isUnique":false,"isCreateable":false,"isUpdateable":true,"isFilterable":false,"isCalculated":false,"javaType":"java.lang.String","showLabel":true,"naturalOrder":42,"linkedFields":[],"relatedInfos":[],"references":[]},{"@type":"field","id":2350823,"name":"location_ExternalId","type":"string","uniqueName":"location_ExternalId","label":"location_ExternalId","parentObject":"Account","pcType":"NSTRING","precision":256,"scale":0,"columnIndex":-1,"isKey":false,"isExternalId":false,"isSfIdLookup":false,"isNullable":true,"isUnique":false,"isCreateable":false,"isUpdateable":true,"isFilterable":false,"isCalculated":false,"javaType":"java.lang.String","showLabel":true,"naturalOrder":43,"linkedFields":[],"relatedInfos":[],"references":[]},{"@type":"field","id":2350824,"name":"location_Type","type":"string","uniqueName":"location_Type","label":"location_Type","parentObject":"Account","pcType":"NSTRING","precision":256,"scale":0,"columnIndex":-1,"isKey":false,"isExternalId":false,"isSfIdLookup":false,"isNullable":true,"isUnique":false,"isCreateable":false,"isUpdateable":true,"isFilterable":false,"isCalculated":false,"javaType":"java.lang.String","showLabel":true,"naturalOrder":44,"linkedFields":[],"relatedInfos":[],"references":[]},{"@type":"field","id":2350825,"name":"location_Name","type":"string","uniqueName":"location_Name","label":"location_Name","parentObject":"Account","pcType":"NSTRING","precision":256,"scale":0,"columnIndex":-1,"isKey":false,"isExternalId":false,"isSfIdLookup":false,"isNullable":true,"isUnique":false,"isCreateable":false,"isUpdateable":true,"isFilterable":false,"isCalculated":false,"javaType":"java.lang.String","showLabel":true,"naturalOrder":45,"linkedFields":[],"relatedInfos":[],"references":[]},{"@type":"field","id":2350826,"name":"inventory","type":"boolean","uniqueName":"inventory","label":"inventory","parentObject":"Account","pcType":"SMALL_INTEGER","precision":2,"scale":0,"columnIndex":-1,"isKey":false,"isExternalId":false,"isSfIdLookup":false,"isNullable":true,"isUnique":false,"isCreateable":false,"isUpdateable":true,"isFilterable":false,"isCalculated":false,"javaType":"java.lang.Boolean","showLabel":true,"naturalOrder":46,"linkedFields":[],"relatedInfos":[],"references":[]},{"@type":"field","id":2350827,"name":"eliminate","type":"boolean","uniqueName":"eliminate","label":"eliminate","parentObject":"Account","pcType":"SMALL_INTEGER","precision":2,"scale":0,"columnIndex":-1,"isKey":false,"isExternalId":false,"isSfIdLookup":false,"isNullable":true,"isUnique":false,"isCreateable":false,"isUpdateable":true,"isFilterable":false,"isCalculated":false,"javaType":"java.lang.Boolean","showLabel":true,"naturalOrder":47,"linkedFields":[],"relatedInfos":[],"references":[]},{"@type":"field","id":2350828,"name":"category1099Misc_InternalId","type":"string","uniqueName":"category1099Misc_InternalId","label":"category1099Misc_InternalId","parentObject":"Account","pcType":"NSTRING","precision":256,"scale":0,"columnIndex":-1,"isKey":false,"isExternalId":false,"isSfIdLookup":false,"isNullable":true,"isUnique":false,"isCreateable":false,"isUpdateable":true,"isFilterable":false,"isCalculated":false,"javaType":"java.lang.String","showLabel":true,"naturalOrder":48,"linkedFields":[],"relatedInfos":[],"references":[]},{"@type":"field","id":2350829,"name":"category1099Misc_ExternalId","type":"string","uniqueName":"category1099Misc_ExternalId","label":"category1099Misc_ExternalId","parentObject":"Account","pcType":"NSTRING","precision":256,"scale":0,"columnIndex":-1,"isKey":false,"isExternalId":false,"isSfIdLookup":false,"isNullable":true,"isUnique":false,"isCreateable":false,"isUpdateable":true,"isFilterable":false,"isCalculated":false,"javaType":"java.lang.String","showLabel":true,"naturalOrder":49,"linkedFields":[],"relatedInfos":[],"references":[]},{"@type":"field","id":2350830,"name":"category1099Misc_Type","type":"string","uniqueName":"category1099Misc_Type","label":"category1099Misc_Type","parentObject":"Account","pcType":"NSTRING","precision":256,"scale":0,"columnIndex":-1,"isKey":false,"isExternalId":false,"isSfIdLookup":false,"isNullable":true,"isUnique":false,"isCreateable":false,"isUpdateable":true,"isFilterable":false,"isCalculated":false,"javaType":"java.lang.String","showLabel":true,"naturalOrder":50,"linkedFields":[],"relatedInfos":[],"references":[]},{"@type":"field","id":2350831,"name":"category1099Misc_Name","type":"string","uniqueName":"category1099Misc_Name","label":"category1099Misc_Name","parentObject":"Account","pcType":"NSTRING","precision":256,"scale":0,"columnIndex":-1,"isKey":false,"isExternalId":false,"isSfIdLookup":false,"isNullable":true,"isUnique":false,"isCreateable":false,"isUpdateable":true,"isFilterable":false,"isCalculated":false,"javaType":"java.lang.String","showLabel":true,"naturalOrder":51,"linkedFields":[],"relatedInfos":[],"references":[]},{"@type":"field","id":2350832,"name":"openingBalance","type":"double","uniqueName":"openingBalance","label":"openingBalance","parentObject":"Account","pcType":"DOUBLE","precision":15,"scale":0,"columnIndex":-1,"isKey":false,"isExternalId":false,"isSfIdLookup":false,"isNullable":true,"isUnique":false,"isCreateable":false,"isUpdateable":true,"isFilterable":false,"isCalculated":false,"javaType":"java.lang.Double","showLabel":true,"naturalOrder":52,"linkedFields":[],"relatedInfos":[],"references":[]},{"@type":"field","id":2350833,"name":"tranDate","type":"datetime","uniqueName":"tranDate","label":"tranDate","parentObject":"Account","pcType":"TOOLKIT_DATETIME","precision":19,"scale":0,"columnIndex":-1,"isKey":false,"isExternalId":false,"isSfIdLookup":false,"isNullable":true,"isUnique":false,"isCreateable":false,"isUpdateable":true,"isFilterable":false,"isCalculated":false,"javaType":"java.sql.Timestamp","showLabel":true,"naturalOrder":53,"linkedFields":[],"relatedInfos":[],"references":[]},{"@type":"field","id":2350834,"name":"revalue","type":"boolean","uniqueName":"revalue","label":"revalue","parentObject":"Account","pcType":"SMALL_INTEGER","precision":2,"scale":0,"columnIndex":-1,"isKey":false,"isExternalId":false,"isSfIdLookup":false,"isNullable":true,"isUnique":false,"isCreateable":false,"isUpdateable":true,"isFilterable":false,"isCalculated":false,"javaType":"java.lang.Boolean","showLabel":true,"naturalOrder":54,"linkedFields":[],"relatedInfos":[],"references":[]},{"@type":"field","id":2350835,"name":"internalId","type":"string","uniqueName":"internalId","label":"internalId","parentObject":"Account","pcType":"NSTRING","precision":256,"scale":0,"columnIndex":-1,"isKey":true,"isExternalId":false,"isSfIdLookup":false,"isNullable":true,"isUnique":false,"isCreateable":false,"isUpdateable":true,"isFilterable":true,"isCalculated":false,"javaType":"java.lang.String","showLabel":true,"naturalOrder":55,"linkedFields":["internalId"],"relatedInfos":[],"references":[]},{"@type":"field","id":2350836,"name":"externalId","type":"string","uniqueName":"externalId","label":"externalId","parentObject":"Account","pcType":"NSTRING","precision":256,"scale":0,"columnIndex":-1,"isKey":false,"isExternalId":false,"isSfIdLookup":false,"isNullable":true,"isUnique":false,"isCreateable":false,"isUpdateable":true,"isFilterable":true,"isCalculated":false,"javaType":"java.lang.String","showLabel":true,"naturalOrder":56,"linkedFields":["externalId"],"relatedInfos":[],"references":[]},{"@type":"field","id":2350837,"name":"custom_Show_in_Fixed_Assets_Management_InternalId","type":"string","uniqueName":"custom_Show_in_Fixed_Assets_Management_InternalId","label":"custom_Show_in_Fixed_Assets_Management_InternalId","parentObject":"Account","pcType":"NSTRING","precision":256,"scale":0,"columnIndex":-1,"isKey":false,"isExternalId":false,"isSfIdLookup":false,"isNullable":true,"isUnique":false,"isCreateable":false,"isUpdateable":true,"isFilterable":false,"isCalculated":false,"javaType":"java.lang.String","showLabel":true,"naturalOrder":57,"linkedFields":[],"relatedInfos":[],"references":[]},{"@type":"field","id":2350838,"name":"custom_Show_in_Fixed_Assets_Management_ExternalId","type":"string","uniqueName":"custom_Show_in_Fixed_Assets_Management_ExternalId","label":"custom_Show_in_Fixed_Assets_Management_ExternalId","parentObject":"Account","pcType":"NSTRING","precision":256,"scale":0,"columnIndex":-1,"isKey":false,"isExternalId":false,"isSfIdLookup":false,"isNullable":true,"isUnique":false,"isCreateable":false,"isUpdateable":true,"isFilterable":false,"isCalculated":false,"javaType":"java.lang.String","showLabel":true,"naturalOrder":58,"linkedFields":[],"relatedInfos":[],"references":[]},{"@type":"field","id":2350839,"name":"custom_Show_in_Fixed_Assets_Management_TypeId","type":"string","uniqueName":"custom_Show_in_Fixed_Assets_Management_TypeId","label":"custom_Show_in_Fixed_Assets_Management_TypeId","parentObject":"Account","pcType":"NSTRING","precision":256,"scale":0,"columnIndex":-1,"isKey":false,"isExternalId":false,"isSfIdLookup":false,"isNullable":true,"isUnique":false,"isCreateable":false,"isUpdateable":true,"isFilterable":false,"isCalculated":false,"javaType":"java.lang.String","showLabel":true,"naturalOrder":59,"linkedFields":[],"relatedInfos":[],"references":[]},{"@type":"field","id":2350840,"name":"custom_Show_in_Fixed_Assets_Management_Name","type":"string","uniqueName":"custom_Show_in_Fixed_Assets_Management_Name","label":"custom_Show_in_Fixed_Assets_Management_Name","parentObject":"Account","pcType":"NSTRING","precision":256,"scale":0,"columnIndex":-1,"isKey":false,"isExternalId":false,"isSfIdLookup":false,"isNullable":true,"isUnique":false,"isCreateable":false,"isUpdateable":true,"isFilterable":false,"isCalculated":false,"javaType":"java.lang.String","showLabel":true,"naturalOrder":60,"linkedFields":[],"relatedInfos":[],"references":[]},{"@type":"field","id":2350841,"name":"custom_Exclude_Account_From_Piracle_Pay","type":"check_box","uniqueName":"custom_Exclude_Account_From_Piracle_Pay","label":"custom_Exclude_Account_From_Piracle_Pay","parentObject":"Account","pcType":"SMALL_INTEGER","precision":10,"scale":0,"columnIndex":-1,"isKey":false,"isExternalId":false,"isSfIdLookup":false,"isNullable":true,"isUnique":false,"isCreateable":false,"isUpdateable":true,"isFilterable":true,"isCalculated":false,"javaType":"java.lang.Boolean","showLabel":true,"naturalOrder":61,"linkedFields":[],"relatedInfos":[],"references":[]},{"@type":"field","id":2350842,"name":"custom_Use_PayPal_Sandbox","type":"check_box","uniqueName":"custom_Use_PayPal_Sandbox","label":"custom_Use_PayPal_Sandbox","parentObject":"Account","pcType":"SMALL_INTEGER","precision":10,"scale":0,"columnIndex":-1,"isKey":false,"isExternalId":false,"isSfIdLookup":false,"isNullable":true,"isUnique":false,"isCreateable":false,"isUpdateable":true,"isFilterable":true,"isCalculated":false,"javaType":"java.lang.Boolean","showLabel":true,"naturalOrder":62,"linkedFields":[],"relatedInfos":[],"references":[]},{"@type":"field","id":2350843,"name":"custom_PayPal_API_Username","type":"string","uniqueName":"custom_PayPal_API_Username","label":"custom_PayPal_API_Username","parentObject":"Account","pcType":"NSTRING","precision":256,"scale":0,"columnIndex":-1,"isKey":false,"isExternalId":false,"isSfIdLookup":false,"isNullable":true,"isUnique":false,"isCreateable":false,"isUpdateable":true,"isFilterable":true,"isCalculated":false,"javaType":"java.lang.String","showLabel":true,"naturalOrder":63,"linkedFields":[],"relatedInfos":[],"references":[]},{"@type":"field","id":2350844,"name":"custom_PayPal_Payer_ID","type":"string","uniqueName":"custom_PayPal_Payer_ID","label":"custom_PayPal_Payer_ID","parentObject":"Account","pcType":"NSTRING","precision":256,"scale":0,"columnIndex":-1,"isKey":false,"isExternalId":false,"isSfIdLookup":false,"isNullable":true,"isUnique":false,"isCreateable":false,"isUpdateable":true,"isFilterable":true,"isCalculated":false,"javaType":"java.lang.String","showLabel":true,"naturalOrder":64,"linkedFields":[],"relatedInfos":[],"references":[]},{"@type":"field","id":2350845,"name":"custom_PayPal_Fee_Expense_Account_InternalId","type":"string","uniqueName":"custom_PayPal_Fee_Expense_Account_InternalId","label":"custom_PayPal_Fee_Expense_Account_InternalId","parentObject":"Account","pcType":"NSTRING","precision":256,"scale":0,"columnIndex":-1,"isKey":false,"isExternalId":false,"isSfIdLookup":false,"isNullable":true,"isUnique":false,"isCreateable":false,"isUpdateable":true,"isFilterable":false,"isCalculated":false,"javaType":"java.lang.String","showLabel":true,"naturalOrder":65,"linkedFields":[],"relatedInfos":[],"references":[]},{"@type":"field","id":2350846,"name":"custom_PayPal_Fee_Expense_Account_ExternalId","type":"string","uniqueName":"custom_PayPal_Fee_Expense_Account_ExternalId","label":"custom_PayPal_Fee_Expense_Account_ExternalId","parentObject":"Account","pcType":"NSTRING","precision":256,"scale":0,"columnIndex":-1,"isKey":false,"isExternalId":false,"isSfIdLookup":false,"isNullable":true,"isUnique":false,"isCreateable":false,"isUpdateable":true,"isFilterable":false,"isCalculated":false,"javaType":"java.lang.String","showLabel":true,"naturalOrder":66,"linkedFields":[],"relatedInfos":[],"references":[]},{"@type":"field","id":2350847,"name":"custom_PayPal_Fee_Expense_Account_TypeId","type":"string","uniqueName":"custom_PayPal_Fee_Expense_Account_TypeId","label":"custom_PayPal_Fee_Expense_Account_TypeId","parentObject":"Account","pcType":"NSTRING","precision":256,"scale":0,"columnIndex":-1,"isKey":false,"isExternalId":false,"isSfIdLookup":false,"isNullable":true,"isUnique":false,"isCreateable":false,"isUpdateable":true,"isFilterable":false,"isCalculated":false,"javaType":"java.lang.String","showLabel":true,"naturalOrder":67,"linkedFields":[],"relatedInfos":[],"references":[]},{"@type":"field","id":2350848,"name":"custom_PayPal_Fee_Expense_Account_Name","type":"string","uniqueName":"custom_PayPal_Fee_Expense_Account_Name","label":"custom_PayPal_Fee_Expense_Account_Name","parentObject":"Account","pcType":"NSTRING","precision":256,"scale":0,"columnIndex":-1,"isKey":false,"isExternalId":false,"isSfIdLookup":false,"isNullable":true,"isUnique":false,"isCreateable":false,"isUpdateable":true,"isFilterable":false,"isCalculated":false,"javaType":"java.lang.String","showLabel":true,"naturalOrder":68,"linkedFields":[],"relatedInfos":[],"references":[]},{"@type":"field","id":2350849,"name":"custom_PayPal_API_Password","type":"string","uniqueName":"custom_PayPal_API_Password","label":"custom_PayPal_API_Password","parentObject":"Account","pcType":"NSTRING","precision":256,"scale":0,"columnIndex":-1,"isKey":false,"isExternalId":false,"isSfIdLookup":false,"isNullable":true,"isUnique":false,"isCreateable":false,"isUpdateable":true,"isFilterable":true,"isCalculated":false,"javaType":"java.lang.String","showLabel":true,"naturalOrder":69,"linkedFields":[],"relatedInfos":[],"references":[]},{"@type":"field","id":2350850,"name":"custom_PayPal_API_Signature","type":"string","uniqueName":"custom_PayPal_API_Signature","label":"custom_PayPal_API_Signature","parentObject":"Account","pcType":"NSTRING","precision":256,"scale":0,"columnIndex":-1,"isKey":false,"isExternalId":false,"isSfIdLookup":false,"isNullable":true,"isUnique":false,"isCreateable":false,"isUpdateable":true,"isFilterable":true,"isCalculated":false,"javaType":"java.lang.String","showLabel":true,"naturalOrder":70,"linkedFields":[],"relatedInfos":[],"references":[]},{"@type":"field","id":2350851,"name":"custom_PayPal_Fee_Payee_InternalId","type":"string","uniqueName":"custom_PayPal_Fee_Payee_InternalId","label":"custom_PayPal_Fee_Payee_InternalId","parentObject":"Account","pcType":"NSTRING","precision":256,"scale":0,"columnIndex":-1,"isKey":false,"isExternalId":false,"isSfIdLookup":false,"isNullable":true,"isUnique":false,"isCreateable":false,"isUpdateable":true,"isFilterable":false,"isCalculated":false,"javaType":"java.lang.String","showLabel":true,"naturalOrder":71,"linkedFields":[],"relatedInfos":[],"references":[]},{"@type":"field","id":2350852,"name":"custom_PayPal_Fee_Payee_ExternalId","type":"string","uniqueName":"custom_PayPal_Fee_Payee_ExternalId","label":"custom_PayPal_Fee_Payee_ExternalId","parentObject":"Account","pcType":"NSTRING","precision":256,"scale":0,"columnIndex":-1,"isKey":false,"isExternalId":false,"isSfIdLookup":false,"isNullable":true,"isUnique":false,"isCreateable":false,"isUpdateable":true,"isFilterable":false,"isCalculated":false,"javaType":"java.lang.String","showLabel":true,"naturalOrder":72,"linkedFields":[],"relatedInfos":[],"references":[]},{"@type":"field","id":2350853,"name":"custom_PayPal_Fee_Payee_TypeId","type":"string","uniqueName":"custom_PayPal_Fee_Payee_TypeId","label":"custom_PayPal_Fee_Payee_TypeId","parentObject":"Account","pcType":"NSTRING","precision":256,"scale":0,"columnIndex":-1,"isKey":false,"isExternalId":false,"isSfIdLookup":false,"isNullable":true,"isUnique":false,"isCreateable":false,"isUpdateable":true,"isFilterable":false,"isCalculated":false,"javaType":"java.lang.String","showLabel":true,"naturalOrder":73,"linkedFields":[],"relatedInfos":[],"references":[]},{"@type":"field","id":2350854,"name":"custom_PayPal_Fee_Payee_Name","type":"string","uniqueName":"custom_PayPal_Fee_Payee_Name","label":"custom_PayPal_Fee_Payee_Name","parentObject":"Account","pcType":"NSTRING","precision":256,"scale":0,"columnIndex":-1,"isKey":false,"isExternalId":false,"isSfIdLookup":false,"isNullable":true,"isUnique":false,"isCreateable":false,"isUpdateable":true,"isFilterable":false,"isCalculated":false,"javaType":"java.lang.String","showLabel":true,"naturalOrder":74,"linkedFields":[],"relatedInfos":[],"references":[]},{"@type":"field","id":2350855,"name":"custom_Is_PayPal_Account","type":"check_box","uniqueName":"custom_Is_PayPal_Account","label":"custom_Is_PayPal_Account","parentObject":"Account","pcType":"SMALL_INTEGER","precision":10,"scale":0,"columnIndex":-1,"isKey":false,"isExternalId":false,"isSfIdLookup":false,"isNullable":true,"isUnique":false,"isCreateable":false,"isUpdateable":true,"isFilterable":true,"isCalculated":false,"javaType":"java.lang.Boolean","showLabel":true,"naturalOrder":75,"linkedFields":[],"relatedInfos":[],"references":[]},{"@type":"field","id":2350856,"name":"custom_Enable_Account_For_AvidPay_Network","type":"check_box","uniqueName":"custom_Enable_Account_For_AvidPay_Network","label":"custom_Enable_Account_For_AvidPay_Network","parentObject":"Account","pcType":"SMALL_INTEGER","precision":10,"scale":0,"columnIndex":-1,"isKey":false,"isExternalId":false,"isSfIdLookup":false,"isNullable":true,"isUnique":false,"isCreateable":false,"isUpdateable":true,"isFilterable":true,"isCalculated":false,"javaType":"java.lang.Boolean","showLabel":true,"naturalOrder":76,"linkedFields":[],"relatedInfos":[],"references":[]}],"sortFields":[],"groupFields":[]}]