[{"@type":"mappingTemplate","id":"@1","name":"m_NS_Vendor_Currencies","description":"","bundleVersion":"0","templateId":"@3","deployTime":1602874666000,"hasParameters":false,"valid":true,"fixedConnection":true,"hasParametersDeployed":false,"fixedConnectionDeployed":true,"tasks":1,"mappingPreviewFileRecordId":"@2","documentType":"","references":[{"@type":"reference","refObjectId":"@4CCGgqXCJRHckum26BMe2M","refType":"connection"},{"@type":"reference","refObjectId":"@6ey2Cmo3PaHcsThnJ0TYui","refType":"connection"}]}]