[{"@type":"mtTask","id":"@1","name":"mct_Invoice_Payments_01a_PUT_NS_To_File","description":"","runtimeEnvironmentId":"@1KKuSUw1Rkfbzmz4wJo8eb","maxLogs":10,"verbose":false,"lastRunTime":1600137020000,"mappingId":"@3u08PLKWvkJh3pUDtHeIQ1","shortDescription":"","sessionProperties":{},"enableCrossSchemaPushdown":false,"autoTunedApplied":false,"parameterFileName":"InvoicePayment_Netsuite_To_Coupa.param","parameters":[{"@type":"mtTaskParameter","id":98310918,"name":"$NS_VendorPayment_And_ApplyList$","type":"EXTENDED_SOURCE","label":"NS_VendorPayment_And_ApplyList","uiProperties":{"connectionParameterized":"false","isMsrcFilterParameterized":"false","isMsrcSortParameterized":"false","objectParameterized":"false","visible":"false"},"sourceConnectionId":"@b3U4nPCAkmZgKaHvUiQ8w2","newFlatFile":false,"newObject":false,"showBusinessNames":false,"naturalOrder":true,"truncateTarget":false,"bulkApiDBTarget":false,"customFuncCfg":{"@type":"customFuncConfig","id":-1,"connections":[],"inputMap":[],"outputFields":[]},"tgtFieldRefs":{},"targetUpdateColumns":[],"extendedObject":{"@type":"extendedObject","object":{"@type":"mObject","name":"VendorPayment","label":"VendorPayment","metadataUpdated":false,"relations":[],"children":[{"@type":"mObject","name":"VendorPaymentApplyList","label":"VendorPaymentApplyList","metadataUpdated":false,"relations":[{"@type":"objectRelation","object1":"VendorPaymentApplyList","object2":"VendorPayment","relationshipName":"applyList","relationshipType":"Child","joinType":"INNER","joinOperator":"EQUALS"}],"children":[]}]},"filters":[],"sortFields":[]},"runtimeAttrs":{},"isRESTModernSource":true,"isFileList":false,"handleSpecialChars":false,"frsAsset":false,"dynamicFileName":false,"tgtObjectAttributes":{},"runtimeParameterData":{"@type":"mtTaskRuntimeParameterData","isConnectionRuntimeParameter":false,"isObjectRuntimeParameter":false},"overriddenFields":[]},{"@type":"mtTaskParameter","id":98310919,"name":"$FF_InvoicePayments_FromNetSuite_temp$","type":"TARGET","label":"FF_InvoicePayments_FromNetSuite_temp","uiProperties":{"connectionParameterized":"false","objectParameterized":"false","visible":"false","defaultTargetUpdateColumns":""},"targetConnectionId":"@6ey2Cmo3PaHcsThnJ0TYui","targetObject":"FF_InvoicePayments_FromNetSuite_temp.csv","targetObjectLabel":"FF_InvoicePayments_FromNetSuite_temp.csv","newFlatFile":false,"newObject":false,"showBusinessNames":false,"naturalOrder":true,"truncateTarget":false,"bulkApiDBTarget":false,"operationType":"Insert","tgtFFAttrs":{"@type":"flatFileAttrs","id":1935369,"delimiter":",","textQualifier":"\"","escapeChar":"","headerLineNo":1},"customFuncCfg":{"@type":"customFuncConfig","id":-1,"connections":[],"inputMap":[],"outputFields":[]},"tgtFieldRefs":{},"targetUpdateColumns":[],"extendedObject":{"@type":"extendedObject","filters":[],"sortFields":[]},"runtimeAttrs":{},"isRESTModernSource":true,"isFileList":false,"handleSpecialChars":false,"frsAsset":false,"dynamicFileName":false,"tgtObjectAttributes":{},"runtimeParameterData":{"@type":"mtTaskRuntimeParameterData","isConnectionRuntimeParameter":false,"isObjectRuntimeParameter":false},"overriddenFields":[]}],"sequences":[],"inOutParameters":[],"connRuntimeAttrs":[]}]