[{"@type":"mtTask","id":"@1","name":"mct_SFDC_To_LMS_SFTP_TUM_Vouchers_Activity","description":"","runtimeEnvironmentId":"@3qLOIwmEi8HlSgV9ggzWkn","preProcessingCmd":"cp -f $PMRootDir/stage/Activity_TargetStructure_LMSvoucher.txt $PMRootDir/stage/Activity.txt","postProcessingCmd":"cp -f $PMRootDir/stage/Activity.txt $PMRootDir/stage/Archive/SumTotal/Activity_$(date +%Y%m%d%H%M%S).txt","maxLogs":10,"verbose":false,"lastRunTime":1576686991000,"mappingId":"@08c5fkcYqb1hfhdWiwEAMB","shortDescription":"","sessionProperties":{},"enableCrossSchemaPushdown":false,"parameters":[{"@type":"mtTaskParameter","id":64608321,"name":"$Src_FF_LMS_TUM_Voucher_Activity_HeaderFile$","type":"EXTENDED_SOURCE","label":"Src_FF_LMS_TUM_Voucher_Activity_HeaderFile","uiProperties":{"connectionParameterized":"false","isMsrcFilterParameterized":"false","isMsrcSortParameterized":"false","objectParameterized":"false","visible":"false"},"sourceConnectionId":"@8Qp1Vvtik7ejRmnNM3lSiT","newFlatFile":false,"newObject":false,"showBusinessNames":false,"naturalOrder":true,"truncateTarget":false,"bulkApiDBTarget":false,"srcFFAttrs":{"@type":"flatFileAttrs","id":992569,"delimiter":",","textQualifier":"\"","escapeChar":"","headerLineNo":1,"firstDataRow":2},"customFuncCfg":{"@type":"customFuncConfig","id":-1,"connections":[],"inputMap":[],"outputFields":[]},"tgtFieldRefs":{},"targetUpdateColumns":[],"extendedObject":{"@type":"extendedObject","object":{"@type":"mObject","name":"FF_AppD_LMS_TUM_Voucher_Activity_HeaderFile.csv","label":"FF_AppD_LMS_TUM_Voucher_Activity_HeaderFile.csv","metadataUpdated":false,"relations":[],"children":[]},"filters":[],"sortFields":[]},"runtimeAttrs":{},"isRESTModernSource":true,"isFileList":false,"handleSpecialChars":false,"frsAsset":false,"tgtObjectAttributes":{},"runtimeParameterData":{"@type":"mtTaskRuntimeParameterData","isConnectionRuntimeParameter":false,"isObjectRuntimeParameter":false},"overriddenFields":[]},{"@type":"mtTaskParameter","id":64608322,"name":"$Src_SFDC_AppDynamics_University_Voucher$","type":"EXTENDED_SOURCE","label":"Src_SFDC_AppDynamics_University_Voucher","uiProperties":{"connectionParameterized":"false","isMsrcFilterParameterized":"false","isMsrcSortParameterized":"false","objectParameterized":"false","visible":"false"},"sourceConnectionId":"@2CjV79tAT4nicr3VedQp4y","newFlatFile":false,"newObject":false,"showBusinessNames":false,"naturalOrder":true,"truncateTarget":false,"bulkApiDBTarget":false,"customFuncCfg":{"@type":"customFuncConfig","id":-1,"connections":[],"inputMap":[],"outputFields":[]},"tgtFieldRefs":{},"targetUpdateColumns":[],"extendedObject":{"@type":"extendedObject","object":{"@type":"mObject","name":"AppDynamics_University_Voucher__c","label":"AppDynamics University Voucher","metadataUpdated":false,"relations":[],"children":[{"@type":"mObject","name":"Account","label":"Account","metadataUpdated":false,"relations":[{"@type":"objectRelation","object1":"Account","object2":"AppDynamics_University_Voucher__c","field1":"Id","field2":"Account__c","relationshipName":"Account__r","relationshipType":"Child","joinType":"INNER","joinOperator":"EQUALS"}],"children":[]}]},"filters":[],"sortFields":[]},"runtimeAttrs":{},"isRESTModernSource":true,"isFileList":false,"handleSpecialChars":false,"frsAsset":false,"tgtObjectAttributes":{},"runtimeParameterData":{"@type":"mtTaskRuntimeParameterData","isConnectionRuntimeParameter":false,"isObjectRuntimeParameter":false},"overriddenFields":[]},{"@type":"mtTaskParameter","id":64608323,"name":"$Tgt_FF_AppD_LMS_TUM_Voucher_Activity$","type":"TARGET","label":"Tgt_FF_AppD_LMS_TUM_Voucher_Activity","uiProperties":{"connectionParameterized":"false","objectParameterized":"false","visible":"false","defaultTargetUpdateColumns":""},"targetConnectionId":"@8Qp1Vvtik7ejRmnNM3lSiT","targetObject":"Activity.txt","targetObjectLabel":"Activity.txt","newFlatFile":false,"newObject":false,"showBusinessNames":false,"naturalOrder":true,"truncateTarget":false,"bulkApiDBTarget":false,"operationType":"Insert","tgtFFAttrs":{"@type":"flatFileAttrs","id":992570,"delimiter":"|","textQualifier":"none","escapeChar":"","headerLineNo":1},"customFuncCfg":{"@type":"customFuncConfig","id":-1,"connections":[],"inputMap":[],"outputFields":[]},"tgtFieldRefs":{},"targetUpdateColumns":[],"extendedObject":{"@type":"extendedObject","filters":[],"sortFields":[]},"runtimeAttrs":{},"isRESTModernSource":true,"isFileList":false,"handleSpecialChars":false,"frsAsset":false,"tgtObjectAttributes":{},"runtimeParameterData":{"@type":"mtTaskRuntimeParameterData","isConnectionRuntimeParameter":false,"isObjectRuntimeParameter":false},"overriddenFields":[]}],"sequences":[],"inOutParameters":[],"connRuntimeAttrs":[]}]