[{"@type":"workflow","id":"@1","name":"TF_NS_FF_Emp_Terminations_For_Okta_User_Suspensions","errorTaskEmail":{"@type":"taskEmail","id":342431,"emails":"sri.battu@appdynamics.com","emailType":"ERROR"},"successTaskEmail":{"@type":"taskEmail","id":342432,"emails":"sri.battu@appdynamics.com","emailType":"SUCCESS"},"warningTaskEmail":{"@type":"taskEmail","id":342433,"emails":"sri.battu@appdynamics.com","emailType":"WARNING"},"maxLogs":10,"references":[{"@type":"reference","refObjectId":"@ahP6beLteMRdRAYaoXECux","refType":"mtTask"}],"tasks":[{"@type":"workflowTask","taskId":"@ahP6beLteMRdRAYaoXECux","type":"MTT","name":"mct_NS_FF_Emp_Terminations_For_Okta_User_Suspensions","stopOnError":false,"stopOnWarning":false}]}]