[{"@type":"workflow","id":"@1","name":"TF_DLS_G13Below_Ext_Emp_Updates","errorTaskEmail":{"@type":"taskEmail","id":18290,"emails":"sri.battu@appdynamics.com, keo.zaiger@appdynamics.com, smitha.reddy@appdynamics.com","emailType":"ERROR"},"successTaskEmail":{"@type":"taskEmail","id":18291,"emails":"sri.battu@appdynamics.com","emailType":"SUCCESS"},"warningTaskEmail":{"@type":"taskEmail","id":18292,"emails":"sri.battu@appdynamics.com, keo.zaiger@appdynamics.com, smitha.reddy@appdynamics.com","emailType":"WARNING"},"maxLogs":10,"references":[{"@type":"reference","refObjectId":"@6GpVRnoZAnbf3fb3drlSkw","refType":"mtTask"},{"@type":"reference","refObjectId":"@23ie9pQXU4ubdyBH9aHlUE","refType":"mtTask"}],"tasks":[{"@type":"workflowTask","taskId":"@6GpVRnoZAnbf3fb3drlSkw","type":"MTT","name":"mct_DLS_G13Below_Ext_Emp_Deletions","stopOnError":true,"stopOnWarning":true},{"@type":"workflowTask","taskId":"@23ie9pQXU4ubdyBH9aHlUE","type":"MTT","name":"mct_DLS_G13Below_Ext_Emp_Additions","stopOnError":true,"stopOnWarning":true}]}]