[{"@type":"dssTask","id":"@1","name":"dss_SFDC_TUMVouchers_SFTP_PUT_To_LMS_Activity","description":"","maxLogs":10,"sourceConnectionId":"@aB11XcxCA9WgUrGZsf41aJ","targetConnectionId":"@8Qp1Vvtik7ejRmnNM3lSiT","targetObject":"FF_SFDC_TUM_VoucherFileActivity_SFTP_Details_ToLMS.csv","targetObjectLabel":"FF_SFDC_TUM_VoucherFileActivity_SFTP_Details_ToLMS.csv","targetChildObjectLabel":"","operation":"Insert","maxRows":0,"truncateTarget":false,"bulkApiDBTarget":false,"verbose":false,"tgtFlatFileAttrs":{"@type":"flatFileAttrs","id":44536,"delimiter":",","textQualifier":"\"","escapeChar":"","headerLineNo":1,"firstDataRow":2},"targetMetadataUpdated":false,"modelVersion":"V3-R600","queryAll":false,"srcSettings":{"@type":"taskDataSourceSetting","isShowLabels":true,"isNaturalOrder":true},"tgtSettings":{"@type":"taskDataSourceSetting","isShowLabels":false,"isNaturalOrder":true},"cfSettings":{"@type":"taskDataSourceSetting","isShowLabels":false,"isNaturalOrder":true},"bulkApi":false,"bulkApiSerialMode":false,"bulkApiMonitor":false,"isTargetObjectSfCustom":false,"allowNullUpdates":false,"targetBatchSize":200,"assignmentRuleId":"-1","assignmentRuleType":"None","createSuccessFile":false,"bulkApiHardDelete":false,"srcRuntimeAttrs":{"@type":"taskRuntimeAttrs","attrs":{"Retry Count":"3"}},"tgtRuntimeAttrs":{"@type":"taskRuntimeAttrs","attrs":{}},"parameterFileEncoding":"UTF-8","sourceObjects":[{"@type":"mObject","name":"SFTP_PUT","label":"SFTP_PUT","metadataUpdated":false,"relations":[],"children":[]}],"advancedFilters":[],"filters":[{"@type":"filter","objectName":"SFTP_PUT","objectLabel":"SFTP_PUT","field":"SFTP_User_ID","fieldLabel":"","type":"STRING","operator":"equals","value":"cust_appdynamics"},{"@type":"filter","objectName":"SFTP_PUT","objectLabel":"SFTP_PUT","field":"SFTP_Password","fieldLabel":"","type":"STRING","operator":"equals","value":"PassKey1"},{"@type":"filter","objectName":"SFTP_PUT","objectLabel":"SFTP_PUT","field":"SFTP_Hostname","fieldLabel":"SFTP_Hostname","type":"STRING","operator":"equals","value":"sftp21-cmh.sumtotalsystems.com"},{"@type":"filter","objectName":"SFTP_PUT","objectLabel":"SFTP_PUT","field":"SFTP_Port","fieldLabel":"","type":"INT","operator":"equals","value":"22"},{"@type":"filter","objectName":"SFTP_PUT","objectLabel":"SFTP_PUT","field":"Delete_Source","fieldLabel":"Delete_Source","type":"INT","operator":"equals","value":"1"}],"fieldMaps":[{"@type":"fieldMap","id":"979533","targetField":{"@type":"field","id":2403497,"name":"SourceFileDir","type":"nstring","uniqueName":"SourceFileDir","label":"SourceFileDir","parentObject":"FF_SFDC_TUM_VoucherFileActivity_SFTP_Details_ToLMS.csv","pcType":"UNISTRING","precision":256,"scale":0,"columnIndex":0,"isKey":false,"isExternalId":false,"isSfIdLookup":false,"isNullable":true,"isUnique":false,"isCreateable":false,"isUpdateable":true,"isFilterable":true,"isCalculated":false,"showLabel":false,"naturalOrder":0,"linkedFields":["SourceFileDir"],"relatedInfos":[],"references":[]},"expression":"SourceFileDir"},{"@type":"fieldMap","id":"979534","targetField":{"@type":"field","id":2403498,"name":"DestFileDir","type":"nstring","uniqueName":"DestFileDir","label":"DestFileDir","parentObject":"FF_SFDC_TUM_VoucherFileActivity_SFTP_Details_ToLMS.csv","pcType":"UNISTRING","precision":256,"scale":0,"columnIndex":1,"isKey":false,"isExternalId":false,"isSfIdLookup":false,"isNullable":true,"isUnique":false,"isCreateable":false,"isUpdateable":true,"isFilterable":true,"isCalculated":false,"showLabel":false,"naturalOrder":0,"linkedFields":["DestFileDir"],"relatedInfos":[],"references":[]},"expression":"DestFileDir"},{"@type":"fieldMap","id":"979535","targetField":{"@type":"field","id":2403499,"name":"PatternFlag","type":"int","uniqueName":"PatternFlag","label":"PatternFlag","parentObject":"FF_SFDC_TUM_VoucherFileActivity_SFTP_Details_ToLMS.csv","pcType":"INT","precision":10,"scale":0,"columnIndex":2,"isKey":false,"isExternalId":false,"isSfIdLookup":false,"isNullable":true,"isUnique":false,"isCreateable":false,"isUpdateable":true,"isFilterable":true,"isCalculated":false,"showLabel":false,"naturalOrder":0,"linkedFields":["PatternFlag"],"relatedInfos":[],"references":[]},"expression":"PatternFlag"},{"@type":"fieldMap","id":"979536","targetField":{"@type":"field","id":2403500,"name":"SFTP_User_ID","type":"nstring","uniqueName":"SFTP_User_ID","label":"SFTP_User_ID","parentObject":"FF_SFDC_TUM_VoucherFileActivity_SFTP_Details_ToLMS.csv","pcType":"UNISTRING","precision":256,"scale":0,"columnIndex":3,"isKey":false,"isExternalId":false,"isSfIdLookup":false,"isNullable":true,"isUnique":false,"isCreateable":false,"isUpdateable":true,"isFilterable":true,"isCalculated":false,"showLabel":false,"naturalOrder":0,"linkedFields":["SFTP_User_ID"],"relatedInfos":[],"references":[]},"expression":"SFTP_User_ID"},{"@type":"fieldMap","id":"979537","targetField":{"@type":"field","id":2403501,"name":"SFTP_Port","type":"int","uniqueName":"SFTP_Port","label":"SFTP_Port","parentObject":"FF_SFDC_TUM_VoucherFileActivity_SFTP_Details_ToLMS.csv","pcType":"INT","precision":10,"scale":0,"columnIndex":4,"isKey":false,"isExternalId":false,"isSfIdLookup":false,"isNullable":true,"isUnique":false,"isCreateable":false,"isUpdateable":true,"isFilterable":true,"isCalculated":false,"showLabel":false,"naturalOrder":0,"linkedFields":["SFTP_Port"],"relatedInfos":[],"references":[]},"expression":"SFTP_Port"},{"@type":"fieldMap","id":"979538","targetField":{"@type":"field","id":2403502,"name":"SFTP_Password","type":"nstring","uniqueName":"SFTP_Password","label":"SFTP_Password","parentObject":"FF_SFDC_TUM_VoucherFileActivity_SFTP_Details_ToLMS.csv","pcType":"UNISTRING","precision":256,"scale":0,"columnIndex":5,"isKey":false,"isExternalId":false,"isSfIdLookup":false,"isNullable":true,"isUnique":false,"isCreateable":false,"isUpdateable":true,"isFilterable":true,"isCalculated":false,"showLabel":false,"naturalOrder":0,"linkedFields":["SFTP_Password"],"relatedInfos":[],"references":[]},"expression":"SFTP_Password"},{"@type":"fieldMap","id":"979539","targetField":{"@type":"field","id":2403503,"name":"SFTP_Hostname","type":"nstring","uniqueName":"SFTP_Hostname","label":"SFTP_Hostname","parentObject":"FF_SFDC_TUM_VoucherFileActivity_SFTP_Details_ToLMS.csv","pcType":"UNISTRING","precision":256,"scale":0,"columnIndex":6,"isKey":false,"isExternalId":false,"isSfIdLookup":false,"isNullable":true,"isUnique":false,"isCreateable":false,"isUpdateable":true,"isFilterable":true,"isCalculated":false,"showLabel":false,"naturalOrder":0,"linkedFields":["SFTP_Hostname"],"relatedInfos":[],"references":[]},"expression":"SFTP_Hostname"},{"@type":"fieldMap","id":"979540","targetField":{"@type":"field","id":2403504,"name":"SFTP_SSH2_KeyFile","type":"nstring","uniqueName":"SFTP_SSH2_KeyFile","label":"SFTP_SSH2_KeyFile","parentObject":"FF_SFDC_TUM_VoucherFileActivity_SFTP_Details_ToLMS.csv","pcType":"UNISTRING","precision":256,"scale":0,"columnIndex":7,"isKey":false,"isExternalId":false,"isSfIdLookup":false,"isNullable":true,"isUnique":false,"isCreateable":false,"isUpdateable":true,"isFilterable":true,"isCalculated":false,"showLabel":false,"naturalOrder":0,"linkedFields":["SFTP_SSH2_KeyFile"],"relatedInfos":[],"references":[]},"expression":"SFTP_SSH2_KeyFile"},{"@type":"fieldMap","id":"979541","targetField":{"@type":"field","id":2403505,"name":"FileName","type":"nstring","uniqueName":"FileName","label":"FileName","parentObject":"FF_SFDC_TUM_VoucherFileActivity_SFTP_Details_ToLMS.csv","pcType":"UNISTRING","precision":256,"scale":0,"columnIndex":8,"isKey":false,"isExternalId":false,"isSfIdLookup":false,"isNullable":true,"isUnique":false,"isCreateable":false,"isUpdateable":true,"isFilterable":true,"isCalculated":false,"showLabel":false,"naturalOrder":0,"linkedFields":["FileName"],"relatedInfos":[],"references":[]},"expression":"FileName"},{"@type":"fieldMap","id":"979542","targetField":{"@type":"field","id":2403506,"name":"SFTP_Status","type":"int","uniqueName":"SFTP_Status","label":"SFTP_Status","parentObject":"FF_SFDC_TUM_VoucherFileActivity_SFTP_Details_ToLMS.csv","pcType":"INT","precision":10,"scale":0,"columnIndex":9,"isKey":false,"isExternalId":false,"isSfIdLookup":false,"isNullable":true,"isUnique":false,"isCreateable":false,"isUpdateable":true,"isFilterable":true,"isCalculated":false,"showLabel":false,"naturalOrder":0,"linkedFields":["SFTP_Status"],"relatedInfos":[],"references":[]},"expression":"SFTP_Status"},{"@type":"fieldMap","id":"979543","targetField":{"@type":"field","id":2403507,"name":"LastModDate","type":"datetime","uniqueName":"LastModDate","label":"LastModDate","parentObject":"FF_SFDC_TUM_VoucherFileActivity_SFTP_Details_ToLMS.csv","pcType":"DATE","precision":19,"scale":0,"columnIndex":10,"isKey":false,"isExternalId":false,"isSfIdLookup":false,"isNullable":true,"isUnique":false,"isCreateable":false,"isUpdateable":true,"isFilterable":true,"isCalculated":false,"showLabel":false,"naturalOrder":0,"linkedFields":["LastModDate"],"relatedInfos":[],"references":[]},"expression":"LastModDate"},{"@type":"fieldMap","id":"979544","targetField":{"@type":"field","id":2403508,"name":"Delete_Source","type":"int","uniqueName":"Delete_Source","label":"Delete_Source","parentObject":"FF_SFDC_TUM_VoucherFileActivity_SFTP_Details_ToLMS.csv","pcType":"INT","precision":10,"scale":0,"columnIndex":11,"isKey":false,"isExternalId":false,"isSfIdLookup":false,"isNullable":true,"isUnique":false,"isCreateable":false,"isUpdateable":true,"isFilterable":true,"isCalculated":false,"showLabel":false,"naturalOrder":0,"linkedFields":["Delete_Source"],"relatedInfos":[],"references":[]},"expression":"Delete_Source"},{"@type":"fieldMap","id":"979545","targetField":{"@type":"field","id":2403509,"name":"Guaranteed_Delivery","type":"int","uniqueName":"Guaranteed_Delivery","label":"Guaranteed_Delivery","parentObject":"FF_SFDC_TUM_VoucherFileActivity_SFTP_Details_ToLMS.csv","pcType":"INT","precision":10,"scale":0,"columnIndex":12,"isKey":false,"isExternalId":false,"isSfIdLookup":false,"isNullable":true,"isUnique":false,"isCreateable":false,"isUpdateable":true,"isFilterable":true,"isCalculated":false,"showLabel":false,"naturalOrder":0,"linkedFields":["Guaranteed_Delivery"],"relatedInfos":[],"references":[]},"expression":"Guaranteed_Delivery"},{"@type":"fieldMap","id":"979546","targetField":{"@type":"field","id":2403510,"name":"SFTP_PassPhrase","type":"nstring","uniqueName":"SFTP_PassPhrase","label":"SFTP_PassPhrase","parentObject":"FF_SFDC_TUM_VoucherFileActivity_SFTP_Details_ToLMS.csv","pcType":"UNISTRING","precision":256,"scale":0,"columnIndex":13,"isKey":false,"isExternalId":false,"isSfIdLookup":false,"isNullable":true,"isUnique":false,"isCreateable":false,"isUpdateable":true,"isFilterable":true,"isCalculated":false,"showLabel":false,"naturalOrder":0,"linkedFields":["SFTP_PassPhrase"],"relatedInfos":[],"references":[]},"expression":"SFTP_PassPhrase"}],"sourceFields":[{"@type":"field","id":2403511,"name":"SourceFileDir","type":"string","uniqueName":"SourceFileDir","label":"SourceFileDir","parentObject":"SFTP_PUT","pcType":"NSTRING","precision":256,"scale":256,"columnIndex":-1,"isKey":false,"isExternalId":false,"isSfIdLookup":false,"isNullable":true,"isUnique":false,"isCreateable":false,"isUpdateable":true,"isFilterable":false,"isCalculated":false,"javaType":"java.lang.String","showLabel":true,"naturalOrder":0,"linkedFields":["SourceFileDir"],"relatedInfos":[],"references":[]},{"@type":"field","id":2403512,"name":"DestFileDir","type":"string","uniqueName":"DestFileDir","label":"DestFileDir","parentObject":"SFTP_PUT","pcType":"NSTRING","precision":256,"scale":256,"columnIndex":-1,"isKey":false,"isExternalId":false,"isSfIdLookup":false,"isNullable":true,"isUnique":false,"isCreateable":false,"isUpdateable":true,"isFilterable":false,"isCalculated":false,"javaType":"java.lang.String","showLabel":true,"naturalOrder":1,"linkedFields":["DestFileDir"],"relatedInfos":[],"references":[]},{"@type":"field","id":2403513,"name":"PatternFlag","type":"boolean","uniqueName":"PatternFlag","label":"PatternFlag","parentObject":"SFTP_PUT","pcType":"SMALL_INTEGER","precision":10,"scale":10,"columnIndex":-1,"isKey":false,"isExternalId":false,"isSfIdLookup":false,"isNullable":true,"isUnique":false,"isCreateable":false,"isUpdateable":true,"isFilterable":false,"isCalculated":false,"javaType":"java.lang.Boolean","showLabel":true,"naturalOrder":2,"linkedFields":["PatternFlag"],"relatedInfos":[],"references":[]},{"@type":"field","id":2403514,"name":"SFTP_User_ID","type":"string","uniqueName":"SFTP_User_ID","label":"SFTP_User_ID","parentObject":"SFTP_PUT","pcType":"NSTRING","precision":256,"scale":256,"columnIndex":-1,"isKey":false,"isExternalId":false,"isSfIdLookup":false,"isNullable":true,"isUnique":false,"isCreateable":false,"isUpdateable":true,"isFilterable":true,"isCalculated":false,"javaType":"java.lang.String","showLabel":true,"naturalOrder":3,"linkedFields":["SFTP_User_ID"],"relatedInfos":[],"references":[]},{"@type":"field","id":2403515,"name":"SFTP_Port","type":"integer","uniqueName":"SFTP_Port","label":"SFTP_Port","parentObject":"SFTP_PUT","pcType":"INTEGER","precision":10,"scale":10,"columnIndex":-1,"isKey":false,"isExternalId":false,"isSfIdLookup":false,"isNullable":true,"isUnique":false,"isCreateable":false,"isUpdateable":true,"isFilterable":true,"isCalculated":false,"javaType":"java.lang.Integer","showLabel":true,"naturalOrder":4,"linkedFields":["SFTP_Port"],"relatedInfos":[],"references":[]},{"@type":"field","id":2403516,"name":"SFTP_Password","type":"string","uniqueName":"SFTP_Password","label":"SFTP_Password","parentObject":"SFTP_PUT","pcType":"NSTRING","precision":256,"scale":256,"columnIndex":-1,"isKey":false,"isExternalId":false,"isSfIdLookup":false,"isNullable":true,"isUnique":false,"isCreateable":false,"isUpdateable":true,"isFilterable":true,"isCalculated":false,"javaType":"java.lang.String","showLabel":true,"naturalOrder":5,"linkedFields":["SFTP_Password"],"relatedInfos":[],"references":[]},{"@type":"field","id":2403517,"name":"SFTP_Hostname","type":"string","uniqueName":"SFTP_Hostname","label":"SFTP_Hostname","parentObject":"SFTP_PUT","pcType":"NSTRING","precision":256,"scale":256,"columnIndex":-1,"isKey":false,"isExternalId":false,"isSfIdLookup":false,"isNullable":true,"isUnique":false,"isCreateable":false,"isUpdateable":true,"isFilterable":true,"isCalculated":false,"javaType":"java.lang.String","showLabel":true,"naturalOrder":6,"linkedFields":["SFTP_Hostname"],"relatedInfos":[],"references":[]},{"@type":"field","id":2403518,"name":"SFTP_SSH2_KeyFile","type":"string","uniqueName":"SFTP_SSH2_KeyFile","label":"SFTP_SSH2_KeyFile","parentObject":"SFTP_PUT","pcType":"NSTRING","precision":256,"scale":256,"columnIndex":-1,"isKey":false,"isExternalId":false,"isSfIdLookup":false,"isNullable":true,"isUnique":false,"isCreateable":false,"isUpdateable":true,"isFilterable":true,"isCalculated":false,"javaType":"java.lang.String","showLabel":true,"naturalOrder":7,"linkedFields":["SFTP_SSH2_KeyFile"],"relatedInfos":[],"references":[]},{"@type":"field","id":2403519,"name":"FileName","type":"string","uniqueName":"FileName","label":"FileName","parentObject":"SFTP_PUT","pcType":"NSTRING","precision":256,"scale":256,"columnIndex":-1,"isKey":false,"isExternalId":false,"isSfIdLookup":false,"isNullable":true,"isUnique":false,"isCreateable":false,"isUpdateable":true,"isFilterable":true,"isCalculated":false,"javaType":"java.lang.String","showLabel":true,"naturalOrder":8,"linkedFields":["FileName"],"relatedInfos":[],"references":[]},{"@type":"field","id":2403520,"name":"SFTP_Status","type":"boolean","uniqueName":"SFTP_Status","label":"SFTP_Status","parentObject":"SFTP_PUT","pcType":"SMALL_INTEGER","precision":10,"scale":10,"columnIndex":-1,"isKey":false,"isExternalId":false,"isSfIdLookup":false,"isNullable":true,"isUnique":false,"isCreateable":false,"isUpdateable":true,"isFilterable":false,"isCalculated":false,"javaType":"java.lang.Boolean","showLabel":true,"naturalOrder":9,"linkedFields":["SFTP_Status"],"relatedInfos":[],"references":[]},{"@type":"field","id":2403521,"name":"LastModDate","type":"datetime","uniqueName":"LastModDate","label":"LastModDate","parentObject":"SFTP_PUT","pcType":"TOOLKIT_DATETIME","precision":26,"scale":26,"columnIndex":-1,"isKey":false,"isExternalId":false,"isSfIdLookup":false,"isNullable":true,"isUnique":false,"isCreateable":false,"isUpdateable":true,"isFilterable":true,"isCalculated":false,"javaType":"java.sql.Timestamp","showLabel":true,"naturalOrder":10,"linkedFields":["LastModDate"],"relatedInfos":[],"references":[]},{"@type":"field","id":2403522,"name":"Delete_Source","type":"boolean","uniqueName":"Delete_Source","label":"Delete_Source","parentObject":"SFTP_PUT","pcType":"SMALL_INTEGER","precision":10,"scale":10,"columnIndex":-1,"isKey":false,"isExternalId":false,"isSfIdLookup":false,"isNullable":true,"isUnique":false,"isCreateable":false,"isUpdateable":true,"isFilterable":true,"isCalculated":false,"javaType":"java.lang.Boolean","showLabel":true,"naturalOrder":11,"linkedFields":["Delete_Source"],"relatedInfos":[],"references":[]},{"@type":"field","id":2403523,"name":"Guaranteed_Delivery","type":"boolean","uniqueName":"Guaranteed_Delivery","label":"Guaranteed_Delivery","parentObject":"SFTP_PUT","pcType":"SMALL_INTEGER","precision":10,"scale":10,"columnIndex":-1,"isKey":false,"isExternalId":false,"isSfIdLookup":false,"isNullable":true,"isUnique":false,"isCreateable":false,"isUpdateable":true,"isFilterable":true,"isCalculated":false,"javaType":"java.lang.Boolean","showLabel":true,"naturalOrder":12,"linkedFields":["Guaranteed_Delivery"],"relatedInfos":[],"references":[]},{"@type":"field","id":2403524,"name":"SFTP_PassPhrase","type":"string","uniqueName":"SFTP_PassPhrase","label":"SFTP_PassPhrase","parentObject":"SFTP_PUT","pcType":"NSTRING","precision":256,"scale":256,"columnIndex":-1,"isKey":false,"isExternalId":false,"isSfIdLookup":false,"isNullable":true,"isUnique":false,"isCreateable":false,"isUpdateable":true,"isFilterable":true,"isCalculated":false,"javaType":"java.lang.String","showLabel":true,"naturalOrder":13,"linkedFields":["SFTP_PassPhrase"],"relatedInfos":[],"references":[]}],"sortFields":[],"groupFields":[]}]