[{"@type":"mappingTemplate","id":"@1","name":"m_RevProFile_To_Netsuite_JournalEntries_CreateLookupFile_AlreadySent","description":"","bundleVersion":"0","templateId":"@3","deployTime":1568676308000,"hasParameters":false,"valid":true,"fixedConnection":true,"hasParametersDeployed":false,"fixedConnectionDeployed":true,"tasks":1,"mappingPreviewFileRecordId":"@2","documentType":"","references":[{"@type":"reference","refObjectId":"@8Qp1Vvtik7ejRmnNM3lSiT","refType":"connection"},{"@type":"reference","refObjectId":"@2CjV79tAT4nicr3VedQp4y","refType":"connection"}]}]