[{"@type":"dssTask","id":"@1","name":"DSS_Netsuite_To_OrgChartNow_SFTP_Employees_PGP_Encryption","description":"","maxLogs":10,"sourceConnectionId":"@ejprgR44kYRdofkW8HG6WO","targetConnectionId":"@8Qp1Vvtik7ejRmnNM3lSiT","targetObject":"FF_Netsuite_To_OCN_Employee_EncryptionStatus.csv","targetObjectLabel":"FF_Netsuite_To_OCN_Employee_EncryptionStatus.csv","operation":"Insert","maxRows":0,"truncateTarget":false,"bulkApiDBTarget":false,"verbose":false,"tgtFlatFileAttrs":{"@type":"flatFileAttrs","id":109478,"delimiter":",","textQualifier":"\"","escapeChar":"","headerLineNo":1,"firstDataRow":2},"targetMetadataUpdated":false,"modelVersion":"V3-R600","queryAll":false,"srcSettings":{"@type":"taskDataSourceSetting","isShowLabels":true,"isNaturalOrder":true},"tgtSettings":{"@type":"taskDataSourceSetting","isShowLabels":false,"isNaturalOrder":true},"cfSettings":{"@type":"taskDataSourceSetting","isShowLabels":false,"isNaturalOrder":true},"bulkApi":false,"bulkApiSerialMode":false,"bulkApiMonitor":false,"isTargetObjectSfCustom":false,"allowNullUpdates":false,"targetBatchSize":200,"assignmentRuleId":"-1","assignmentRuleType":"None","createSuccessFile":false,"bulkApiHardDelete":false,"srcRuntimeAttrs":{"@type":"taskRuntimeAttrs","attrs":{"Retry Count":"3"}},"tgtRuntimeAttrs":{"@type":"taskRuntimeAttrs","attrs":{}},"sourceObjects":[{"@type":"mObject","name":"FileEncrypt","label":"","metadataUpdated":false,"relations":[],"children":[]}],"advancedFilters":[],"filters":[{"@type":"filter","objectName":"FileEncrypt","objectLabel":"","field":"Encryption_Type","fieldLabel":"","type":"STRING","operator":"equals","value":"PGP"},{"@type":"filter","objectName":"FileEncrypt","objectLabel":"","field":"PublicKeyPath","fieldLabel":"PublicKeyPath","type":"STRING","operator":"equals","value":"/opt/infaagent/apps/Data_Integration_Server/data/stage/pgpKeys/OrgChartNow-sbx-pgpKey.pub"}],"fieldMaps":[{"@type":"fieldMap","id":"1791140","targetField":{"@type":"field","id":4561514,"name":"SourceFileDir","type":"nstring","uniqueName":"SourceFileDir","label":"SourceFileDir","parentObject":"FF_Netsuite_To_OCN_Employee_EncryptionStatus.csv","pcType":"UNISTRING","precision":256,"scale":0,"columnIndex":0,"isKey":false,"isExternalId":false,"isSfIdLookup":false,"isNullable":true,"isUnique":false,"isCreateable":false,"isUpdateable":true,"isFilterable":true,"isCalculated":false,"showLabel":false,"naturalOrder":0,"linkedFields":["SourceFileDir"],"relatedInfos":[],"references":[]},"expression":"SourceFileDir"},{"@type":"fieldMap","id":"1791141","targetField":{"@type":"field","id":4561515,"name":"DestFileDir","type":"nstring","uniqueName":"DestFileDir","label":"DestFileDir","parentObject":"FF_Netsuite_To_OCN_Employee_EncryptionStatus.csv","pcType":"UNISTRING","precision":256,"scale":0,"columnIndex":1,"isKey":false,"isExternalId":false,"isSfIdLookup":false,"isNullable":true,"isUnique":false,"isCreateable":false,"isUpdateable":true,"isFilterable":true,"isCalculated":false,"showLabel":false,"naturalOrder":0,"linkedFields":["DestFileDir"],"relatedInfos":[],"references":[]},"expression":"DestFileDir"},{"@type":"fieldMap","id":"1791142","targetField":{"@type":"field","id":4561516,"name":"PublicKeyPath","type":"nstring","uniqueName":"PublicKeyPath","label":"PublicKeyPath","parentObject":"FF_Netsuite_To_OCN_Employee_EncryptionStatus.csv","pcType":"UNISTRING","precision":256,"scale":0,"columnIndex":2,"isKey":false,"isExternalId":false,"isSfIdLookup":false,"isNullable":true,"isUnique":false,"isCreateable":false,"isUpdateable":true,"isFilterable":true,"isCalculated":false,"showLabel":false,"naturalOrder":0,"linkedFields":["PublicKeyPath"],"relatedInfos":[],"references":[]},"expression":"PublicKeyPath"},{"@type":"fieldMap","id":"1791143","targetField":{"@type":"field","id":4561517,"name":"PrivateKeyPath","type":"nstring","uniqueName":"PrivateKeyPath","label":"PrivateKeyPath","parentObject":"FF_Netsuite_To_OCN_Employee_EncryptionStatus.csv","pcType":"UNISTRING","precision":256,"scale":0,"columnIndex":3,"isKey":false,"isExternalId":false,"isSfIdLookup":false,"isNullable":true,"isUnique":false,"isCreateable":false,"isUpdateable":true,"isFilterable":true,"isCalculated":false,"showLabel":false,"naturalOrder":0,"linkedFields":["PrivateKeyPath"],"relatedInfos":[],"references":[]},"expression":"PrivateKeyPath"},{"@type":"fieldMap","id":"1791144","targetField":{"@type":"field","id":4561518,"name":"PatternFlag","type":"int","uniqueName":"PatternFlag","label":"PatternFlag","parentObject":"FF_Netsuite_To_OCN_Employee_EncryptionStatus.csv","pcType":"INT","precision":10,"scale":0,"columnIndex":4,"isKey":false,"isExternalId":false,"isSfIdLookup":false,"isNullable":true,"isUnique":false,"isCreateable":false,"isUpdateable":true,"isFilterable":true,"isCalculated":false,"showLabel":false,"naturalOrder":0,"linkedFields":["PatternFlag"],"relatedInfos":[],"references":[]},"expression":"PatternFlag"},{"@type":"fieldMap","id":"1791145","targetField":{"@type":"field","id":4561519,"name":"FileName","type":"nstring","uniqueName":"FileName","label":"FileName","parentObject":"FF_Netsuite_To_OCN_Employee_EncryptionStatus.csv","pcType":"UNISTRING","precision":256,"scale":0,"columnIndex":5,"isKey":false,"isExternalId":false,"isSfIdLookup":false,"isNullable":true,"isUnique":false,"isCreateable":false,"isUpdateable":true,"isFilterable":true,"isCalculated":false,"showLabel":false,"naturalOrder":0,"linkedFields":["FileName"],"relatedInfos":[],"references":[]},"expression":"FileName"},{"@type":"fieldMap","id":"1791146","targetField":{"@type":"field","id":4561520,"name":"Encryption_Status","type":"int","uniqueName":"Encryption_Status","label":"Encryption_Status","parentObject":"FF_Netsuite_To_OCN_Employee_EncryptionStatus.csv","pcType":"INT","precision":10,"scale":0,"columnIndex":6,"isKey":false,"isExternalId":false,"isSfIdLookup":false,"isNullable":true,"isUnique":false,"isCreateable":false,"isUpdateable":true,"isFilterable":true,"isCalculated":false,"showLabel":false,"naturalOrder":0,"linkedFields":["Encryption_Status"],"relatedInfos":[],"references":[]},"expression":"Encryption_Status"},{"@type":"fieldMap","id":"1791147","targetField":{"@type":"field","id":4561521,"name":"Encryption_Type","type":"nstring","uniqueName":"Encryption_Type","label":"Encryption_Type","parentObject":"FF_Netsuite_To_OCN_Employee_EncryptionStatus.csv","pcType":"UNISTRING","precision":256,"scale":0,"columnIndex":7,"isKey":false,"isExternalId":false,"isSfIdLookup":false,"isNullable":true,"isUnique":false,"isCreateable":false,"isUpdateable":true,"isFilterable":true,"isCalculated":false,"showLabel":false,"naturalOrder":0,"linkedFields":["Encryption_Type"],"relatedInfos":[],"references":[]},"expression":"Encryption_Type"},{"@type":"fieldMap","id":"1791148","targetField":{"@type":"field","id":4561522,"name":"LastModDate","type":"datetime","uniqueName":"LastModDate","label":"LastModDate","parentObject":"FF_Netsuite_To_OCN_Employee_EncryptionStatus.csv","pcType":"DATE","precision":19,"scale":0,"columnIndex":8,"isKey":false,"isExternalId":false,"isSfIdLookup":false,"isNullable":true,"isUnique":false,"isCreateable":false,"isUpdateable":true,"isFilterable":true,"isCalculated":false,"showLabel":false,"naturalOrder":0,"linkedFields":["LastModDate"],"relatedInfos":[],"references":[]},"expression":"LastModDate"},{"@type":"fieldMap","id":"1791149","targetField":{"@type":"field","id":4561523,"name":"PassPhrase","type":"nstring","uniqueName":"PassPhrase","label":"PassPhrase","parentObject":"FF_Netsuite_To_OCN_Employee_EncryptionStatus.csv","pcType":"UNISTRING","precision":255,"scale":0,"columnIndex":9,"isKey":false,"isExternalId":false,"isSfIdLookup":false,"isNullable":true,"isUnique":false,"isCreateable":false,"isUpdateable":true,"isFilterable":true,"isCalculated":false,"showLabel":false,"naturalOrder":0,"linkedFields":["PassPhrase"],"relatedInfos":[],"references":[]},"expression":"PassPhrase"}],"sourceFields":[{"@type":"field","id":4561414,"name":"SourceFileDir","type":"string","uniqueName":"SourceFileDir","label":"SourceFileDir","parentObject":"FileEncrypt","pcType":"NSTRING","precision":256,"scale":256,"columnIndex":-1,"isKey":false,"isExternalId":false,"isSfIdLookup":false,"isNullable":true,"isUnique":false,"isCreateable":false,"isUpdateable":true,"isFilterable":false,"isCalculated":false,"javaType":"java.lang.String","showLabel":true,"naturalOrder":0,"linkedFields":["SourceFileDir"],"relatedInfos":[],"references":[]},{"@type":"field","id":4561415,"name":"DestFileDir","type":"string","uniqueName":"DestFileDir","label":"DestFileDir","parentObject":"FileEncrypt","pcType":"NSTRING","precision":256,"scale":256,"columnIndex":-1,"isKey":false,"isExternalId":false,"isSfIdLookup":false,"isNullable":true,"isUnique":false,"isCreateable":false,"isUpdateable":true,"isFilterable":false,"isCalculated":false,"javaType":"java.lang.String","showLabel":true,"naturalOrder":1,"linkedFields":["DestFileDir"],"relatedInfos":[],"references":[]},{"@type":"field","id":4561416,"name":"PublicKeyPath","type":"string","uniqueName":"PublicKeyPath","label":"PublicKeyPath","parentObject":"FileEncrypt","pcType":"NSTRING","precision":256,"scale":256,"columnIndex":-1,"isKey":false,"isExternalId":false,"isSfIdLookup":false,"isNullable":true,"isUnique":false,"isCreateable":false,"isUpdateable":true,"isFilterable":true,"isCalculated":false,"javaType":"java.lang.String","showLabel":true,"naturalOrder":2,"linkedFields":["PublicKeyPath"],"relatedInfos":[],"references":[]},{"@type":"field","id":4561417,"name":"PrivateKeyPath","type":"string","uniqueName":"PrivateKeyPath","label":"PrivateKeyPath","parentObject":"FileEncrypt","pcType":"NSTRING","precision":256,"scale":256,"columnIndex":-1,"isKey":false,"isExternalId":false,"isSfIdLookup":false,"isNullable":true,"isUnique":false,"isCreateable":false,"isUpdateable":true,"isFilterable":true,"isCalculated":false,"javaType":"java.lang.String","showLabel":true,"naturalOrder":3,"linkedFields":["PrivateKeyPath"],"relatedInfos":[],"references":[]},{"@type":"field","id":4561418,"name":"PatternFlag","type":"boolean","uniqueName":"PatternFlag","label":"PatternFlag","parentObject":"FileEncrypt","pcType":"SMALL_INTEGER","precision":10,"scale":10,"columnIndex":-1,"isKey":false,"isExternalId":false,"isSfIdLookup":false,"isNullable":true,"isUnique":false,"isCreateable":false,"isUpdateable":true,"isFilterable":false,"isCalculated":false,"javaType":"java.lang.Boolean","showLabel":true,"naturalOrder":4,"linkedFields":["PatternFlag"],"relatedInfos":[],"references":[]},{"@type":"field","id":4561419,"name":"FileName","type":"string","uniqueName":"FileName","label":"FileName","parentObject":"FileEncrypt","pcType":"NSTRING","precision":256,"scale":256,"columnIndex":-1,"isKey":false,"isExternalId":false,"isSfIdLookup":false,"isNullable":true,"isUnique":false,"isCreateable":false,"isUpdateable":true,"isFilterable":true,"isCalculated":false,"javaType":"java.lang.String","showLabel":true,"naturalOrder":5,"linkedFields":["FileName"],"relatedInfos":[],"references":[]},{"@type":"field","id":4561420,"name":"Encryption_Status","type":"boolean","uniqueName":"Encryption_Status","label":"Encryption_Status","parentObject":"FileEncrypt","pcType":"SMALL_INTEGER","precision":10,"scale":10,"columnIndex":-1,"isKey":false,"isExternalId":false,"isSfIdLookup":false,"isNullable":true,"isUnique":false,"isCreateable":false,"isUpdateable":true,"isFilterable":false,"isCalculated":false,"javaType":"java.lang.Boolean","showLabel":true,"naturalOrder":6,"linkedFields":["Encryption_Status"],"relatedInfos":[],"references":[]},{"@type":"field","id":4561421,"name":"Encryption_Type","type":"string","uniqueName":"Encryption_Type","label":"Encryption_Type","parentObject":"FileEncrypt","pcType":"NSTRING","precision":256,"scale":256,"columnIndex":-1,"isKey":false,"isExternalId":false,"isSfIdLookup":false,"isNullable":true,"isUnique":false,"isCreateable":false,"isUpdateable":true,"isFilterable":true,"isCalculated":false,"javaType":"java.lang.String","showLabel":true,"naturalOrder":7,"linkedFields":["Encryption_Type"],"relatedInfos":[],"references":[]},{"@type":"field","id":4561422,"name":"LastModDate","type":"datetime","uniqueName":"LastModDate","label":"LastModDate","parentObject":"FileEncrypt","pcType":"TOOLKIT_DATETIME","precision":26,"scale":26,"columnIndex":-1,"isKey":false,"isExternalId":false,"isSfIdLookup":false,"isNullable":true,"isUnique":false,"isCreateable":false,"isUpdateable":true,"isFilterable":true,"isCalculated":false,"javaType":"java.sql.Timestamp","showLabel":true,"naturalOrder":8,"linkedFields":["LastModDate"],"relatedInfos":[],"references":[]},{"@type":"field","id":4561423,"name":"PassPhrase","type":"string","uniqueName":"PassPhrase","label":"PassPhrase","parentObject":"FileEncrypt","pcType":"NSTRING","precision":255,"scale":255,"columnIndex":-1,"isKey":false,"isExternalId":false,"isSfIdLookup":false,"isNullable":true,"isUnique":false,"isCreateable":false,"isUpdateable":true,"isFilterable":true,"isCalculated":false,"javaType":"java.lang.String","showLabel":true,"naturalOrder":9,"linkedFields":["PassPhrase"],"relatedInfos":[],"references":[]}],"sortFields":[],"groupFields":[]}]