[{"@type":"mtTask","id":"@1","name":"mct_Netsuite_To_RevPro_LoadTransactions_SOExpiryDate","description":"","runtimeEnvironmentId":"@1KKuSUw1Rkfbzmz4wJo8eb","postProcessingCmd":"cp -f $PMRootDir/stage/FF_NS_To_RevProFile_606_Transaction_SOExpiryDate.csv $PMRootDir/stage/Archive/RevPro/FF_NS_To_RevProFile_606_Transaction_SOExpiryDate_$(date +%Y%m%d%H%M%S).csv && cp -f $PMRootDir/stage/FF_NS_To_RevProFile_606_Transaction_SOExpiryDate.csv $PMRootDir/stage/ICRT/","maxLogs":10,"verbose":false,"lastRunTime":1619208685000,"mappingId":"@cm2GqkgDqcOieAedoIYEsM","shortDescription":"","sessionPropertiesList":[],"enableCrossSchemaPushdown":false,"enableParallelRun":false,"autoTunedApplied":false,"autoTunedAppliedType":"NONE","paramFileType":"PARAM_FILE_LOCAL","schemaMode":"async","parameterFileEncoding":"UTF-8","serverlessProperties":{},"taskProperties":[{"@type":"taskProperty","name":"parameterFileDir","currentValue":"","type":"STRING","label":"label.parameterFileDir","required":false},{"@type":"taskProperty","name":"parameterFileName","currentValue":"","type":"STRING","label":"label.parameterFileName","required":false}],"parameters":[{"@type":"mtTaskParameter","id":118688014,"name":"$Source$","type":"SOURCE","label":"Source","uiProperties":{"connectionParameterized":"false","objectParameterized":"false","visible":"false"},"sourceConnectionId":"@6PU3rFIMgCQbgSudCSzFiN","sourceObject":"DUMMY_Source","newFlatFile":false,"newObject":false,"showBusinessNames":false,"naturalOrder":true,"truncateTarget":false,"bulkApiDBTarget":false,"customFuncCfg":{"@type":"customFuncConfig","id":-1,"connections":[],"inputMap":[],"outputFields":[]},"tgtFieldRefs":{},"targetUpdateColumns":[],"runtimeAttrs":{},"isRESTModernSource":true,"customQuery":"SELECT\nT.TRANID AS T_TRANID,\nTL.TRANSACTION_LINE_ID AS TL_LINE_ID,\nTL.EXPIRY_DATE AS TL_EXPIRY_DATE,\nT.TRANSACTION_TYPE AS T_TRAN_TYPE\n\nFROM \nTRANSACTIONS T, TRANSACTION_LINES TL\nWHERE\nT.TRANSACTION_ID = TL.TRANSACTION_ID\nAND\nT.TRANSACTION_TYPE = 'Sales Order'\nAND\nTL.EXPIRY_DATE__LAST_UPDATE IS NOT NULL\nAND\nTL.EXPIRY_DATE__LAST_UPDATE >= (SELECT STARTING FROM ACCOUNTING_PERIODS WHERE ACCOUNTING_PERIOD_ID = (SELECT MIN(ACCOUNTING_PERIOD_ID) FROM ACCOUNTING_PERIODS WHERE QUARTER = 'No' AND YEAR_0 = 'No' AND LOCKED_ACCOUNTS_RECEIVABLE = 'No'))\nAND \nTL.EXPIRY_DATE__LAST_UPDATE <= (SELECT ENDING FROM ACCOUNTING_PERIODS WHERE ACCOUNTING_PERIOD_ID = (SELECT MIN(ACCOUNTING_PERIOD_ID) FROM ACCOUNTING_PERIODS WHERE QUARTER = 'No' AND YEAR_0 = 'No' AND LOCKED_ACCOUNTS_RECEIVABLE = 'No'))","isFileList":false,"handleSpecialChars":false,"frsAsset":false,"dynamicFileName":false,"currentlyProcessedFileName":false,"tgtObjectAttributes":{},"runtimeParameterData":{"@type":"mtTaskRuntimeParameterData","isConnectionRuntimeParameter":false,"isObjectRuntimeParameter":false},"overriddenFields":[]},{"@type":"mtTaskParameter","id":118688015,"name":"$Target$","type":"TARGET","label":"Target","uiProperties":{"connectionParameterized":"false","objectParameterized":"false","visible":"false","defaultTargetUpdateColumns":""},"targetConnectionId":"@8Qp1Vvtik7ejRmnNM3lSiT","targetObject":"FF_NS_To_RevProFile_606_Transaction_SOExpiryDate.csv","targetObjectLabel":"FF_NS_To_RevProFile_606_Transaction_SOExpiryDate.csv","newFlatFile":false,"newObject":true,"showBusinessNames":false,"naturalOrder":true,"newObjectName":"FF_NS_To_RevProFile_606_Transaction_SOExpiryDate.csv","truncateTarget":false,"bulkApiDBTarget":false,"operationType":"Insert","tgtFFAttrs":{"@type":"flatFileAttrs","id":2862473,"delimiter":",","textQualifier":"\"","escapeChar":"","headerLineNo":1},"customFuncCfg":{"@type":"customFuncConfig","id":-1,"connections":[],"inputMap":[],"outputFields":[]},"tgtFieldRefs":{},"targetUpdateColumns":[],"extendedObject":{"@type":"extendedObject","filters":[],"sortFields":[]},"runtimeAttrs":{},"isRESTModernSource":true,"isFileList":false,"handleSpecialChars":false,"frsAsset":false,"dynamicFileName":false,"currentlyProcessedFileName":false,"tgtObjectAttributes":{},"runtimeParameterData":{"@type":"mtTaskRuntimeParameterData","isConnectionRuntimeParameter":false,"isObjectRuntimeParameter":false},"overriddenFields":[]}],"sequences":[],"inOutParameters":[],"connRuntimeAttrs":[]}]