[{"@type":"workflow","id":"@1","name":"TF_Employee_Netsuite_To_SFDC_UpdateUser","maxLogs":10,"references":[{"@type":"reference","refObjectId":"@aMFiS8omteccApQZQSC1kU","refType":"mtTask"},{"@type":"reference","refObjectId":"@9w07McJnIXzdgUerSdA4y8","refType":"mtTask"},{"@type":"reference","refObjectId":"@06ZTTDvUb1HkCLWAVLjLKK","refType":"mtTask"},{"@type":"reference","refObjectId":"@3rJwjUavncYcGI7gqGAieI","refType":"mtTask"}],"tasks":[{"@type":"workflowTask","taskId":"@aMFiS8omteccApQZQSC1kU","type":"MTT","name":"mct_Employee_Netsuite_To_File_ForLookup","stopOnError":true,"stopOnWarning":false},{"@type":"workflowTask","taskId":"@9w07McJnIXzdgUerSdA4y8","type":"MTT","name":"mct_Employee_Salesforce_To_File_ForLookup","stopOnError":true,"stopOnWarning":false},{"@type":"workflowTask","taskId":"@06ZTTDvUb1HkCLWAVLjLKK","type":"MTT","name":"mct_Employee_SFDC_To_SFDC_UpdateNetsuiteId","stopOnError":true,"stopOnWarning":false},{"@type":"workflowTask","taskId":"@3rJwjUavncYcGI7gqGAieI","type":"MTT","name":"mct_Employee_User_SFDC_To_SFDC_UpdateFromNetsuite","stopOnError":true,"stopOnWarning":false}]}]