[{"@type":"mappingTemplate","id":"@1","name":"m_NS_FF_Emp_Okta_Rescind_Reactivations","description":"","bundleVersion":"0","templateId":"@3","deployTime":1611878629000,"hasParameters":false,"valid":true,"fixedConnection":true,"hasParametersDeployed":false,"fixedConnectionDeployed":true,"tasks":1,"mappingPreviewFileRecordId":"@2","documentType":"MAPPING","references":[{"@type":"reference","refObjectId":"@4CCGgqXCJRHckum26BMe2M","refType":"connection"},{"@type":"reference","refObjectId":"@1AoqRRcFAVobCrPGI9Fgac","refType":"connection"}]}]