[{"@type":"mappingTemplate","id":"@1","name":"m_Snowflake_Anaplan_Oppty_Data_Load","description":"","bundleVersion":"0","templateId":"@3","deployTime":1576259998000,"hasParameters":false,"valid":true,"fixedConnection":true,"hasParametersDeployed":false,"fixedConnectionDeployed":true,"tasks":1,"mappingPreviewFileRecordId":"@2","documentType":"","references":[{"@type":"reference","refObjectId":"@ki7uh3zsE6ObJYKPcVCLyY","refType":"connection"},{"@type":"reference","refObjectId":"@8raP8LZwSIJikTFm5cNMIu","refType":"connection"}]}]