[{"@type":"mappingTemplate","id":"@1","name":"m_Netsuite_Custom_Table_Data_Load_SO_Line_Action_Items_FF","description":"","bundleVersion":"0","templateId":"@3","deployTime":1604520654000,"hasParameters":false,"valid":true,"fixedConnection":true,"hasParametersDeployed":false,"fixedConnectionDeployed":true,"tasks":1,"mappingPreviewFileRecordId":"@2","documentType":"","references":[{"@type":"reference","refObjectId":"@8Qp1Vvtik7ejRmnNM3lSiT","refType":"connection"},{"@type":"reference","refObjectId":"@lswrXZZ7IoKlAAwKXY4u6P","refType":"connection"}]}]