[{"@type":"mappingTemplate","id":"@1","name":"m_Billing_Schedules_Custom_Load","description":"","bundleVersion":"0","templateId":"@3","deployTime":1594341211000,"hasParameters":false,"valid":true,"fixedConnection":true,"hasParametersDeployed":false,"fixedConnectionDeployed":true,"tasks":1,"mappingPreviewFileRecordId":"@2","documentType":"","references":[{"@type":"reference","refObjectId":"@8Qp1Vvtik7ejRmnNM3lSiT","refType":"connection"},{"@type":"reference","refObjectId":"@4CCGgqXCJRHckum26BMe2M","refType":"connection"},{"@type":"reference","refObjectId":"@igjXBevWNu7hSiCsZKoDWh","refType":"connection"}]}]