[{"@type":"workflow","id":"@1","name":"TF_SFDC_Account_Customer_Status_Update","description":"This this is used to update the customer status and over customer statisfaction based on the different senarios","maxLogs":10,"references":[{"@type":"reference","refObjectId":"@9G9J5a4ijMUjX4xDGpfo6S","refType":"dssTask"},{"@type":"reference","refObjectId":"@5zBTC2KeyRDcxk1oxUQsY4","refType":"dssTask"},{"@type":"reference","refObjectId":"@59Nz2UEUSPNl6OyI8qFmgK","refType":"dssTask"},{"@type":"reference","refObjectId":"@gzL3sYrtsGBjFkWkw0eRWT","refType":"dssTask"}],"tasks":[{"@type":"workflowTask","taskId":"@9G9J5a4ijMUjX4xDGpfo6S","type":"DSS","name":"dss_SFDC_Account_Status_Update_1","stopOnError":false,"stopOnWarning":false},{"@type":"workflowTask","taskId":"@5zBTC2KeyRDcxk1oxUQsY4","type":"DSS","name":"dss_SFDC_Account_Status_Update_2","stopOnError":false,"stopOnWarning":false},{"@type":"workflowTask","taskId":"@59Nz2UEUSPNl6OyI8qFmgK","type":"DSS","name":"dss_SFDC_Account_Status_Update_3","stopOnError":false,"stopOnWarning":false},{"@type":"workflowTask","taskId":"@gzL3sYrtsGBjFkWkw0eRWT","type":"DSS","name":"dss_SFDC_Account_Status_Update_4","stopOnError":false,"stopOnWarning":false}]}]