[{"@type":"dssTask","id":"@1","name":"DSS_Invoice_Payments_01b_PUT_NSFile_To_File","description":"","maxLogs":10,"sourceConnectionId":"@6ey2Cmo3PaHcsThnJ0TYui","targetConnectionId":"@6ey2Cmo3PaHcsThnJ0TYui","targetObject":"FF_InvoicePayments_FromNetSuite_GetCoupaId_temp.csv","targetObjectLabel":"FF_InvoicePayments_FromNetSuite_GetCoupaId_temp.csv","targetChildObjectLabel":"","operation":"Insert","maxRows":0,"truncateTarget":false,"bulkApiDBTarget":false,"verbose":false,"srcFlatFileAttrs":{"@type":"flatFileAttrs","id":44359,"delimiter":",","textQualifier":"\"","escapeChar":"","headerLineNo":1,"firstDataRow":2},"tgtFlatFileAttrs":{"@type":"flatFileAttrs","id":44360,"delimiter":",","textQualifier":"\"","escapeChar":"","headerLineNo":1,"firstDataRow":2},"targetMetadataUpdated":false,"modelVersion":"V3-R600","queryAll":false,"srcSettings":{"@type":"taskDataSourceSetting","isShowLabels":false,"isNaturalOrder":true},"tgtSettings":{"@type":"taskDataSourceSetting","isShowLabels":false,"isNaturalOrder":true},"cfSettings":{"@type":"taskDataSourceSetting","isShowLabels":false,"isNaturalOrder":true},"bulkApi":false,"bulkApiSerialMode":false,"bulkApiMonitor":false,"isTargetObjectSfCustom":false,"allowNullUpdates":false,"targetBatchSize":200,"assignmentRuleId":"-1","assignmentRuleType":"None","createSuccessFile":false,"bulkApiHardDelete":false,"srcRuntimeAttrs":{"@type":"taskRuntimeAttrs","attrs":{}},"tgtRuntimeAttrs":{"@type":"taskRuntimeAttrs","attrs":{}},"sourceObjects":[{"@type":"mObject","name":"FF_InvoicePayments_FromNetSuite_temp.csv","label":"FF_InvoicePayments_FromNetSuite_temp.csv","metadataUpdated":false,"relations":[],"children":[]}],"advancedFilters":[{"@type":"advancedFilter","id":"42531","objectName":"FF_InvoicePayments_FromNetSuite_temp.csv","objectLabel":"FF_InvoicePayments_FromNetSuite_temp.csv","expression":"VendorPaymentApplyList_type = 'Bill'  AND   ( VendorPayment_cust_ppp_approval_status = '2'  OR  VendorPayment_cust_ppp_method = '4'  OR Subsidiary_Id = '9' )"}],"filters":[],"fieldMaps":[{"@type":"fieldMap","id":"959534","targetField":{"@type":"field","id":2362202,"name":"NS_VendorBill_externalId_CoupaId","type":"nstring","uniqueName":"NS_VendorBill_externalId_CoupaId","label":"NS_VendorBill_externalId_CoupaId","parentObject":"FF_InvoicePayments_FromNetSuite_GetCoupaId_temp.csv","pcType":"UNISTRING","precision":256,"scale":0,"columnIndex":0,"isKey":false,"isExternalId":false,"isSfIdLookup":false,"isNullable":true,"isUnique":false,"isCreateable":false,"isUpdateable":true,"isFilterable":true,"isCalculated":false,"showLabel":false,"naturalOrder":0,"linkedFields":["VendorPaymentApplyList_doc","VendorPaymentApplyList_refNum"],"relatedInfos":[],"references":[]},"lookup":{"@type":"lookup","id":"4898","connectionId":"@b3U4nPCAkmZgKaHvUiQ8w2","object":"VendorBill","objectLabel":"VendorBill","outputField":{"@type":"field","id":2362203,"name":"externalId","type":"string","uniqueName":"externalId","label":"externalId","parentObject":"VendorBill","pcType":"NSTRING","precision":256,"scale":0,"columnIndex":-1,"isKey":false,"isExternalId":false,"isSfIdLookup":false,"isNullable":true,"isUnique":false,"isCreateable":false,"isUpdateable":true,"isFilterable":true,"isCalculated":false,"javaType":"java.lang.String","showLabel":true,"naturalOrder":101,"linkedFields":[],"relatedInfos":[],"references":[]},"multiplicityError":true,"settings":{"@type":"taskDataSourceSetting","isShowLabels":true,"isNaturalOrder":true},"objectRelations":[{"@type":"objectRelationExt","object1":"FF_InvoicePayments_FromNetSuite_temp.csv","object2":"VendorBill","field1":{"@type":"field","id":4984927,"name":"VendorPaymentApplyList_doc","type":"nstring","uniqueName":"VendorPaymentApplyList_doc","label":"VendorPaymentApplyList_doc","parentObject":"FF_InvoicePayments_FromNetSuite_temp.csv","pcType":"UNISTRING","precision":256,"scale":0,"columnIndex":12,"isKey":false,"isExternalId":false,"isSfIdLookup":false,"isNullable":true,"isUnique":false,"isCreateable":false,"isUpdateable":true,"isFilterable":true,"isCalculated":false,"showLabel":true,"naturalOrder":0,"linkedFields":[],"relatedInfos":[],"references":[]},"field2":{"@type":"field","id":4984928,"name":"internalId","type":"string","uniqueName":"internalId","label":"internalId","parentObject":"VendorBill","pcType":"NSTRING","precision":256,"scale":0,"columnIndex":-1,"isKey":true,"isExternalId":false,"isSfIdLookup":false,"isNullable":true,"isUnique":false,"isCreateable":false,"isUpdateable":true,"isFilterable":true,"isCalculated":false,"javaType":"java.lang.String","showLabel":true,"naturalOrder":100,"linkedFields":[],"relatedInfos":[],"references":[]}},{"@type":"objectRelationExt","object1":"FF_InvoicePayments_FromNetSuite_temp.csv","object2":"VendorBill","field1":{"@type":"field","id":4984929,"name":"VendorPaymentApplyList_refNum","type":"nstring","uniqueName":"VendorPaymentApplyList_refNum","label":"VendorPaymentApplyList_refNum","parentObject":"FF_InvoicePayments_FromNetSuite_temp.csv","pcType":"UNISTRING","precision":256,"scale":0,"columnIndex":11,"isKey":false,"isExternalId":false,"isSfIdLookup":false,"isNullable":true,"isUnique":false,"isCreateable":false,"isUpdateable":true,"isFilterable":true,"isCalculated":false,"showLabel":true,"naturalOrder":0,"linkedFields":[],"relatedInfos":[],"references":[]},"field2":{"@type":"field","id":4984930,"name":"tranId","type":"string","uniqueName":"tranId","label":"tranId","parentObject":"VendorBill","pcType":"NSTRING","precision":256,"scale":0,"columnIndex":-1,"isKey":false,"isExternalId":false,"isSfIdLookup":false,"isNullable":true,"isUnique":false,"isCreateable":false,"isUpdateable":true,"isFilterable":true,"isCalculated":false,"javaType":"java.lang.String","showLabel":true,"naturalOrder":71,"linkedFields":[],"relatedInfos":[],"references":[]}}]}},{"@type":"fieldMap","id":"959535","targetField":{"@type":"field","id":2362208,"name":"NS_VendorPayment_status","type":"nstring","uniqueName":"NS_VendorPayment_status","label":"NS_VendorPayment_status","parentObject":"FF_InvoicePayments_FromNetSuite_GetCoupaId_temp.csv","pcType":"UNISTRING","precision":255,"scale":0,"columnIndex":1,"isKey":false,"isExternalId":false,"isSfIdLookup":false,"isNullable":true,"isUnique":false,"isCreateable":false,"isUpdateable":true,"isFilterable":true,"isCalculated":false,"showLabel":false,"naturalOrder":0,"linkedFields":["VendorPayment_status"],"relatedInfos":[],"references":[]},"expression":"VendorPayment_status"},{"@type":"fieldMap","id":"959536","targetField":{"@type":"field","id":2362209,"name":"NS_VendorCredit_externalId_CoupaId","type":"nstring","uniqueName":"NS_VendorCredit_externalId_CoupaId","label":"NS_VendorCredit_externalId_CoupaId","parentObject":"FF_InvoicePayments_FromNetSuite_GetCoupaId_temp.csv","pcType":"UNISTRING","precision":256,"scale":0,"columnIndex":2,"isKey":false,"isExternalId":false,"isSfIdLookup":false,"isNullable":true,"isUnique":false,"isCreateable":false,"isUpdateable":true,"isFilterable":true,"isCalculated":false,"showLabel":false,"naturalOrder":0,"linkedFields":["VendorPaymentApplyList_doc","VendorPaymentApplyList_refNum"],"relatedInfos":[],"references":[]},"lookup":{"@type":"lookup","id":"4899","connectionId":"@b3U4nPCAkmZgKaHvUiQ8w2","object":"VendorCredit","objectLabel":"VendorCredit","outputField":{"@type":"field","id":2362210,"name":"externalId","type":"string","uniqueName":"externalId","label":"externalId","parentObject":"VendorCredit","pcType":"NSTRING","precision":256,"scale":0,"columnIndex":-1,"isKey":false,"isExternalId":false,"isSfIdLookup":false,"isNullable":true,"isUnique":false,"isCreateable":false,"isUpdateable":true,"isFilterable":true,"isCalculated":false,"javaType":"java.lang.String","showLabel":true,"naturalOrder":86,"linkedFields":[],"relatedInfos":[],"references":[]},"multiplicityError":true,"settings":{"@type":"taskDataSourceSetting","isShowLabels":true,"isNaturalOrder":true},"objectRelations":[{"@type":"objectRelationExt","object1":"FF_InvoicePayments_FromNetSuite_temp.csv","object2":"VendorCredit","field1":{"@type":"field","id":4984931,"name":"VendorPaymentApplyList_doc","type":"nstring","uniqueName":"VendorPaymentApplyList_doc","label":"VendorPaymentApplyList_doc","parentObject":"FF_InvoicePayments_FromNetSuite_temp.csv","pcType":"UNISTRING","precision":256,"scale":0,"columnIndex":12,"isKey":false,"isExternalId":false,"isSfIdLookup":false,"isNullable":true,"isUnique":false,"isCreateable":false,"isUpdateable":true,"isFilterable":true,"isCalculated":false,"showLabel":true,"naturalOrder":0,"linkedFields":[],"relatedInfos":[],"references":[]},"field2":{"@type":"field","id":4984932,"name":"internalId","type":"string","uniqueName":"internalId","label":"internalId","parentObject":"VendorCredit","pcType":"NSTRING","precision":256,"scale":0,"columnIndex":-1,"isKey":true,"isExternalId":false,"isSfIdLookup":false,"isNullable":true,"isUnique":false,"isCreateable":false,"isUpdateable":true,"isFilterable":true,"isCalculated":false,"javaType":"java.lang.String","showLabel":true,"naturalOrder":85,"linkedFields":[],"relatedInfos":[],"references":[]}},{"@type":"objectRelationExt","object1":"FF_InvoicePayments_FromNetSuite_temp.csv","object2":"VendorCredit","field1":{"@type":"field","id":4984933,"name":"VendorPaymentApplyList_refNum","type":"nstring","uniqueName":"VendorPaymentApplyList_refNum","label":"VendorPaymentApplyList_refNum","parentObject":"FF_InvoicePayments_FromNetSuite_temp.csv","pcType":"UNISTRING","precision":256,"scale":0,"columnIndex":11,"isKey":false,"isExternalId":false,"isSfIdLookup":false,"isNullable":true,"isUnique":false,"isCreateable":false,"isUpdateable":true,"isFilterable":true,"isCalculated":false,"showLabel":true,"naturalOrder":0,"linkedFields":[],"relatedInfos":[],"references":[]},"field2":{"@type":"field","id":4984934,"name":"tranId","type":"string","uniqueName":"tranId","label":"tranId","parentObject":"VendorCredit","pcType":"NSTRING","precision":256,"scale":0,"columnIndex":-1,"isKey":false,"isExternalId":false,"isSfIdLookup":false,"isNullable":true,"isUnique":false,"isCreateable":false,"isUpdateable":true,"isFilterable":true,"isCalculated":false,"javaType":"java.lang.String","showLabel":true,"naturalOrder":28,"linkedFields":[],"relatedInfos":[],"references":[]}}]}},{"@type":"fieldMap","id":"959537","targetField":{"@type":"field","id":2362215,"name":"NS_VendorPayment_internalId","type":"nstring","uniqueName":"NS_VendorPayment_internalId","label":"NS_VendorPayment_internalId","parentObject":"FF_InvoicePayments_FromNetSuite_GetCoupaId_temp.csv","pcType":"UNISTRING","precision":255,"scale":0,"columnIndex":3,"isKey":false,"isExternalId":false,"isSfIdLookup":false,"isNullable":true,"isUnique":false,"isCreateable":false,"isUpdateable":true,"isFilterable":true,"isCalculated":false,"showLabel":false,"naturalOrder":0,"linkedFields":["VendorPayment_internalId"],"relatedInfos":[],"references":[]},"expression":"VendorPayment_internalId"},{"@type":"fieldMap","id":"959538","targetField":{"@type":"field","id":2362216,"name":"VendorBill_Status_Paid","type":"nstring","uniqueName":"VendorBill_Status_Paid","label":"VendorBill_Status_Paid","parentObject":"FF_InvoicePayments_FromNetSuite_GetCoupaId_temp.csv","pcType":"UNISTRING","precision":256,"scale":0,"columnIndex":4,"isKey":false,"isExternalId":false,"isSfIdLookup":false,"isNullable":true,"isUnique":false,"isCreateable":false,"isUpdateable":true,"isFilterable":true,"isCalculated":false,"showLabel":false,"naturalOrder":0,"linkedFields":["VendorPaymentApplyList_doc","VendorPaymentApplyList_refNum"],"relatedInfos":[],"references":[]},"expression":"IIF($OutputField = 'Paid In Full', true, false)","lookup":{"@type":"lookup","id":"4900","connectionId":"@b3U4nPCAkmZgKaHvUiQ8w2","object":"VendorBill","objectLabel":"VendorBill","outputField":{"@type":"field","id":2362217,"name":"status","type":"string","uniqueName":"status","label":"status","parentObject":"VendorBill","pcType":"NSTRING","precision":256,"scale":0,"columnIndex":-1,"isKey":false,"isExternalId":false,"isSfIdLookup":false,"isNullable":true,"isUnique":false,"isCreateable":false,"isUpdateable":true,"isFilterable":true,"isCalculated":false,"javaType":"java.lang.String","showLabel":true,"naturalOrder":96,"linkedFields":[],"relatedInfos":[],"references":[]},"multiplicityError":true,"settings":{"@type":"taskDataSourceSetting","isShowLabels":true,"isNaturalOrder":true},"objectRelations":[{"@type":"objectRelationExt","object1":"FF_InvoicePayments_FromNetSuite_temp.csv","object2":"VendorBill","field1":{"@type":"field","id":4984935,"name":"VendorPaymentApplyList_doc","type":"nstring","uniqueName":"VendorPaymentApplyList_doc","label":"VendorPaymentApplyList_doc","parentObject":"FF_InvoicePayments_FromNetSuite_temp.csv","pcType":"UNISTRING","precision":256,"scale":0,"columnIndex":12,"isKey":false,"isExternalId":false,"isSfIdLookup":false,"isNullable":true,"isUnique":false,"isCreateable":false,"isUpdateable":true,"isFilterable":true,"isCalculated":false,"showLabel":true,"naturalOrder":0,"linkedFields":[],"relatedInfos":[],"references":[]},"field2":{"@type":"field","id":4984936,"name":"internalId","type":"string","uniqueName":"internalId","label":"internalId","parentObject":"VendorBill","pcType":"NSTRING","precision":256,"scale":0,"columnIndex":-1,"isKey":true,"isExternalId":false,"isSfIdLookup":false,"isNullable":true,"isUnique":false,"isCreateable":false,"isUpdateable":true,"isFilterable":true,"isCalculated":false,"javaType":"java.lang.String","showLabel":true,"naturalOrder":100,"linkedFields":[],"relatedInfos":[],"references":[]}},{"@type":"objectRelationExt","object1":"FF_InvoicePayments_FromNetSuite_temp.csv","object2":"VendorBill","field1":{"@type":"field","id":4984937,"name":"VendorPaymentApplyList_refNum","type":"nstring","uniqueName":"VendorPaymentApplyList_refNum","label":"VendorPaymentApplyList_refNum","parentObject":"FF_InvoicePayments_FromNetSuite_temp.csv","pcType":"UNISTRING","precision":256,"scale":0,"columnIndex":11,"isKey":false,"isExternalId":false,"isSfIdLookup":false,"isNullable":true,"isUnique":false,"isCreateable":false,"isUpdateable":true,"isFilterable":true,"isCalculated":false,"showLabel":true,"naturalOrder":0,"linkedFields":[],"relatedInfos":[],"references":[]},"field2":{"@type":"field","id":4984938,"name":"tranId","type":"string","uniqueName":"tranId","label":"tranId","parentObject":"VendorBill","pcType":"NSTRING","precision":256,"scale":0,"columnIndex":-1,"isKey":false,"isExternalId":false,"isSfIdLookup":false,"isNullable":true,"isUnique":false,"isCreateable":false,"isUpdateable":true,"isFilterable":true,"isCalculated":false,"javaType":"java.lang.String","showLabel":true,"naturalOrder":71,"linkedFields":[],"relatedInfos":[],"references":[]}}]}},{"@type":"fieldMap","id":"959539","targetField":{"@type":"field","id":2362222,"name":"VendorCredit_Status_Paid","type":"nstring","uniqueName":"VendorCredit_Status_Paid","label":"VendorCredit_Status_Paid","parentObject":"FF_InvoicePayments_FromNetSuite_GetCoupaId_temp.csv","pcType":"UNISTRING","precision":255,"scale":0,"columnIndex":5,"isKey":false,"isExternalId":false,"isSfIdLookup":false,"isNullable":true,"isUnique":false,"isCreateable":false,"isUpdateable":true,"isFilterable":true,"isCalculated":false,"showLabel":false,"naturalOrder":0,"linkedFields":[],"relatedInfos":[],"references":[]},"expression":"'true'"},{"@type":"fieldMap","id":"959540","targetField":{"@type":"field","id":2362223,"name":"Date","type":"nstring","uniqueName":"Date","label":"Date","parentObject":"FF_InvoicePayments_FromNetSuite_GetCoupaId_temp.csv","pcType":"UNISTRING","precision":255,"scale":0,"columnIndex":6,"isKey":false,"isExternalId":false,"isSfIdLookup":false,"isNullable":true,"isUnique":false,"isCreateable":false,"isUpdateable":true,"isFilterable":true,"isCalculated":false,"showLabel":false,"naturalOrder":0,"linkedFields":["VendorPaymentApplyList_tranDate"],"relatedInfos":[],"references":[]},"expression":"VendorPaymentApplyList_tranDate"},{"@type":"fieldMap","id":"959541","targetField":{"@type":"field","id":2362224,"name":"Memo","type":"nstring","uniqueName":"Memo","label":"Memo","parentObject":"FF_InvoicePayments_FromNetSuite_GetCoupaId_temp.csv","pcType":"UNISTRING","precision":255,"scale":0,"columnIndex":7,"isKey":false,"isExternalId":false,"isSfIdLookup":false,"isNullable":true,"isUnique":false,"isCreateable":false,"isUpdateable":true,"isFilterable":true,"isCalculated":false,"showLabel":false,"naturalOrder":0,"linkedFields":["VendorPayment_Memo"],"relatedInfos":[],"references":[]},"expression":"VendorPayment_Memo"},{"@type":"fieldMap","id":"959542","targetField":{"@type":"field","id":2362225,"name":"Amount","type":"nstring","uniqueName":"Amount","label":"Amount","parentObject":"FF_InvoicePayments_FromNetSuite_GetCoupaId_temp.csv","pcType":"UNISTRING","precision":255,"scale":0,"columnIndex":8,"isKey":false,"isExternalId":false,"isSfIdLookup":false,"isNullable":true,"isUnique":false,"isCreateable":false,"isUpdateable":true,"isFilterable":true,"isCalculated":false,"showLabel":false,"naturalOrder":0,"linkedFields":["VendorPaymentApplyList_amount"],"relatedInfos":[],"references":[]},"expression":"VendorPaymentApplyList_amount"},{"@type":"fieldMap","id":"959543","targetField":{"@type":"field","id":2362226,"name":"Voided_Amount","type":"number","uniqueName":"Voided_Amount","label":"Voided_Amount","parentObject":"FF_InvoicePayments_FromNetSuite_GetCoupaId_temp.csv","pcType":"HIPRECDECIMAL","precision":28,"scale":0,"columnIndex":9,"isKey":false,"isExternalId":false,"isSfIdLookup":false,"isNullable":true,"isUnique":false,"isCreateable":false,"isUpdateable":true,"isFilterable":true,"isCalculated":false,"showLabel":false,"naturalOrder":0,"linkedFields":["OriginalMemo"],"relatedInfos":[],"references":[]},"lookup":{"@type":"lookup","id":"4901","connectionId":"@aO4WEROpbP2kxnr5Gq9CE6","object":"payments_payment","objectLabel":"payments_payment","outputField":{"@type":"field","id":2362227,"name":"amount_paid","type":"decimal","uniqueName":"amount_paid","label":"amount_paid","parentObject":"payments_payment","pcType":"DECIMAL","precision":28,"scale":0,"columnIndex":-1,"isKey":false,"isExternalId":false,"isSfIdLookup":false,"isNullable":true,"isUnique":false,"isCreateable":false,"isUpdateable":true,"isFilterable":true,"isCalculated":false,"javaType":"java.math.BigDecimal","showLabel":true,"naturalOrder":0,"linkedFields":[],"relatedInfos":[],"references":[]},"multiplicityError":false,"settings":{"@type":"taskDataSourceSetting","isShowLabels":true,"isNaturalOrder":true},"objectRelations":[{"@type":"objectRelationExt","object1":"FF_InvoicePayments_FromNetSuite_temp.csv","object2":"payments_payment","field1":{"@type":"field","id":2362228,"name":"OriginalMemo","type":"nstring","uniqueName":"OriginalMemo","label":"OriginalMemo","parentObject":"FF_InvoicePayments_FromNetSuite_temp.csv","pcType":"UNISTRING","precision":25,"scale":0,"columnIndex":4,"isKey":false,"isExternalId":false,"isSfIdLookup":false,"isNullable":true,"isUnique":false,"isCreateable":false,"isUpdateable":true,"isFilterable":true,"isCalculated":false,"showLabel":true,"naturalOrder":0,"linkedFields":[],"relatedInfos":[],"references":[]},"field2":{"@type":"field","id":2362229,"name":"notes","type":"string","uniqueName":"notes","label":"notes","parentObject":"payments_payment","pcType":"NSTRING","precision":25,"scale":0,"columnIndex":-1,"isKey":false,"isExternalId":false,"isSfIdLookup":false,"isNullable":true,"isUnique":false,"isCreateable":false,"isUpdateable":true,"isFilterable":true,"isCalculated":false,"javaType":"java.lang.String","showLabel":true,"naturalOrder":11,"linkedFields":[],"relatedInfos":[],"references":[]}}]}}],"sourceFields":[{"@type":"field","id":19213314,"name":"VendorPayment_internalId","type":"nstring","uniqueName":"VendorPayment_internalId","label":"VendorPayment_internalId","parentObject":"FF_InvoicePayments_FromNetSuite_temp.csv","pcType":"UNISTRING","precision":255,"scale":0,"columnIndex":0,"isKey":false,"isExternalId":false,"isSfIdLookup":false,"isNullable":true,"isUnique":false,"isCreateable":false,"isUpdateable":true,"isFilterable":true,"isCalculated":false,"showLabel":false,"naturalOrder":0,"linkedFields":["NS_VendorPayment_internalId"],"relatedInfos":[],"references":[]},{"@type":"field","id":19213315,"name":"VendorPayment_lastmodifieddate","type":"nstring","uniqueName":"VendorPayment_lastmodifieddate","label":"VendorPayment_lastmodifieddate","parentObject":"FF_InvoicePayments_FromNetSuite_temp.csv","pcType":"UNISTRING","precision":255,"scale":0,"columnIndex":1,"isKey":false,"isExternalId":false,"isSfIdLookup":false,"isNullable":true,"isUnique":false,"isCreateable":false,"isUpdateable":true,"isFilterable":true,"isCalculated":false,"showLabel":false,"naturalOrder":0,"linkedFields":[],"relatedInfos":[],"references":[]},{"@type":"field","id":19213316,"name":"VendorPaymentApplyList_tranDate","type":"nstring","uniqueName":"VendorPaymentApplyList_tranDate","label":"VendorPaymentApplyList_tranDate","parentObject":"FF_InvoicePayments_FromNetSuite_temp.csv","pcType":"UNISTRING","precision":255,"scale":0,"columnIndex":2,"isKey":false,"isExternalId":false,"isSfIdLookup":false,"isNullable":true,"isUnique":false,"isCreateable":false,"isUpdateable":true,"isFilterable":true,"isCalculated":false,"showLabel":false,"naturalOrder":0,"linkedFields":["Date"],"relatedInfos":[],"references":[]},{"@type":"field","id":19213317,"name":"VendorPayment_Memo","type":"nstring","uniqueName":"VendorPayment_Memo","label":"VendorPayment_Memo","parentObject":"FF_InvoicePayments_FromNetSuite_temp.csv","pcType":"UNISTRING","precision":255,"scale":0,"columnIndex":3,"isKey":false,"isExternalId":false,"isSfIdLookup":false,"isNullable":true,"isUnique":false,"isCreateable":false,"isUpdateable":true,"isFilterable":true,"isCalculated":false,"showLabel":false,"naturalOrder":0,"linkedFields":["Memo"],"relatedInfos":[],"references":[]},{"@type":"field","id":19213318,"name":"OriginalMemo","type":"nstring","uniqueName":"OriginalMemo","label":"OriginalMemo","parentObject":"FF_InvoicePayments_FromNetSuite_temp.csv","pcType":"UNISTRING","precision":25,"scale":0,"columnIndex":4,"isKey":false,"isExternalId":false,"isSfIdLookup":false,"isNullable":true,"isUnique":false,"isCreateable":false,"isUpdateable":true,"isFilterable":true,"isCalculated":false,"showLabel":false,"naturalOrder":0,"linkedFields":["Voided_Amount"],"relatedInfos":[],"references":[]},{"@type":"field","id":19213319,"name":"VendorPayment_cust_ppp_approval_status","type":"nstring","uniqueName":"VendorPayment_cust_ppp_approval_status","label":"VendorPayment_cust_ppp_approval_status","parentObject":"FF_InvoicePayments_FromNetSuite_temp.csv","pcType":"UNISTRING","precision":255,"scale":0,"columnIndex":5,"isKey":false,"isExternalId":false,"isSfIdLookup":false,"isNullable":true,"isUnique":false,"isCreateable":false,"isUpdateable":true,"isFilterable":true,"isCalculated":false,"showLabel":false,"naturalOrder":0,"linkedFields":[],"relatedInfos":[],"references":[]},{"@type":"field","id":19213320,"name":"VendorPayment_status","type":"nstring","uniqueName":"VendorPayment_status","label":"VendorPayment_status","parentObject":"FF_InvoicePayments_FromNetSuite_temp.csv","pcType":"UNISTRING","precision":255,"scale":0,"columnIndex":6,"isKey":false,"isExternalId":false,"isSfIdLookup":false,"isNullable":true,"isUnique":false,"isCreateable":false,"isUpdateable":true,"isFilterable":true,"isCalculated":false,"showLabel":false,"naturalOrder":0,"linkedFields":["NS_VendorPayment_status"],"relatedInfos":[],"references":[]},{"@type":"field","id":19213321,"name":"VendorPayment_cust_ppp_method","type":"nstring","uniqueName":"VendorPayment_cust_ppp_method","label":"VendorPayment_cust_ppp_method","parentObject":"FF_InvoicePayments_FromNetSuite_temp.csv","pcType":"UNISTRING","precision":255,"scale":0,"columnIndex":7,"isKey":false,"isExternalId":false,"isSfIdLookup":false,"isNullable":true,"isUnique":false,"isCreateable":false,"isUpdateable":true,"isFilterable":true,"isCalculated":false,"showLabel":false,"naturalOrder":0,"linkedFields":[],"relatedInfos":[],"references":[]},{"@type":"field","id":19213322,"name":"VendorPaymentApplyList_applyDate","type":"nstring","uniqueName":"VendorPaymentApplyList_applyDate","label":"VendorPaymentApplyList_applyDate","parentObject":"FF_InvoicePayments_FromNetSuite_temp.csv","pcType":"UNISTRING","precision":255,"scale":0,"columnIndex":8,"isKey":false,"isExternalId":false,"isSfIdLookup":false,"isNullable":true,"isUnique":false,"isCreateable":false,"isUpdateable":true,"isFilterable":true,"isCalculated":false,"showLabel":false,"naturalOrder":0,"linkedFields":[],"relatedInfos":[],"references":[]},{"@type":"field","id":19213323,"name":"VendorPaymentApplyList_amount","type":"nstring","uniqueName":"VendorPaymentApplyList_amount","label":"VendorPaymentApplyList_amount","parentObject":"FF_InvoicePayments_FromNetSuite_temp.csv","pcType":"UNISTRING","precision":255,"scale":0,"columnIndex":9,"isKey":false,"isExternalId":false,"isSfIdLookup":false,"isNullable":true,"isUnique":false,"isCreateable":false,"isUpdateable":true,"isFilterable":true,"isCalculated":false,"showLabel":false,"naturalOrder":0,"linkedFields":["Amount"],"relatedInfos":[],"references":[]},{"@type":"field","id":19213324,"name":"VendorPaymentApplyList_line","type":"nstring","uniqueName":"VendorPaymentApplyList_line","label":"VendorPaymentApplyList_line","parentObject":"FF_InvoicePayments_FromNetSuite_temp.csv","pcType":"UNISTRING","precision":255,"scale":0,"columnIndex":10,"isKey":false,"isExternalId":false,"isSfIdLookup":false,"isNullable":true,"isUnique":false,"isCreateable":false,"isUpdateable":true,"isFilterable":true,"isCalculated":false,"showLabel":false,"naturalOrder":0,"linkedFields":[],"relatedInfos":[],"references":[]},{"@type":"field","id":19213325,"name":"VendorPaymentApplyList_refNum","type":"nstring","uniqueName":"VendorPaymentApplyList_refNum","label":"VendorPaymentApplyList_refNum","parentObject":"FF_InvoicePayments_FromNetSuite_temp.csv","pcType":"UNISTRING","precision":256,"scale":0,"columnIndex":11,"isKey":false,"isExternalId":false,"isSfIdLookup":false,"isNullable":true,"isUnique":false,"isCreateable":false,"isUpdateable":true,"isFilterable":true,"isCalculated":false,"showLabel":false,"naturalOrder":0,"linkedFields":["NS_VendorBill_externalId_CoupaId","NS_VendorCredit_externalId_CoupaId","VendorBill_Status_Paid"],"relatedInfos":[],"references":[]},{"@type":"field","id":19213326,"name":"VendorPaymentApplyList_doc","type":"nstring","uniqueName":"VendorPaymentApplyList_doc","label":"VendorPaymentApplyList_doc","parentObject":"FF_InvoicePayments_FromNetSuite_temp.csv","pcType":"UNISTRING","precision":256,"scale":0,"columnIndex":12,"isKey":false,"isExternalId":false,"isSfIdLookup":false,"isNullable":true,"isUnique":false,"isCreateable":false,"isUpdateable":true,"isFilterable":true,"isCalculated":false,"showLabel":false,"naturalOrder":0,"linkedFields":["NS_VendorBill_externalId_CoupaId","NS_VendorCredit_externalId_CoupaId","VendorBill_Status_Paid"],"relatedInfos":[],"references":[]},{"@type":"field","id":19213327,"name":"VendorPaymentApplyList_type","type":"nstring","uniqueName":"VendorPaymentApplyList_type","label":"VendorPaymentApplyList_type","parentObject":"FF_InvoicePayments_FromNetSuite_temp.csv","pcType":"UNISTRING","precision":255,"scale":0,"columnIndex":13,"isKey":false,"isExternalId":false,"isSfIdLookup":false,"isNullable":true,"isUnique":false,"isCreateable":false,"isUpdateable":true,"isFilterable":true,"isCalculated":false,"showLabel":false,"naturalOrder":0,"linkedFields":[],"relatedInfos":[],"references":[]},{"@type":"field","id":19213328,"name":"Subsidiary_Id","type":"nstring","uniqueName":"Subsidiary_Id","label":"Subsidiary_Id","parentObject":"FF_InvoicePayments_FromNetSuite_temp.csv","pcType":"UNISTRING","precision":255,"scale":0,"columnIndex":14,"isKey":false,"isExternalId":false,"isSfIdLookup":false,"isNullable":true,"isUnique":false,"isCreateable":false,"isUpdateable":true,"isFilterable":true,"isCalculated":false,"showLabel":false,"naturalOrder":0,"linkedFields":[],"relatedInfos":[],"references":[]}],"sortFields":[],"groupFields":[]}]