[{"@type":"workflow","id":"@1","name":"TF_DLS_Location_Contractors_Updates","errorTaskEmail":{"@type":"taskEmail","id":5887,"emails":"sri.battu@appdynamics.com, keo.zaiger@appdynamics.com, smitha.reddy@appdynamics.com","emailType":"ERROR"},"successTaskEmail":{"@type":"taskEmail","id":5888,"emails":"sri.battu@appdynamics.com","emailType":"SUCCESS"},"warningTaskEmail":{"@type":"taskEmail","id":5889,"emails":"sri.battu@appdynamics.com, keo.zaiger@appdynamics.com, smitha.reddy@appdynamics.com","emailType":"WARNING"},"maxLogs":10,"references":[{"@type":"reference","refObjectId":"@iVswAZL3EmKkOyqPRh28mo","refType":"mtTask"},{"@type":"reference","refObjectId":"@8TsVcCt3boDg4njNUAKbyD","refType":"mtTask"}],"tasks":[{"@type":"workflowTask","taskId":"@iVswAZL3EmKkOyqPRh28mo","type":"MTT","name":"mct_DLS_Loc_Cntr_Deletions","stopOnError":true,"stopOnWarning":true},{"@type":"workflowTask","taskId":"@8TsVcCt3boDg4njNUAKbyD","type":"MTT","name":"mct_DLS_Loc_Cntr_Additions","stopOnError":true,"stopOnWarning":true}]}]