[{"@type":"workflow","id":"@1","name":"TF_Invoice_Payment_Netsuite_To_Coupa","maxLogs":10,"scheduleId":"@2","references":[{"@type":"reference","refObjectId":"@eADVlZgs7a7h3mG7FRKjSR","refType":"mtTask"},{"@type":"reference","refObjectId":"@3D5wNKkt9XBgWLBeCyhweD","refType":"dssTask"},{"@type":"reference","refObjectId":"@6gtoFQm3jBGcQXbBiSVtIk","refType":"dssTask"},{"@type":"reference","refObjectId":"@5m4BpgPeWMsfSwzUPExGAj","refType":"dssTask"},{"@type":"reference","refObjectId":"@79dwZmh2WyQkLoN8fjczq6","refType":"dssTask"},{"@type":"reference","refObjectId":"@9aE1I4rT5DMeMA2TOCGZoo","refType":"dssTask"},{"@type":"reference","refObjectId":"@1QBdfKCCiL8dLByGA61Loe","refType":"dssTask"},{"@type":"reference","refObjectId":"@a5X5JDsxcoTgPnVieMmOAq","refType":"mtTask"}],"tasks":[{"@type":"workflowTask","taskId":"@eADVlZgs7a7h3mG7FRKjSR","type":"MTT","name":"mct_Invoice_Payments_01a_PUT_NS_To_File","stopOnError":true,"stopOnWarning":false},{"@type":"workflowTask","taskId":"@3D5wNKkt9XBgWLBeCyhweD","type":"DSS","name":"DSS_Invoice_Payments_01b_PUT_NSFile_To_File","stopOnError":true,"stopOnWarning":false},{"@type":"workflowTask","taskId":"@6gtoFQm3jBGcQXbBiSVtIk","type":"DSS","name":"DSS_Invoice_Payments_01c_PUT_NSFile_To_File_CheckCoupa","stopOnError":true,"stopOnWarning":false},{"@type":"workflowTask","taskId":"@5m4BpgPeWMsfSwzUPExGAj","type":"DSS","name":"DSS_Invoice_Payments_02_PUT_File_To_XMLCreate","stopOnError":true,"stopOnWarning":false},{"@type":"workflowTask","taskId":"@79dwZmh2WyQkLoN8fjczq6","type":"DSS","name":"DSS_Invoice_Payments_03_PUT_File_To_XMLUpdate","stopOnError":true,"stopOnWarning":false},{"@type":"workflowTask","taskId":"@9aE1I4rT5DMeMA2TOCGZoo","type":"DSS","name":"DSS_Invoice_Payments_04_PUT_File_To_XMLClean","stopOnError":true,"stopOnWarning":false},{"@type":"workflowTask","taskId":"@1QBdfKCCiL8dLByGA61Loe","type":"DSS","name":"DSS_Invoice_Payments_05_PUT_XMLFile_To_Coupa","stopOnError":true,"stopOnWarning":false},{"@type":"workflowTask","taskId":"@a5X5JDsxcoTgPnVieMmOAq","type":"MTT","name":"mct_Invoice_Payments_06_UpdateParamFile","stopOnError":true,"stopOnWarning":false}]}]