[{"@type":"workflow","id":"@1","name":"TF_Salesforce_To_RevProFile_LoadEvents_TimeCards","maxLogs":10,"references":[{"@type":"reference","refObjectId":"@bE7XBY7VXSegFQ8m7H5HKL","refType":"mtTask"},{"@type":"reference","refObjectId":"@hpkTYdfMJQeegjsOttDPg0","refType":"mtTask"}],"tasks":[{"@type":"workflowTask","taskId":"@bE7XBY7VXSegFQ8m7H5HKL","type":"MTT","name":"mct_Salesforce_To_RevProFile_LoadEvents_TimeCards","stopOnError":true,"stopOnWarning":true},{"@type":"workflowTask","taskId":"@hpkTYdfMJQeegjsOttDPg0","type":"MTT","name":"mct_Salesforce_To_RevProFile_LoadEvents_UpdateBillingEventFlag","stopOnError":true,"stopOnWarning":true}]}]