[{"@type":"workflow","id":"@1","name":"TF_SFDC_Account_Industry_NAICS_Desc_Update","maxLogs":10,"scheduleId":"@2","references":[{"@type":"reference","refObjectId":"@9iVtxfeuCI5ge7AHXfFQuf","refType":"mtTask"},{"@type":"reference","refObjectId":"@0Qxv1wGwN0XbQHd2i5V9OV","refType":"mtTask"},{"@type":"reference","refObjectId":"@0tLEV9dTpxviQIXHFs5ysx","refType":"mtTask"}],"tasks":[{"@type":"workflowTask","taskId":"@9iVtxfeuCI5ge7AHXfFQuf","type":"MTT","name":"mct_SFDC_Account_Industry_NAICS_Desc_File_Update","stopOnError":false,"stopOnWarning":false},{"@type":"workflowTask","taskId":"@0Qxv1wGwN0XbQHd2i5V9OV","type":"MTT","name":"mct_SFDC_Account_Industry_NAICS_Desc_Field_Update","stopOnError":false,"stopOnWarning":false},{"@type":"workflowTask","taskId":"@0tLEV9dTpxviQIXHFs5ysx","type":"MTT","name":"mct_SFDC_Account_NAICS_Nulls_Desc_Update","stopOnError":false,"stopOnWarning":false}]}]