[{"@type":"workflow","id":"@1","name":"TF_NS_Okta_Reactivate_Rescinds","errorTaskEmail":{"@type":"taskEmail","id":347040,"emails":"sri.battu@appdynamics.com","emailType":"ERROR"},"successTaskEmail":{"@type":"taskEmail","id":347041,"emails":"sri.battu@appdynamics.com","emailType":"SUCCESS"},"warningTaskEmail":{"@type":"taskEmail","id":347042,"emails":"sri.battu@appdynamics.com","emailType":"WARNING"},"maxLogs":10,"references":[{"@type":"reference","refObjectId":"@9GSs6LL5dG9inq3T9dMX0I","refType":"mtTask"}],"tasks":[{"@type":"workflowTask","taskId":"@9GSs6LL5dG9inq3T9dMX0I","type":"MTT","name":"mct_NS_FF_Emp_Okta_Rescind_Reactivations","stopOnError":false,"stopOnWarning":false}]}]