[{"@type":"mtTask","id":"@1","name":"mct_Netsuite_Active_Employee_FF_Extract","description":"","errorTaskEmail":{"@type":"taskEmail","id":5749,"emails":"sri.battu@appdynamics.com","emailType":"ERROR"},"successTaskEmail":{"@type":"taskEmail","id":5750,"emails":"sri.battu@appdynamics.com","emailType":"SUCCESS"},"warningTaskEmail":{"@type":"taskEmail","id":5751,"emails":"sri.battu@appdynamics.com","emailType":"WARNING"},"runtimeEnvironmentId":"@3qLOIwmEi8HlSgV9ggzWkn","maxLogs":10,"verbose":false,"lastRunTime":1539493641000,"mappingId":"@eYdpT1123urfY4jJkX4hSL","shortDescription":"","sessionProperties":{},"enableCrossSchemaPushdown":false,"parameters":[{"@type":"mtTaskParameter","id":199352,"name":"$src_NS_Employee$","type":"SOURCE","label":"src_NS_Employee","uiProperties":{"connectionParameterized":"false","objectParameterized":"false","visible":"false"},"sourceConnectionId":"@brwXcX8SFwdiPZrkZpvZQG","sourceObject":"DUMMY_src_NS_Employee","newFlatFile":false,"newObject":false,"showBusinessNames":false,"naturalOrder":true,"truncateTarget":false,"bulkApiDBTarget":false,"customFuncCfg":{"@type":"customFuncConfig","id":-1,"connections":[],"inputMap":[],"outputFields":[]},"tgtFieldRefs":{},"targetUpdateColumns":[],"runtimeAttrs":{},"isRESTModernSource":true,"customQuery":"SELECT  res.employee_id, res.email, res.supervisor_id, \n                       res.cisco_worker_type, res.cisco_employee_id, \n                       res.firstname, res.lastname, res.mgr_name, \n                       CASE\n                       WHEN res.mgr_identity IS NOT NULL THEN 'Yes' \n                       ELSE 'No' END manager_flag,\n                       res.mgr_job_grade,\n                       res.last_modified_date,\n                       res.cisco_job_grade\n                       FROM \n                      (SELECT DISTINCT e.employee_id, e.email, e.supervisor_id, \n                         e.cisco_worker_type, e.cisco_employee_id, e.firstname, e.lastname, \n                         (SELECT  concat(concat(firstname,' '),lastname) FROM employees \n                         WHERE employee_id=e.supervisor_id) 'mgr_name', \n                        (SELECT DISTINCT(supervisor_id) from employees \n                         WHERE supervisor_id = e.employee_id and cisco_user_status='A-Active') 'mgr_identity',\n                         (select cisco_job_grade FROM employees \n                         WHERE employee_id=e.supervisor_id) 'mgr_job_grade' ,\n                         e.last_modified_date,\n                         e.cisco_job_grade\n                         FROM employees e WHERE e.cisco_user_status = 'A-Active' \n                         and e.cisco_worker_type='Employee'\n                  ) res order by last_modified_date desc;","isFileList":false,"handleSpecialChars":false,"frsAsset":false,"fetchMode":"ORIGINAL","tgtObjectAttributes":{},"runtimeParameterData":{"@type":"mtTaskRuntimeParameterData","isConnectionRuntimeParameter":false,"isObjectRuntimeParameter":false},"overriddenFields":[]},{"@type":"mtTaskParameter","id":199353,"name":"$tgt_CSV_File$","type":"TARGET","label":"tgt_CSV_File","uiProperties":{"connectionParameterized":"false","objectParameterized":"false","visible":"false","defaultTargetUpdateColumns":""},"targetConnectionId":"@9RseCyX0NqsgPU58Naun8Y","targetObject":"FF_NS_Extract_DLs_Current.csv","targetObjectLabel":"FF_NS_Extract_DLs_Current.csv","newFlatFile":false,"newObject":false,"showBusinessNames":false,"naturalOrder":true,"truncateTarget":false,"bulkApiDBTarget":false,"operationType":"Insert","tgtFFAttrs":{"@type":"flatFileAttrs","id":44822,"delimiter":",","textQualifier":"\"","escapeChar":"","headerLineNo":1},"customFuncCfg":{"@type":"customFuncConfig","id":-1,"connections":[],"inputMap":[],"outputFields":[]},"tgtFieldRefs":{},"targetUpdateColumns":[],"extendedObject":{"@type":"extendedObject","filters":[],"sortFields":[]},"runtimeAttrs":{},"isRESTModernSource":true,"isFileList":false,"handleSpecialChars":false,"frsAsset":false,"fetchMode":"ORIGINAL","tgtObjectAttributes":{},"runtimeParameterData":{"@type":"mtTaskRuntimeParameterData","isConnectionRuntimeParameter":false,"isObjectRuntimeParameter":false},"overriddenFields":[]}],"sequences":[],"inOutParameters":[],"connRuntimeAttrs":[]}]