[{"@type":"mtTask","id":"@1","name":"mct_Netsuite_To_OrgChartNow_EmployeeMatrixManagement","description":"","runtimeEnvironmentId":"@3qLOIwmEi8HlSgV9ggzWkn","postProcessingCmd":"sed -i \"1 s/.*/\\\"AppD Employee Id\\\",\\\"AppD Email\\\",\\\"First Name\\\",\\\"Last Name\\\",\\\"Middle Name\\\",\\\"Full Name\\\",\\\"Cisco Employee Id\\\",\\\"Cisco Email\\\",\\\"Manager Employee Id\\\",\\\"Title\\\",\\\"Department\\\",\\\"Office Location\\\",\\\"AuxSuperID\\\",\\\"Employee Type\\\",\\\"InActive\\\"/\" \"/opt/infaagent/apps/Data_Integration_Server/data/stage/FF_Netsuite_Employees_For_OrgChartNow.csv\" && cp /opt/infaagent/apps/Data_Integration_Server/data/stage/FF_Netsuite_Employees_For_OrgChartNow.csv /opt/infaagent/apps/Data_Integration_Server/data/stage/Archive/OrgChartNow/\"FF_Netsuite_Employees_For_OrgChartNow_$(date +%Y%m%d%H%M%S).csv\" && cp /opt/infaagent/apps/Data_Integration_Server/data/stage/FF_Netsuite_Employees_For_OrgChartNow.csv /opt/infaagent/apps/Data_Integration_Server/data/stage/OrgChartNow/FF_Netsuite_Employees_For_OrgChartNow.csv","maxLogs":10,"verbose":false,"lastRunTime":1580796318000,"mappingId":"@2LtBNbowTMlbuIOu22nKYN","shortDescription":"","sessionProperties":{},"enableCrossSchemaPushdown":true,"parameters":[{"@type":"mtTaskParameter","id":49204169,"name":"$Src_Netsuite_Employee$","type":"EXTENDED_SOURCE","label":"Src_Netsuite_Employee","uiProperties":{"connectionParameterized":"false","isMsrcFilterParameterized":"false","isMsrcSortParameterized":"false","objectParameterized":"false","visible":"false"},"sourceConnectionId":"@2HkgXY792eLcO5miPnn8me","newFlatFile":false,"newObject":false,"showBusinessNames":false,"naturalOrder":true,"truncateTarget":false,"bulkApiDBTarget":false,"customFuncCfg":{"@type":"customFuncConfig","id":-1,"connections":[],"inputMap":[],"outputFields":[]},"tgtFieldRefs":{},"targetUpdateColumns":[],"extendedObject":{"@type":"extendedObject","object":{"@type":"mObject","name":"Employee","label":"Employee","metadataUpdated":false,"relations":[],"children":[]},"filters":[],"sortFields":[]},"runtimeAttrs":{},"isRESTModernSource":true,"isFileList":false,"handleSpecialChars":false,"frsAsset":false,"tgtObjectAttributes":{},"runtimeParameterData":{"@type":"mtTaskRuntimeParameterData","isConnectionRuntimeParameter":false,"isObjectRuntimeParameter":false},"overriddenFields":[]},{"@type":"mtTaskParameter","id":49204170,"name":"$Tgt_FF_Netsuite_Employees_For_OrgChartNow$","type":"TARGET","label":"Tgt_FF_Netsuite_Employees_For_OrgChartNow","uiProperties":{"connectionParameterized":"false","objectParameterized":"false","visible":"false","defaultTargetUpdateColumns":""},"targetConnectionId":"@8Qp1Vvtik7ejRmnNM3lSiT","targetObject":"FF_Netsuite_Employees_For_OrgChartNow.csv","targetObjectLabel":"FF_Netsuite_Employees_For_OrgChartNow.csv","newFlatFile":false,"newObject":false,"showBusinessNames":false,"naturalOrder":true,"truncateTarget":false,"bulkApiDBTarget":false,"operationType":"Insert","tgtFFAttrs":{"@type":"flatFileAttrs","id":742806,"delimiter":",","textQualifier":"\"","escapeChar":"","headerLineNo":1},"customFuncCfg":{"@type":"customFuncConfig","id":-1,"connections":[],"inputMap":[],"outputFields":[]},"tgtFieldRefs":{},"targetUpdateColumns":[],"extendedObject":{"@type":"extendedObject","filters":[],"sortFields":[]},"runtimeAttrs":{},"isRESTModernSource":true,"isFileList":false,"handleSpecialChars":false,"frsAsset":false,"tgtObjectAttributes":{},"runtimeParameterData":{"@type":"mtTaskRuntimeParameterData","isConnectionRuntimeParameter":false,"isObjectRuntimeParameter":false},"overriddenFields":[]},{"@type":"mtTaskParameter","id":49204171,"name":"$Lkp_SFDC_User$","type":"LOOKUP","label":"Lkp_SFDC_User","uiProperties":{"connectionParameterized":"false","isCachedLookup":"true","objectParameterized":"false","visible":"false"},"lookupConnectionId":"@2CjV79tAT4nicr3VedQp4y","lookupObject":"User","lookupObjectLabel":"User","newFlatFile":false,"newObject":false,"showBusinessNames":false,"naturalOrder":true,"truncateTarget":false,"bulkApiDBTarget":false,"customFuncCfg":{"@type":"customFuncConfig","id":-1,"connections":[],"inputMap":[],"outputFields":[]},"tgtFieldRefs":{},"targetUpdateColumns":[],"runtimeAttrs":{},"isRESTModernSource":true,"isFileList":false,"handleSpecialChars":false,"frsAsset":false,"tgtObjectAttributes":{},"runtimeParameterData":{"@type":"mtTaskRuntimeParameterData","isConnectionRuntimeParameter":false,"isObjectRuntimeParameter":false},"overriddenFields":[]}],"sequences":[],"inOutParameters":[],"connRuntimeAttrs":[]}]