[{"@type":"workflow","id":"@1","name":"TF_SFDC_To_SFDC_UpdateAccounts_Archive","maxLogs":10,"references":[{"@type":"reference","refObjectId":"@f5JI3Axpz41d8Honj45my1","refType":"mtTask"},{"@type":"reference","refObjectId":"@7O4MJxLuOEZfZPy8YEMBWu","refType":"mtTask"},{"@type":"reference","refObjectId":"@7SGemTedMsWgMr97NeP1Sm","refType":"mtTask"},{"@type":"reference","refObjectId":"@7kn8OwfEDckbqMu0jyOuc7","refType":"mtTask"},{"@type":"reference","refObjectId":"@7UkPTBDcOu9io0bF0XE20q","refType":"mtTask"},{"@type":"reference","refObjectId":"@6YpRs4Zr9ZLjGIJzS7BOaA","refType":"mtTask"}],"tasks":[{"@type":"workflowTask","taskId":"@f5JI3Axpz41d8Honj45my1","type":"MTT","name":"mct_SFDC_To_SFDC_Account_ArchiveChildAccount","stopOnError":true,"stopOnWarning":false},{"@type":"workflowTask","taskId":"@7O4MJxLuOEZfZPy8YEMBWu","type":"MTT","name":"mct_SFDC_To_SFDC_Account_ArchiveParentAccount_Hierarchy1","stopOnError":true,"stopOnWarning":false},{"@type":"workflowTask","taskId":"@7SGemTedMsWgMr97NeP1Sm","type":"MTT","name":"mct_SFDC_To_SFDC_Account_ArchiveParentAccount_Hierarchy2","stopOnError":true,"stopOnWarning":false},{"@type":"workflowTask","taskId":"@7kn8OwfEDckbqMu0jyOuc7","type":"MTT","name":"mct_SFDC_To_SFDC_Account_ArchiveParentAccount_Hierarchy3","stopOnError":true,"stopOnWarning":false},{"@type":"workflowTask","taskId":"@7UkPTBDcOu9io0bF0XE20q","type":"MTT","name":"mct_SFDC_To_SFDC_Account_ArchiveParentAccount_Hierarchy4","stopOnError":true,"stopOnWarning":false},{"@type":"workflowTask","taskId":"@6YpRs4Zr9ZLjGIJzS7BOaA","type":"MTT","name":"mct_SFDC_To_SFDC_Account_ArchiveParentAccount_Hierarchy5","stopOnError":true,"stopOnWarning":false}]}]