[{"@type":"dssTask","id":"@1","name":"DSS_Invoice_Ok2Pay_03a_CoupaFile_To_File","description":"","preProcessingCmd":"sh /opt/infaagent/apps/Data_Integration_Server/data/stage/Scripts/fileContentCheck.sh","postProcessingCmd":"cp \"$PMRootDir/stage/Coupa/Files/FF_InvoiceOk2Pay_FromCoupa.csv\" \"$PMRootDir/stage/Coupa/Files/FF_InvoiceOk2Pay_FromCoupa_temp.csv\" & cp \"$PMRootDir/stage/Coupa/Files/FF_InvoiceOk2Pay_FromCoupa.csv\" \"$PMRootDir/stage/Coupa/Files/FF_InvoiceOk2Pay_FromCoupa_shipping.csv\" & cp \"$PMRootDir/stage/Coupa/Files/FF_InvoiceOk2Pay_FromCoupa.csv\" \"$PMRootDir/stage/Coupa/Files/FF_InvoiceOk2Pay_FromCoupa_handling.csv\" & cp \"$PMRootDir/stage/Coupa/Files/FF_InvoiceOk2Pay_FromCoupa.csv\" \"$PMRootDir/stage/Coupa/Files/FF_InvoiceOk2Pay_FromCoupa_misc.csv\" & cp \"$PMRootDir/stage/Coupa/Files/FF_InvoiceOk2Pay_FromCoupa.csv\" \"$PMRootDir/stage/Coupa/Files/FF_InvoiceOk2Pay_FromCoupa_tax.csv\" & cp \"$PMRootDir/stage/Coupa/Files/FF_InvoiceOk2Pay_FromCoupa.csv\" \"$PMRootDir/stage/Coupa/Files/FF_InvoiceOk2Pay_FromCoupa_tax_supplier_GL.csv\"","maxLogs":10,"sourceConnectionId":"@6ey2Cmo3PaHcsThnJ0TYui","targetConnectionId":"@6ey2Cmo3PaHcsThnJ0TYui","targetObject":"FF_InvoiceOk2Pay_FromCoupa.csv","targetObjectLabel":"FF_InvoiceOk2Pay_FromCoupa.csv","targetChildObjectLabel":"","operation":"Insert","maxRows":0,"truncateTarget":false,"bulkApiDBTarget":false,"verbose":false,"srcFlatFileAttrs":{"@type":"flatFileAttrs","id":44313,"delimiter":",","textQualifier":"\"","escapeChar":"","headerLineNo":1,"firstDataRow":2},"tgtFlatFileAttrs":{"@type":"flatFileAttrs","id":44314,"delimiter":",","textQualifier":"\"","escapeChar":"","headerLineNo":1,"firstDataRow":2},"targetMetadataUpdated":false,"modelVersion":"V3-R600","queryAll":false,"srcSettings":{"@type":"taskDataSourceSetting","isShowLabels":false,"isNaturalOrder":true},"tgtSettings":{"@type":"taskDataSourceSetting","isShowLabels":false,"isNaturalOrder":true},"cfSettings":{"@type":"taskDataSourceSetting","isShowLabels":false,"isNaturalOrder":true},"bulkApi":false,"bulkApiSerialMode":false,"bulkApiMonitor":false,"isTargetObjectSfCustom":false,"allowNullUpdates":false,"targetBatchSize":200,"assignmentRuleId":"-1","assignmentRuleType":"None","createSuccessFile":false,"bulkApiHardDelete":false,"srcRuntimeAttrs":{"@type":"taskRuntimeAttrs","attrs":{}},"tgtRuntimeAttrs":{"@type":"taskRuntimeAttrs","attrs":{}},"sourceObjects":[{"@type":"mObject","name":"FF_InvoiceOk2Pay_FromCoupa_LineItems.csv","label":"FF_InvoiceOk2Pay_FromCoupa_LineItems.csv","metadataUpdated":false,"relations":[],"children":[]}],"advancedFilters":[],"filters":[],"fieldMaps":[{"@type":"fieldMap","id":"955189","targetField":{"@type":"field","id":2351092,"name":"XPK_INFA_Coupa","type":"nstring","uniqueName":"XPK_INFA_Coupa","label":"XPK_INFA_Coupa","parentObject":"FF_InvoiceOk2Pay_FromCoupa.csv","pcType":"UNISTRING","precision":255,"scale":0,"columnIndex":0,"isKey":false,"isExternalId":false,"isSfIdLookup":false,"isNullable":true,"isUnique":false,"isCreateable":false,"isUpdateable":true,"isFilterable":true,"isCalculated":false,"showLabel":false,"naturalOrder":0,"linkedFields":["XPK_Invoice_Line"],"relatedInfos":[],"references":[]},"expression":"XPK_Invoice_Line"},{"@type":"fieldMap","id":"955190","targetField":{"@type":"field","id":2351093,"name":"VendorBill_or_VendorCredit","type":"nstring","uniqueName":"VendorBill_or_VendorCredit","label":"VendorBill_or_VendorCredit","parentObject":"FF_InvoiceOk2Pay_FromCoupa.csv","pcType":"UNISTRING","precision":255,"scale":0,"columnIndex":1,"isKey":false,"isExternalId":false,"isSfIdLookup":false,"isNullable":true,"isUnique":false,"isCreateable":false,"isUpdateable":true,"isFilterable":true,"isCalculated":false,"showLabel":false,"naturalOrder":0,"linkedFields":["XFK_Invoice_Header"],"relatedInfos":[],"references":[]},"lookup":{"@type":"lookup","id":"4870","connectionId":"@6ey2Cmo3PaHcsThnJ0TYui","object":"FF_InvoiceOk2Pay_FromCoupa_Header.csv","objectLabel":"FF_InvoiceOk2Pay_FromCoupa_Header.csv","outputField":{"@type":"field","id":2351094,"name":"VendorBill_or_VendorCredit","type":"nstring","uniqueName":"VendorBill_or_VendorCredit","label":"VendorBill_or_VendorCredit","parentObject":"FF_InvoiceOk2Pay_FromCoupa_Header.csv","pcType":"UNISTRING","precision":255,"scale":0,"columnIndex":1,"isKey":false,"isExternalId":false,"isSfIdLookup":false,"isNullable":true,"isUnique":false,"isCreateable":false,"isUpdateable":true,"isFilterable":true,"isCalculated":false,"showLabel":true,"naturalOrder":0,"linkedFields":[],"relatedInfos":[],"references":[]},"multiplicityError":true,"settings":{"@type":"taskDataSourceSetting","isShowLabels":false,"isNaturalOrder":true},"objectRelations":[{"@type":"objectRelationExt","object1":"FF_InvoiceOk2Pay_FromCoupa_LineItems.csv","object2":"FF_InvoiceOk2Pay_FromCoupa_Header.csv","field1":{"@type":"field","id":2351095,"name":"XFK_Invoice_Header","type":"nstring","uniqueName":"XFK_Invoice_Header","label":"XFK_Invoice_Header","parentObject":"FF_InvoiceOk2Pay_FromCoupa_LineItems.csv","pcType":"UNISTRING","precision":255,"scale":0,"columnIndex":0,"isKey":false,"isExternalId":false,"isSfIdLookup":false,"isNullable":true,"isUnique":false,"isCreateable":false,"isUpdateable":true,"isFilterable":true,"isCalculated":false,"showLabel":true,"naturalOrder":0,"linkedFields":[],"relatedInfos":[],"references":[]},"field2":{"@type":"field","id":2351096,"name":"XPK_Invoice_Header","type":"string","uniqueName":"XPK_Invoice_Header","label":"XPK_Invoice_Header","parentObject":"FF_InvoiceOk2Pay_FromCoupa_Header.csv","pcType":"STRING","precision":255,"scale":0,"columnIndex":0,"isKey":false,"isExternalId":false,"isSfIdLookup":false,"isNullable":true,"isUnique":false,"isCreateable":false,"isUpdateable":true,"isFilterable":true,"isCalculated":false,"showLabel":true,"naturalOrder":0,"linkedFields":[],"relatedInfos":[],"references":[]}}]}},{"@type":"fieldMap","id":"955191","targetField":{"@type":"field","id":2351097,"name":"Header_externalId","type":"nstring","uniqueName":"Header_externalId","label":"Header_externalId","parentObject":"FF_InvoiceOk2Pay_FromCoupa.csv","pcType":"UNISTRING","precision":255,"scale":0,"columnIndex":2,"isKey":false,"isExternalId":false,"isSfIdLookup":false,"isNullable":true,"isUnique":false,"isCreateable":false,"isUpdateable":true,"isFilterable":true,"isCalculated":false,"showLabel":false,"naturalOrder":0,"linkedFields":["XFK_Invoice_Header"],"relatedInfos":[],"references":[]},"lookup":{"@type":"lookup","id":"4871","connectionId":"@6ey2Cmo3PaHcsThnJ0TYui","object":"FF_InvoiceOk2Pay_FromCoupa_Header.csv","objectLabel":"FF_InvoiceOk2Pay_FromCoupa_Header.csv","outputField":{"@type":"field","id":2351098,"name":"Header_id","type":"nstring","uniqueName":"Header_id","label":"Header_id","parentObject":"FF_InvoiceOk2Pay_FromCoupa_Header.csv","pcType":"UNISTRING","precision":255,"scale":0,"columnIndex":2,"isKey":false,"isExternalId":false,"isSfIdLookup":false,"isNullable":true,"isUnique":false,"isCreateable":false,"isUpdateable":true,"isFilterable":true,"isCalculated":false,"showLabel":true,"naturalOrder":0,"linkedFields":[],"relatedInfos":[],"references":[]},"multiplicityError":true,"settings":{"@type":"taskDataSourceSetting","isShowLabels":false,"isNaturalOrder":true},"objectRelations":[{"@type":"objectRelationExt","object1":"FF_InvoiceOk2Pay_FromCoupa_LineItems.csv","object2":"FF_InvoiceOk2Pay_FromCoupa_Header.csv","field1":{"@type":"field","id":2351099,"name":"XFK_Invoice_Header","type":"nstring","uniqueName":"XFK_Invoice_Header","label":"XFK_Invoice_Header","parentObject":"FF_InvoiceOk2Pay_FromCoupa_LineItems.csv","pcType":"UNISTRING","precision":255,"scale":0,"columnIndex":0,"isKey":false,"isExternalId":false,"isSfIdLookup":false,"isNullable":true,"isUnique":false,"isCreateable":false,"isUpdateable":true,"isFilterable":true,"isCalculated":false,"showLabel":true,"naturalOrder":0,"linkedFields":[],"relatedInfos":[],"references":[]},"field2":{"@type":"field","id":2351100,"name":"XPK_Invoice_Header","type":"string","uniqueName":"XPK_Invoice_Header","label":"XPK_Invoice_Header","parentObject":"FF_InvoiceOk2Pay_FromCoupa_Header.csv","pcType":"STRING","precision":255,"scale":0,"columnIndex":0,"isKey":false,"isExternalId":false,"isSfIdLookup":false,"isNullable":true,"isUnique":false,"isCreateable":false,"isUpdateable":true,"isFilterable":true,"isCalculated":false,"showLabel":true,"naturalOrder":0,"linkedFields":[],"relatedInfos":[],"references":[]}}]}},{"@type":"fieldMap","id":"955192","targetField":{"@type":"field","id":2351101,"name":"Header_memo","type":"nstring","uniqueName":"Header_memo","label":"Header_memo","parentObject":"FF_InvoiceOk2Pay_FromCoupa.csv","pcType":"UNISTRING","precision":255,"scale":0,"columnIndex":3,"isKey":false,"isExternalId":false,"isSfIdLookup":false,"isNullable":true,"isUnique":false,"isCreateable":false,"isUpdateable":true,"isFilterable":true,"isCalculated":false,"showLabel":false,"naturalOrder":0,"linkedFields":["LineItem_LineNumber","LineItem_description"],"relatedInfos":[],"references":[]},"expression":"IIF(LineItem_LineNumber = '1', LineItem_description, '')"},{"@type":"fieldMap","id":"955193","targetField":{"@type":"field","id":2351102,"name":"Header_trandate","type":"nstring","uniqueName":"Header_trandate","label":"Header_trandate","parentObject":"FF_InvoiceOk2Pay_FromCoupa.csv","pcType":"UNISTRING","precision":255,"scale":0,"columnIndex":4,"isKey":false,"isExternalId":false,"isSfIdLookup":false,"isNullable":true,"isUnique":false,"isCreateable":false,"isUpdateable":true,"isFilterable":true,"isCalculated":false,"showLabel":false,"naturalOrder":0,"linkedFields":["XFK_Invoice_Header"],"relatedInfos":[],"references":[]},"lookup":{"@type":"lookup","id":"4872","connectionId":"@6ey2Cmo3PaHcsThnJ0TYui","object":"FF_InvoiceOk2Pay_FromCoupa_Header.csv","objectLabel":"FF_InvoiceOk2Pay_FromCoupa_Header.csv","outputField":{"@type":"field","id":2351103,"name":"Header_invoice_date","type":"nstring","uniqueName":"Header_invoice_date","label":"Header_invoice_date","parentObject":"FF_InvoiceOk2Pay_FromCoupa_Header.csv","pcType":"UNISTRING","precision":255,"scale":0,"columnIndex":4,"isKey":false,"isExternalId":false,"isSfIdLookup":false,"isNullable":true,"isUnique":false,"isCreateable":false,"isUpdateable":true,"isFilterable":true,"isCalculated":false,"showLabel":true,"naturalOrder":0,"linkedFields":[],"relatedInfos":[],"references":[]},"multiplicityError":true,"settings":{"@type":"taskDataSourceSetting","isShowLabels":false,"isNaturalOrder":true},"objectRelations":[{"@type":"objectRelationExt","object1":"FF_InvoiceOk2Pay_FromCoupa_LineItems.csv","object2":"FF_InvoiceOk2Pay_FromCoupa_Header.csv","field1":{"@type":"field","id":2351104,"name":"XFK_Invoice_Header","type":"nstring","uniqueName":"XFK_Invoice_Header","label":"XFK_Invoice_Header","parentObject":"FF_InvoiceOk2Pay_FromCoupa_LineItems.csv","pcType":"UNISTRING","precision":255,"scale":0,"columnIndex":0,"isKey":false,"isExternalId":false,"isSfIdLookup":false,"isNullable":true,"isUnique":false,"isCreateable":false,"isUpdateable":true,"isFilterable":true,"isCalculated":false,"showLabel":true,"naturalOrder":0,"linkedFields":[],"relatedInfos":[],"references":[]},"field2":{"@type":"field","id":2351105,"name":"XPK_Invoice_Header","type":"string","uniqueName":"XPK_Invoice_Header","label":"XPK_Invoice_Header","parentObject":"FF_InvoiceOk2Pay_FromCoupa_Header.csv","pcType":"STRING","precision":255,"scale":0,"columnIndex":0,"isKey":false,"isExternalId":false,"isSfIdLookup":false,"isNullable":true,"isUnique":false,"isCreateable":false,"isUpdateable":true,"isFilterable":true,"isCalculated":false,"showLabel":true,"naturalOrder":0,"linkedFields":[],"relatedInfos":[],"references":[]}}]}},{"@type":"fieldMap","id":"955194","targetField":{"@type":"field","id":2351106,"name":"Header_tranid","type":"nstring","uniqueName":"Header_tranid","label":"Header_tranid","parentObject":"FF_InvoiceOk2Pay_FromCoupa.csv","pcType":"UNISTRING","precision":255,"scale":0,"columnIndex":5,"isKey":false,"isExternalId":false,"isSfIdLookup":false,"isNullable":true,"isUnique":false,"isCreateable":false,"isUpdateable":true,"isFilterable":true,"isCalculated":false,"showLabel":false,"naturalOrder":0,"linkedFields":["XFK_Invoice_Header"],"relatedInfos":[],"references":[]},"lookup":{"@type":"lookup","id":"4873","connectionId":"@6ey2Cmo3PaHcsThnJ0TYui","object":"FF_InvoiceOk2Pay_FromCoupa_Header.csv","objectLabel":"FF_InvoiceOk2Pay_FromCoupa_Header.csv","outputField":{"@type":"field","id":2351107,"name":"Header_invoice_number","type":"nstring","uniqueName":"Header_invoice_number","label":"Header_invoice_number","parentObject":"FF_InvoiceOk2Pay_FromCoupa_Header.csv","pcType":"UNISTRING","precision":255,"scale":0,"columnIndex":5,"isKey":false,"isExternalId":false,"isSfIdLookup":false,"isNullable":true,"isUnique":false,"isCreateable":false,"isUpdateable":true,"isFilterable":true,"isCalculated":false,"showLabel":true,"naturalOrder":0,"linkedFields":[],"relatedInfos":[],"references":[]},"multiplicityError":false,"settings":{"@type":"taskDataSourceSetting","isShowLabels":false,"isNaturalOrder":true},"objectRelations":[{"@type":"objectRelationExt","object1":"FF_InvoiceOk2Pay_FromCoupa_LineItems.csv","object2":"FF_InvoiceOk2Pay_FromCoupa_Header.csv","field1":{"@type":"field","id":2351108,"name":"XFK_Invoice_Header","type":"nstring","uniqueName":"XFK_Invoice_Header","label":"XFK_Invoice_Header","parentObject":"FF_InvoiceOk2Pay_FromCoupa_LineItems.csv","pcType":"UNISTRING","precision":255,"scale":0,"columnIndex":0,"isKey":false,"isExternalId":false,"isSfIdLookup":false,"isNullable":true,"isUnique":false,"isCreateable":false,"isUpdateable":true,"isFilterable":true,"isCalculated":false,"showLabel":true,"naturalOrder":0,"linkedFields":[],"relatedInfos":[],"references":[]},"field2":{"@type":"field","id":2351109,"name":"XPK_Invoice_Header","type":"string","uniqueName":"XPK_Invoice_Header","label":"XPK_Invoice_Header","parentObject":"FF_InvoiceOk2Pay_FromCoupa_Header.csv","pcType":"STRING","precision":255,"scale":0,"columnIndex":0,"isKey":false,"isExternalId":false,"isSfIdLookup":false,"isNullable":true,"isUnique":false,"isCreateable":false,"isUpdateable":true,"isFilterable":true,"isCalculated":false,"showLabel":true,"naturalOrder":0,"linkedFields":[],"relatedInfos":[],"references":[]}}]}},{"@type":"fieldMap","id":"955195","targetField":{"@type":"field","id":2351110,"name":"Header_VendorCredit_tranid","type":"nstring","uniqueName":"Header_VendorCredit_tranid","label":"Header_VendorCredit_tranid","parentObject":"FF_InvoiceOk2Pay_FromCoupa.csv","pcType":"UNISTRING","precision":255,"scale":0,"columnIndex":6,"isKey":false,"isExternalId":false,"isSfIdLookup":false,"isNullable":true,"isUnique":false,"isCreateable":false,"isUpdateable":true,"isFilterable":true,"isCalculated":false,"showLabel":false,"naturalOrder":0,"linkedFields":["XFK_Invoice_Header"],"relatedInfos":[],"references":[]},"lookup":{"@type":"lookup","id":"4874","connectionId":"@6ey2Cmo3PaHcsThnJ0TYui","object":"FF_InvoiceOk2Pay_FromCoupa_Header.csv","objectLabel":"FF_InvoiceOk2Pay_FromCoupa_Header.csv","outputField":{"@type":"field","id":2351111,"name":"Header_credit_note_number","type":"nstring","uniqueName":"Header_credit_note_number","label":"Header_credit_note_number","parentObject":"FF_InvoiceOk2Pay_FromCoupa_Header.csv","pcType":"UNISTRING","precision":255,"scale":0,"columnIndex":6,"isKey":false,"isExternalId":false,"isSfIdLookup":false,"isNullable":true,"isUnique":false,"isCreateable":false,"isUpdateable":true,"isFilterable":true,"isCalculated":false,"showLabel":true,"naturalOrder":0,"linkedFields":[],"relatedInfos":[],"references":[]},"multiplicityError":true,"settings":{"@type":"taskDataSourceSetting","isShowLabels":false,"isNaturalOrder":true},"objectRelations":[{"@type":"objectRelationExt","object1":"FF_InvoiceOk2Pay_FromCoupa_LineItems.csv","object2":"FF_InvoiceOk2Pay_FromCoupa_Header.csv","field1":{"@type":"field","id":2351112,"name":"XFK_Invoice_Header","type":"nstring","uniqueName":"XFK_Invoice_Header","label":"XFK_Invoice_Header","parentObject":"FF_InvoiceOk2Pay_FromCoupa_LineItems.csv","pcType":"UNISTRING","precision":255,"scale":0,"columnIndex":0,"isKey":false,"isExternalId":false,"isSfIdLookup":false,"isNullable":true,"isUnique":false,"isCreateable":false,"isUpdateable":true,"isFilterable":true,"isCalculated":false,"showLabel":true,"naturalOrder":0,"linkedFields":[],"relatedInfos":[],"references":[]},"field2":{"@type":"field","id":2351113,"name":"XPK_Invoice_Header","type":"string","uniqueName":"XPK_Invoice_Header","label":"XPK_Invoice_Header","parentObject":"FF_InvoiceOk2Pay_FromCoupa_Header.csv","pcType":"STRING","precision":255,"scale":0,"columnIndex":0,"isKey":false,"isExternalId":false,"isSfIdLookup":false,"isNullable":true,"isUnique":false,"isCreateable":false,"isUpdateable":true,"isFilterable":true,"isCalculated":false,"showLabel":true,"naturalOrder":0,"linkedFields":[],"relatedInfos":[],"references":[]}}]}},{"@type":"fieldMap","id":"955196","targetField":{"@type":"field","id":2351114,"name":"Header_duedate","type":"nstring","uniqueName":"Header_duedate","label":"Header_duedate","parentObject":"FF_InvoiceOk2Pay_FromCoupa.csv","pcType":"UNISTRING","precision":255,"scale":0,"columnIndex":7,"isKey":false,"isExternalId":false,"isSfIdLookup":false,"isNullable":true,"isUnique":false,"isCreateable":false,"isUpdateable":true,"isFilterable":true,"isCalculated":false,"showLabel":false,"naturalOrder":0,"linkedFields":["XFK_Invoice_Header"],"relatedInfos":[],"references":[]},"lookup":{"@type":"lookup","id":"4875","connectionId":"@6ey2Cmo3PaHcsThnJ0TYui","object":"FF_InvoiceOk2Pay_FromCoupa_Header.csv","objectLabel":"FF_InvoiceOk2Pay_FromCoupa_Header.csv","outputField":{"@type":"field","id":2351115,"name":"Header_net_due_date","type":"nstring","uniqueName":"Header_net_due_date","label":"Header_net_due_date","parentObject":"FF_InvoiceOk2Pay_FromCoupa_Header.csv","pcType":"UNISTRING","precision":255,"scale":0,"columnIndex":7,"isKey":false,"isExternalId":false,"isSfIdLookup":false,"isNullable":true,"isUnique":false,"isCreateable":false,"isUpdateable":true,"isFilterable":true,"isCalculated":false,"showLabel":true,"naturalOrder":0,"linkedFields":[],"relatedInfos":[],"references":[]},"multiplicityError":true,"settings":{"@type":"taskDataSourceSetting","isShowLabels":false,"isNaturalOrder":true},"objectRelations":[{"@type":"objectRelationExt","object1":"FF_InvoiceOk2Pay_FromCoupa_LineItems.csv","object2":"FF_InvoiceOk2Pay_FromCoupa_Header.csv","field1":{"@type":"field","id":2351116,"name":"XFK_Invoice_Header","type":"nstring","uniqueName":"XFK_Invoice_Header","label":"XFK_Invoice_Header","parentObject":"FF_InvoiceOk2Pay_FromCoupa_LineItems.csv","pcType":"UNISTRING","precision":255,"scale":0,"columnIndex":0,"isKey":false,"isExternalId":false,"isSfIdLookup":false,"isNullable":true,"isUnique":false,"isCreateable":false,"isUpdateable":true,"isFilterable":true,"isCalculated":false,"showLabel":true,"naturalOrder":0,"linkedFields":[],"relatedInfos":[],"references":[]},"field2":{"@type":"field","id":2351117,"name":"XPK_Invoice_Header","type":"string","uniqueName":"XPK_Invoice_Header","label":"XPK_Invoice_Header","parentObject":"FF_InvoiceOk2Pay_FromCoupa_Header.csv","pcType":"STRING","precision":255,"scale":0,"columnIndex":0,"isKey":false,"isExternalId":false,"isSfIdLookup":false,"isNullable":true,"isUnique":false,"isCreateable":false,"isUpdateable":true,"isFilterable":true,"isCalculated":false,"showLabel":true,"naturalOrder":0,"linkedFields":[],"relatedInfos":[],"references":[]}}]}},{"@type":"fieldMap","id":"955197","targetField":{"@type":"field","id":2351118,"name":"Header_currency_name","type":"nstring","uniqueName":"Header_currency_name","label":"Header_currency_name","parentObject":"FF_InvoiceOk2Pay_FromCoupa.csv","pcType":"UNISTRING","precision":255,"scale":0,"columnIndex":8,"isKey":false,"isExternalId":false,"isSfIdLookup":false,"isNullable":true,"isUnique":false,"isCreateable":false,"isUpdateable":true,"isFilterable":true,"isCalculated":false,"showLabel":false,"naturalOrder":0,"linkedFields":["XFK_Invoice_Header"],"relatedInfos":[],"references":[]},"lookup":{"@type":"lookup","id":"4876","connectionId":"@6ey2Cmo3PaHcsThnJ0TYui","object":"FF_InvoiceOk2Pay_FromCoupa_Header.csv","objectLabel":"FF_InvoiceOk2Pay_FromCoupa_Header.csv","outputField":{"@type":"field","id":2351119,"name":"Header_currency_code","type":"nstring","uniqueName":"Header_currency_code","label":"Header_currency_code","parentObject":"FF_InvoiceOk2Pay_FromCoupa_Header.csv","pcType":"UNISTRING","precision":255,"scale":0,"columnIndex":8,"isKey":false,"isExternalId":false,"isSfIdLookup":false,"isNullable":true,"isUnique":false,"isCreateable":false,"isUpdateable":true,"isFilterable":true,"isCalculated":false,"showLabel":true,"naturalOrder":0,"linkedFields":[],"relatedInfos":[],"references":[]},"multiplicityError":true,"settings":{"@type":"taskDataSourceSetting","isShowLabels":false,"isNaturalOrder":true},"objectRelations":[{"@type":"objectRelationExt","object1":"FF_InvoiceOk2Pay_FromCoupa_LineItems.csv","object2":"FF_InvoiceOk2Pay_FromCoupa_Header.csv","field1":{"@type":"field","id":2351120,"name":"XFK_Invoice_Header","type":"nstring","uniqueName":"XFK_Invoice_Header","label":"XFK_Invoice_Header","parentObject":"FF_InvoiceOk2Pay_FromCoupa_LineItems.csv","pcType":"UNISTRING","precision":255,"scale":0,"columnIndex":0,"isKey":false,"isExternalId":false,"isSfIdLookup":false,"isNullable":true,"isUnique":false,"isCreateable":false,"isUpdateable":true,"isFilterable":true,"isCalculated":false,"showLabel":true,"naturalOrder":0,"linkedFields":[],"relatedInfos":[],"references":[]},"field2":{"@type":"field","id":2351121,"name":"XPK_Invoice_Header","type":"string","uniqueName":"XPK_Invoice_Header","label":"XPK_Invoice_Header","parentObject":"FF_InvoiceOk2Pay_FromCoupa_Header.csv","pcType":"STRING","precision":255,"scale":0,"columnIndex":0,"isKey":false,"isExternalId":false,"isSfIdLookup":false,"isNullable":true,"isUnique":false,"isCreateable":false,"isUpdateable":true,"isFilterable":true,"isCalculated":false,"showLabel":true,"naturalOrder":0,"linkedFields":[],"relatedInfos":[],"references":[]}}]}},{"@type":"fieldMap","id":"955198","targetField":{"@type":"field","id":2351122,"name":"Header_approvalstatus_name","type":"nstring","uniqueName":"Header_approvalstatus_name","label":"Header_approvalstatus_name","parentObject":"FF_InvoiceOk2Pay_FromCoupa.csv","pcType":"UNISTRING","precision":255,"scale":0,"columnIndex":9,"isKey":false,"isExternalId":false,"isSfIdLookup":false,"isNullable":true,"isUnique":false,"isCreateable":false,"isUpdateable":true,"isFilterable":true,"isCalculated":false,"showLabel":false,"naturalOrder":0,"linkedFields":["XFK_Invoice_Header"],"relatedInfos":[],"references":[]},"lookup":{"@type":"lookup","id":"4877","connectionId":"@6ey2Cmo3PaHcsThnJ0TYui","object":"FF_InvoiceOk2Pay_FromCoupa_Header.csv","objectLabel":"FF_InvoiceOk2Pay_FromCoupa_Header.csv","outputField":{"@type":"field","id":2351123,"name":"Header_status","type":"nstring","uniqueName":"Header_status","label":"Header_status","parentObject":"FF_InvoiceOk2Pay_FromCoupa_Header.csv","pcType":"UNISTRING","precision":255,"scale":0,"columnIndex":9,"isKey":false,"isExternalId":false,"isSfIdLookup":false,"isNullable":true,"isUnique":false,"isCreateable":false,"isUpdateable":true,"isFilterable":true,"isCalculated":false,"showLabel":true,"naturalOrder":0,"linkedFields":[],"relatedInfos":[],"references":[]},"multiplicityError":true,"settings":{"@type":"taskDataSourceSetting","isShowLabels":false,"isNaturalOrder":true},"objectRelations":[{"@type":"objectRelationExt","object1":"FF_InvoiceOk2Pay_FromCoupa_LineItems.csv","object2":"FF_InvoiceOk2Pay_FromCoupa_Header.csv","field1":{"@type":"field","id":2351124,"name":"XFK_Invoice_Header","type":"nstring","uniqueName":"XFK_Invoice_Header","label":"XFK_Invoice_Header","parentObject":"FF_InvoiceOk2Pay_FromCoupa_LineItems.csv","pcType":"UNISTRING","precision":255,"scale":0,"columnIndex":0,"isKey":false,"isExternalId":false,"isSfIdLookup":false,"isNullable":true,"isUnique":false,"isCreateable":false,"isUpdateable":true,"isFilterable":true,"isCalculated":false,"showLabel":true,"naturalOrder":0,"linkedFields":[],"relatedInfos":[],"references":[]},"field2":{"@type":"field","id":2351125,"name":"XPK_Invoice_Header","type":"string","uniqueName":"XPK_Invoice_Header","label":"XPK_Invoice_Header","parentObject":"FF_InvoiceOk2Pay_FromCoupa_Header.csv","pcType":"STRING","precision":255,"scale":0,"columnIndex":0,"isKey":false,"isExternalId":false,"isSfIdLookup":false,"isNullable":true,"isUnique":false,"isCreateable":false,"isUpdateable":true,"isFilterable":true,"isCalculated":false,"showLabel":true,"naturalOrder":0,"linkedFields":[],"relatedInfos":[],"references":[]}}]}},{"@type":"fieldMap","id":"955199","targetField":{"@type":"field","id":2351126,"name":"Header_supplier_number","type":"nstring","uniqueName":"Header_supplier_number","label":"Header_supplier_number","parentObject":"FF_InvoiceOk2Pay_FromCoupa.csv","pcType":"UNISTRING","precision":255,"scale":0,"columnIndex":10,"isKey":false,"isExternalId":false,"isSfIdLookup":false,"isNullable":true,"isUnique":false,"isCreateable":false,"isUpdateable":true,"isFilterable":true,"isCalculated":false,"showLabel":false,"naturalOrder":0,"linkedFields":["XFK_Invoice_Header"],"relatedInfos":[],"references":[]},"lookup":{"@type":"lookup","id":"4878","connectionId":"@6ey2Cmo3PaHcsThnJ0TYui","object":"FF_InvoiceOk2Pay_FromCoupa_Header.csv","objectLabel":"FF_InvoiceOk2Pay_FromCoupa_Header.csv","outputField":{"@type":"field","id":2351127,"name":"Header_supplier_number","type":"nstring","uniqueName":"Header_supplier_number","label":"Header_supplier_number","parentObject":"FF_InvoiceOk2Pay_FromCoupa_Header.csv","pcType":"UNISTRING","precision":255,"scale":0,"columnIndex":10,"isKey":false,"isExternalId":false,"isSfIdLookup":false,"isNullable":true,"isUnique":false,"isCreateable":false,"isUpdateable":true,"isFilterable":true,"isCalculated":false,"showLabel":true,"naturalOrder":0,"linkedFields":[],"relatedInfos":[],"references":[]},"multiplicityError":true,"settings":{"@type":"taskDataSourceSetting","isShowLabels":false,"isNaturalOrder":true},"objectRelations":[{"@type":"objectRelationExt","object1":"FF_InvoiceOk2Pay_FromCoupa_LineItems.csv","object2":"FF_InvoiceOk2Pay_FromCoupa_Header.csv","field1":{"@type":"field","id":2351128,"name":"XFK_Invoice_Header","type":"nstring","uniqueName":"XFK_Invoice_Header","label":"XFK_Invoice_Header","parentObject":"FF_InvoiceOk2Pay_FromCoupa_LineItems.csv","pcType":"UNISTRING","precision":255,"scale":0,"columnIndex":0,"isKey":false,"isExternalId":false,"isSfIdLookup":false,"isNullable":true,"isUnique":false,"isCreateable":false,"isUpdateable":true,"isFilterable":true,"isCalculated":false,"showLabel":true,"naturalOrder":0,"linkedFields":[],"relatedInfos":[],"references":[]},"field2":{"@type":"field","id":2351129,"name":"XPK_Invoice_Header","type":"string","uniqueName":"XPK_Invoice_Header","label":"XPK_Invoice_Header","parentObject":"FF_InvoiceOk2Pay_FromCoupa_Header.csv","pcType":"STRING","precision":255,"scale":0,"columnIndex":0,"isKey":false,"isExternalId":false,"isSfIdLookup":false,"isNullable":true,"isUnique":false,"isCreateable":false,"isUpdateable":true,"isFilterable":true,"isCalculated":false,"showLabel":true,"naturalOrder":0,"linkedFields":[],"relatedInfos":[],"references":[]}}]}},{"@type":"fieldMap","id":"955200","targetField":{"@type":"field","id":2351130,"name":"Header_account_name","type":"nstring","uniqueName":"Header_account_name","label":"Header_account_name","parentObject":"FF_InvoiceOk2Pay_FromCoupa.csv","pcType":"UNISTRING","precision":255,"scale":0,"columnIndex":11,"isKey":false,"isExternalId":false,"isSfIdLookup":false,"isNullable":true,"isUnique":false,"isCreateable":false,"isUpdateable":true,"isFilterable":true,"isCalculated":false,"showLabel":false,"naturalOrder":0,"linkedFields":["XFK_Invoice_Header"],"relatedInfos":[],"references":[]},"lookup":{"@type":"lookup","id":"4879","connectionId":"@6ey2Cmo3PaHcsThnJ0TYui","object":"FF_InvoiceOk2Pay_FromCoupa_Header.csv","objectLabel":"FF_InvoiceOk2Pay_FromCoupa_Header.csv","outputField":{"@type":"field","id":2351131,"name":"Header_account_name","type":"nstring","uniqueName":"Header_account_name","label":"Header_account_name","parentObject":"FF_InvoiceOk2Pay_FromCoupa_Header.csv","pcType":"UNISTRING","precision":255,"scale":0,"columnIndex":11,"isKey":false,"isExternalId":false,"isSfIdLookup":false,"isNullable":true,"isUnique":false,"isCreateable":false,"isUpdateable":true,"isFilterable":true,"isCalculated":false,"showLabel":true,"naturalOrder":0,"linkedFields":[],"relatedInfos":[],"references":[]},"multiplicityError":false,"settings":{"@type":"taskDataSourceSetting","isShowLabels":false,"isNaturalOrder":true},"objectRelations":[{"@type":"objectRelationExt","object1":"FF_InvoiceOk2Pay_FromCoupa_LineItems.csv","object2":"FF_InvoiceOk2Pay_FromCoupa_Header.csv","field1":{"@type":"field","id":2351132,"name":"XFK_Invoice_Header","type":"nstring","uniqueName":"XFK_Invoice_Header","label":"XFK_Invoice_Header","parentObject":"FF_InvoiceOk2Pay_FromCoupa_LineItems.csv","pcType":"UNISTRING","precision":255,"scale":0,"columnIndex":0,"isKey":false,"isExternalId":false,"isSfIdLookup":false,"isNullable":true,"isUnique":false,"isCreateable":false,"isUpdateable":true,"isFilterable":true,"isCalculated":false,"showLabel":true,"naturalOrder":0,"linkedFields":[],"relatedInfos":[],"references":[]},"field2":{"@type":"field","id":2351133,"name":"XPK_Invoice_Header","type":"string","uniqueName":"XPK_Invoice_Header","label":"XPK_Invoice_Header","parentObject":"FF_InvoiceOk2Pay_FromCoupa_Header.csv","pcType":"STRING","precision":255,"scale":0,"columnIndex":0,"isKey":false,"isExternalId":false,"isSfIdLookup":false,"isNullable":true,"isUnique":false,"isCreateable":false,"isUpdateable":true,"isFilterable":true,"isCalculated":false,"showLabel":true,"naturalOrder":0,"linkedFields":[],"relatedInfos":[],"references":[]}}]}},{"@type":"fieldMap","id":"955201","targetField":{"@type":"field","id":2351134,"name":"Header_subsidiary_name","type":"nstring","uniqueName":"Header_subsidiary_name","label":"Header_subsidiary_name","parentObject":"FF_InvoiceOk2Pay_FromCoupa.csv","pcType":"UNISTRING","precision":255,"scale":0,"columnIndex":12,"isKey":false,"isExternalId":false,"isSfIdLookup":false,"isNullable":true,"isUnique":false,"isCreateable":false,"isUpdateable":true,"isFilterable":true,"isCalculated":false,"showLabel":false,"naturalOrder":0,"linkedFields":["XFK_Invoice_Header"],"relatedInfos":[],"references":[]},"lookup":{"@type":"lookup","id":"4880","connectionId":"@6ey2Cmo3PaHcsThnJ0TYui","object":"FF_InvoiceOk2Pay_FromCoupa_Header.csv","objectLabel":"FF_InvoiceOk2Pay_FromCoupa_Header.csv","outputField":{"@type":"field","id":2351135,"name":"Header_account_type_name","type":"nstring","uniqueName":"Header_account_type_name","label":"Header_account_type_name","parentObject":"FF_InvoiceOk2Pay_FromCoupa_Header.csv","pcType":"UNISTRING","precision":255,"scale":0,"columnIndex":12,"isKey":false,"isExternalId":false,"isSfIdLookup":false,"isNullable":true,"isUnique":false,"isCreateable":false,"isUpdateable":true,"isFilterable":true,"isCalculated":false,"showLabel":true,"naturalOrder":0,"linkedFields":[],"relatedInfos":[],"references":[]},"multiplicityError":true,"settings":{"@type":"taskDataSourceSetting","isShowLabels":false,"isNaturalOrder":true},"objectRelations":[{"@type":"objectRelationExt","object1":"FF_InvoiceOk2Pay_FromCoupa_LineItems.csv","object2":"FF_InvoiceOk2Pay_FromCoupa_Header.csv","field1":{"@type":"field","id":2351136,"name":"XFK_Invoice_Header","type":"nstring","uniqueName":"XFK_Invoice_Header","label":"XFK_Invoice_Header","parentObject":"FF_InvoiceOk2Pay_FromCoupa_LineItems.csv","pcType":"UNISTRING","precision":255,"scale":0,"columnIndex":0,"isKey":false,"isExternalId":false,"isSfIdLookup":false,"isNullable":true,"isUnique":false,"isCreateable":false,"isUpdateable":true,"isFilterable":true,"isCalculated":false,"showLabel":true,"naturalOrder":0,"linkedFields":[],"relatedInfos":[],"references":[]},"field2":{"@type":"field","id":2351137,"name":"XPK_Invoice_Header","type":"string","uniqueName":"XPK_Invoice_Header","label":"XPK_Invoice_Header","parentObject":"FF_InvoiceOk2Pay_FromCoupa_Header.csv","pcType":"STRING","precision":255,"scale":0,"columnIndex":0,"isKey":false,"isExternalId":false,"isSfIdLookup":false,"isNullable":true,"isUnique":false,"isCreateable":false,"isUpdateable":true,"isFilterable":true,"isCalculated":false,"showLabel":true,"naturalOrder":0,"linkedFields":[],"relatedInfos":[],"references":[]}}]}},{"@type":"fieldMap","id":"955202","targetField":{"@type":"field","id":2351138,"name":"Header_usertotal","type":"nstring","uniqueName":"Header_usertotal","label":"Header_usertotal","parentObject":"FF_InvoiceOk2Pay_FromCoupa.csv","pcType":"UNISTRING","precision":255,"scale":0,"columnIndex":13,"isKey":false,"isExternalId":false,"isSfIdLookup":false,"isNullable":true,"isUnique":false,"isCreateable":false,"isUpdateable":true,"isFilterable":true,"isCalculated":false,"showLabel":false,"naturalOrder":0,"linkedFields":["XFK_Invoice_Header"],"relatedInfos":[],"references":[]},"lookup":{"@type":"lookup","id":"4881","connectionId":"@6ey2Cmo3PaHcsThnJ0TYui","object":"FF_InvoiceOk2Pay_FromCoupa_Header.csv","objectLabel":"FF_InvoiceOk2Pay_FromCoupa_Header.csv","outputField":{"@type":"field","id":2351139,"name":"Header_total_with_taxes","type":"nstring","uniqueName":"Header_total_with_taxes","label":"Header_total_with_taxes","parentObject":"FF_InvoiceOk2Pay_FromCoupa_Header.csv","pcType":"UNISTRING","precision":255,"scale":0,"columnIndex":13,"isKey":false,"isExternalId":false,"isSfIdLookup":false,"isNullable":true,"isUnique":false,"isCreateable":false,"isUpdateable":true,"isFilterable":true,"isCalculated":false,"showLabel":true,"naturalOrder":0,"linkedFields":[],"relatedInfos":[],"references":[]},"multiplicityError":true,"settings":{"@type":"taskDataSourceSetting","isShowLabels":false,"isNaturalOrder":true},"objectRelations":[{"@type":"objectRelationExt","object1":"FF_InvoiceOk2Pay_FromCoupa_LineItems.csv","object2":"FF_InvoiceOk2Pay_FromCoupa_Header.csv","field1":{"@type":"field","id":2351140,"name":"XFK_Invoice_Header","type":"nstring","uniqueName":"XFK_Invoice_Header","label":"XFK_Invoice_Header","parentObject":"FF_InvoiceOk2Pay_FromCoupa_LineItems.csv","pcType":"UNISTRING","precision":255,"scale":0,"columnIndex":0,"isKey":false,"isExternalId":false,"isSfIdLookup":false,"isNullable":true,"isUnique":false,"isCreateable":false,"isUpdateable":true,"isFilterable":true,"isCalculated":false,"showLabel":true,"naturalOrder":0,"linkedFields":[],"relatedInfos":[],"references":[]},"field2":{"@type":"field","id":2351141,"name":"XPK_Invoice_Header","type":"string","uniqueName":"XPK_Invoice_Header","label":"XPK_Invoice_Header","parentObject":"FF_InvoiceOk2Pay_FromCoupa_Header.csv","pcType":"STRING","precision":255,"scale":0,"columnIndex":0,"isKey":false,"isExternalId":false,"isSfIdLookup":false,"isNullable":true,"isUnique":false,"isCreateable":false,"isUpdateable":true,"isFilterable":true,"isCalculated":false,"showLabel":true,"naturalOrder":0,"linkedFields":[],"relatedInfos":[],"references":[]}}]}},{"@type":"fieldMap","id":"955203","targetField":{"@type":"field","id":2351142,"name":"Header_taxtotal","type":"nstring","uniqueName":"Header_taxtotal","label":"Header_taxtotal","parentObject":"FF_InvoiceOk2Pay_FromCoupa.csv","pcType":"UNISTRING","precision":255,"scale":0,"columnIndex":14,"isKey":false,"isExternalId":false,"isSfIdLookup":false,"isNullable":true,"isUnique":false,"isCreateable":false,"isUpdateable":true,"isFilterable":true,"isCalculated":false,"showLabel":false,"naturalOrder":0,"linkedFields":["XFK_Invoice_Header"],"relatedInfos":[],"references":[]},"lookup":{"@type":"lookup","id":"4882","connectionId":"@6ey2Cmo3PaHcsThnJ0TYui","object":"FF_InvoiceOk2Pay_FromCoupa_Header.csv","objectLabel":"FF_InvoiceOk2Pay_FromCoupa_Header.csv","outputField":{"@type":"field","id":2351143,"name":"Header_tax_amount","type":"nstring","uniqueName":"Header_tax_amount","label":"Header_tax_amount","parentObject":"FF_InvoiceOk2Pay_FromCoupa_Header.csv","pcType":"UNISTRING","precision":255,"scale":0,"columnIndex":14,"isKey":false,"isExternalId":false,"isSfIdLookup":false,"isNullable":true,"isUnique":false,"isCreateable":false,"isUpdateable":true,"isFilterable":true,"isCalculated":false,"showLabel":true,"naturalOrder":0,"linkedFields":[],"relatedInfos":[],"references":[]},"multiplicityError":true,"settings":{"@type":"taskDataSourceSetting","isShowLabels":false,"isNaturalOrder":true},"objectRelations":[{"@type":"objectRelationExt","object1":"FF_InvoiceOk2Pay_FromCoupa_LineItems.csv","object2":"FF_InvoiceOk2Pay_FromCoupa_Header.csv","field1":{"@type":"field","id":2351144,"name":"XFK_Invoice_Header","type":"nstring","uniqueName":"XFK_Invoice_Header","label":"XFK_Invoice_Header","parentObject":"FF_InvoiceOk2Pay_FromCoupa_LineItems.csv","pcType":"UNISTRING","precision":255,"scale":0,"columnIndex":0,"isKey":false,"isExternalId":false,"isSfIdLookup":false,"isNullable":true,"isUnique":false,"isCreateable":false,"isUpdateable":true,"isFilterable":true,"isCalculated":false,"showLabel":true,"naturalOrder":0,"linkedFields":[],"relatedInfos":[],"references":[]},"field2":{"@type":"field","id":2351145,"name":"XPK_Invoice_Header","type":"string","uniqueName":"XPK_Invoice_Header","label":"XPK_Invoice_Header","parentObject":"FF_InvoiceOk2Pay_FromCoupa_Header.csv","pcType":"STRING","precision":255,"scale":0,"columnIndex":0,"isKey":false,"isExternalId":false,"isSfIdLookup":false,"isNullable":true,"isUnique":false,"isCreateable":false,"isUpdateable":true,"isFilterable":true,"isCalculated":false,"showLabel":true,"naturalOrder":0,"linkedFields":[],"relatedInfos":[],"references":[]}}]}},{"@type":"fieldMap","id":"955204","targetField":{"@type":"field","id":2351146,"name":"Header_custbody_coupa_invoice_num","type":"nstring","uniqueName":"Header_custbody_coupa_invoice_num","label":"Header_custbody_coupa_invoice_num","parentObject":"FF_InvoiceOk2Pay_FromCoupa.csv","pcType":"UNISTRING","precision":255,"scale":0,"columnIndex":15,"isKey":false,"isExternalId":false,"isSfIdLookup":false,"isNullable":true,"isUnique":false,"isCreateable":false,"isUpdateable":true,"isFilterable":true,"isCalculated":false,"showLabel":false,"naturalOrder":0,"linkedFields":["XFK_Invoice_Header"],"relatedInfos":[],"references":[]},"lookup":{"@type":"lookup","id":"4883","connectionId":"@6ey2Cmo3PaHcsThnJ0TYui","object":"FF_InvoiceOk2Pay_FromCoupa_Header.csv","objectLabel":"FF_InvoiceOk2Pay_FromCoupa_Header.csv","outputField":{"@type":"field","id":2351147,"name":"Header_invoice_number","type":"nstring","uniqueName":"Header_invoice_number","label":"Header_invoice_number","parentObject":"FF_InvoiceOk2Pay_FromCoupa_Header.csv","pcType":"UNISTRING","precision":255,"scale":0,"columnIndex":5,"isKey":false,"isExternalId":false,"isSfIdLookup":false,"isNullable":true,"isUnique":false,"isCreateable":false,"isUpdateable":true,"isFilterable":true,"isCalculated":false,"showLabel":true,"naturalOrder":0,"linkedFields":[],"relatedInfos":[],"references":[]},"multiplicityError":true,"settings":{"@type":"taskDataSourceSetting","isShowLabels":false,"isNaturalOrder":true},"objectRelations":[{"@type":"objectRelationExt","object1":"FF_InvoiceOk2Pay_FromCoupa_LineItems.csv","object2":"FF_InvoiceOk2Pay_FromCoupa_Header.csv","field1":{"@type":"field","id":2351148,"name":"XFK_Invoice_Header","type":"nstring","uniqueName":"XFK_Invoice_Header","label":"XFK_Invoice_Header","parentObject":"FF_InvoiceOk2Pay_FromCoupa_LineItems.csv","pcType":"UNISTRING","precision":255,"scale":0,"columnIndex":0,"isKey":false,"isExternalId":false,"isSfIdLookup":false,"isNullable":true,"isUnique":false,"isCreateable":false,"isUpdateable":true,"isFilterable":true,"isCalculated":false,"showLabel":true,"naturalOrder":0,"linkedFields":[],"relatedInfos":[],"references":[]},"field2":{"@type":"field","id":2351149,"name":"XPK_Invoice_Header","type":"string","uniqueName":"XPK_Invoice_Header","label":"XPK_Invoice_Header","parentObject":"FF_InvoiceOk2Pay_FromCoupa_Header.csv","pcType":"STRING","precision":255,"scale":0,"columnIndex":0,"isKey":false,"isExternalId":false,"isSfIdLookup":false,"isNullable":true,"isUnique":false,"isCreateable":false,"isUpdateable":true,"isFilterable":true,"isCalculated":false,"showLabel":true,"naturalOrder":0,"linkedFields":[],"relatedInfos":[],"references":[]}}]}},{"@type":"fieldMap","id":"955205","targetField":{"@type":"field","id":2351150,"name":"Header_misc_amount","type":"nstring","uniqueName":"Header_misc_amount","label":"Header_misc_amount","parentObject":"FF_InvoiceOk2Pay_FromCoupa.csv","pcType":"UNISTRING","precision":255,"scale":0,"columnIndex":16,"isKey":false,"isExternalId":false,"isSfIdLookup":false,"isNullable":true,"isUnique":false,"isCreateable":false,"isUpdateable":true,"isFilterable":true,"isCalculated":false,"showLabel":false,"naturalOrder":0,"linkedFields":["XFK_Invoice_Header"],"relatedInfos":[],"references":[]},"lookup":{"@type":"lookup","id":"4884","connectionId":"@6ey2Cmo3PaHcsThnJ0TYui","object":"FF_InvoiceOk2Pay_FromCoupa_Header.csv","objectLabel":"FF_InvoiceOk2Pay_FromCoupa_Header.csv","outputField":{"@type":"field","id":2351151,"name":"Header_misc_amount","type":"nstring","uniqueName":"Header_misc_amount","label":"Header_misc_amount","parentObject":"FF_InvoiceOk2Pay_FromCoupa_Header.csv","pcType":"UNISTRING","precision":255,"scale":0,"columnIndex":15,"isKey":false,"isExternalId":false,"isSfIdLookup":false,"isNullable":true,"isUnique":false,"isCreateable":false,"isUpdateable":true,"isFilterable":true,"isCalculated":false,"showLabel":true,"naturalOrder":0,"linkedFields":[],"relatedInfos":[],"references":[]},"multiplicityError":false,"settings":{"@type":"taskDataSourceSetting","isShowLabels":false,"isNaturalOrder":true},"objectRelations":[{"@type":"objectRelationExt","object1":"FF_InvoiceOk2Pay_FromCoupa_LineItems.csv","object2":"FF_InvoiceOk2Pay_FromCoupa_Header.csv","field1":{"@type":"field","id":2351152,"name":"XFK_Invoice_Header","type":"nstring","uniqueName":"XFK_Invoice_Header","label":"XFK_Invoice_Header","parentObject":"FF_InvoiceOk2Pay_FromCoupa_LineItems.csv","pcType":"UNISTRING","precision":255,"scale":0,"columnIndex":0,"isKey":false,"isExternalId":false,"isSfIdLookup":false,"isNullable":true,"isUnique":false,"isCreateable":false,"isUpdateable":true,"isFilterable":true,"isCalculated":false,"showLabel":true,"naturalOrder":0,"linkedFields":[],"relatedInfos":[],"references":[]},"field2":{"@type":"field","id":2351153,"name":"XPK_Invoice_Header","type":"string","uniqueName":"XPK_Invoice_Header","label":"XPK_Invoice_Header","parentObject":"FF_InvoiceOk2Pay_FromCoupa_Header.csv","pcType":"STRING","precision":255,"scale":0,"columnIndex":0,"isKey":false,"isExternalId":false,"isSfIdLookup":false,"isNullable":true,"isUnique":false,"isCreateable":false,"isUpdateable":true,"isFilterable":true,"isCalculated":false,"showLabel":true,"naturalOrder":0,"linkedFields":[],"relatedInfos":[],"references":[]}}]}},{"@type":"fieldMap","id":"955206","targetField":{"@type":"field","id":2351154,"name":"Header_shipping_amount","type":"nstring","uniqueName":"Header_shipping_amount","label":"Header_shipping_amount","parentObject":"FF_InvoiceOk2Pay_FromCoupa.csv","pcType":"UNISTRING","precision":255,"scale":0,"columnIndex":17,"isKey":false,"isExternalId":false,"isSfIdLookup":false,"isNullable":true,"isUnique":false,"isCreateable":false,"isUpdateable":true,"isFilterable":true,"isCalculated":false,"showLabel":false,"naturalOrder":0,"linkedFields":["XFK_Invoice_Header"],"relatedInfos":[],"references":[]},"lookup":{"@type":"lookup","id":"4885","connectionId":"@6ey2Cmo3PaHcsThnJ0TYui","object":"FF_InvoiceOk2Pay_FromCoupa_Header.csv","objectLabel":"FF_InvoiceOk2Pay_FromCoupa_Header.csv","outputField":{"@type":"field","id":2351155,"name":"Header_shipping_amount","type":"nstring","uniqueName":"Header_shipping_amount","label":"Header_shipping_amount","parentObject":"FF_InvoiceOk2Pay_FromCoupa_Header.csv","pcType":"UNISTRING","precision":255,"scale":0,"columnIndex":16,"isKey":false,"isExternalId":false,"isSfIdLookup":false,"isNullable":true,"isUnique":false,"isCreateable":false,"isUpdateable":true,"isFilterable":true,"isCalculated":false,"showLabel":true,"naturalOrder":0,"linkedFields":[],"relatedInfos":[],"references":[]},"multiplicityError":false,"settings":{"@type":"taskDataSourceSetting","isShowLabels":false,"isNaturalOrder":true},"objectRelations":[{"@type":"objectRelationExt","object1":"FF_InvoiceOk2Pay_FromCoupa_LineItems.csv","object2":"FF_InvoiceOk2Pay_FromCoupa_Header.csv","field1":{"@type":"field","id":2351156,"name":"XFK_Invoice_Header","type":"nstring","uniqueName":"XFK_Invoice_Header","label":"XFK_Invoice_Header","parentObject":"FF_InvoiceOk2Pay_FromCoupa_LineItems.csv","pcType":"UNISTRING","precision":255,"scale":0,"columnIndex":0,"isKey":false,"isExternalId":false,"isSfIdLookup":false,"isNullable":true,"isUnique":false,"isCreateable":false,"isUpdateable":true,"isFilterable":true,"isCalculated":false,"showLabel":true,"naturalOrder":0,"linkedFields":[],"relatedInfos":[],"references":[]},"field2":{"@type":"field","id":2351157,"name":"XPK_Invoice_Header","type":"string","uniqueName":"XPK_Invoice_Header","label":"XPK_Invoice_Header","parentObject":"FF_InvoiceOk2Pay_FromCoupa_Header.csv","pcType":"STRING","precision":255,"scale":0,"columnIndex":0,"isKey":false,"isExternalId":false,"isSfIdLookup":false,"isNullable":true,"isUnique":false,"isCreateable":false,"isUpdateable":true,"isFilterable":true,"isCalculated":false,"showLabel":true,"naturalOrder":0,"linkedFields":[],"relatedInfos":[],"references":[]}}]}},{"@type":"fieldMap","id":"955207","targetField":{"@type":"field","id":2351158,"name":"Header_handling_amount","type":"nstring","uniqueName":"Header_handling_amount","label":"Header_handling_amount","parentObject":"FF_InvoiceOk2Pay_FromCoupa.csv","pcType":"UNISTRING","precision":255,"scale":0,"columnIndex":18,"isKey":false,"isExternalId":false,"isSfIdLookup":false,"isNullable":true,"isUnique":false,"isCreateable":false,"isUpdateable":true,"isFilterable":true,"isCalculated":false,"showLabel":false,"naturalOrder":0,"linkedFields":["XFK_Invoice_Header"],"relatedInfos":[],"references":[]},"lookup":{"@type":"lookup","id":"4886","connectionId":"@6ey2Cmo3PaHcsThnJ0TYui","object":"FF_InvoiceOk2Pay_FromCoupa_Header.csv","objectLabel":"FF_InvoiceOk2Pay_FromCoupa_Header.csv","outputField":{"@type":"field","id":2351159,"name":"Header_handling_amount","type":"nstring","uniqueName":"Header_handling_amount","label":"Header_handling_amount","parentObject":"FF_InvoiceOk2Pay_FromCoupa_Header.csv","pcType":"UNISTRING","precision":255,"scale":0,"columnIndex":17,"isKey":false,"isExternalId":false,"isSfIdLookup":false,"isNullable":true,"isUnique":false,"isCreateable":false,"isUpdateable":true,"isFilterable":true,"isCalculated":false,"showLabel":true,"naturalOrder":0,"linkedFields":[],"relatedInfos":[],"references":[]},"multiplicityError":false,"settings":{"@type":"taskDataSourceSetting","isShowLabels":false,"isNaturalOrder":true},"objectRelations":[{"@type":"objectRelationExt","object1":"FF_InvoiceOk2Pay_FromCoupa_LineItems.csv","object2":"FF_InvoiceOk2Pay_FromCoupa_Header.csv","field1":{"@type":"field","id":2351160,"name":"XFK_Invoice_Header","type":"nstring","uniqueName":"XFK_Invoice_Header","label":"XFK_Invoice_Header","parentObject":"FF_InvoiceOk2Pay_FromCoupa_LineItems.csv","pcType":"UNISTRING","precision":255,"scale":0,"columnIndex":0,"isKey":false,"isExternalId":false,"isSfIdLookup":false,"isNullable":true,"isUnique":false,"isCreateable":false,"isUpdateable":true,"isFilterable":true,"isCalculated":false,"showLabel":true,"naturalOrder":0,"linkedFields":[],"relatedInfos":[],"references":[]},"field2":{"@type":"field","id":2351161,"name":"XPK_Invoice_Header","type":"string","uniqueName":"XPK_Invoice_Header","label":"XPK_Invoice_Header","parentObject":"FF_InvoiceOk2Pay_FromCoupa_Header.csv","pcType":"STRING","precision":255,"scale":0,"columnIndex":0,"isKey":false,"isExternalId":false,"isSfIdLookup":false,"isNullable":true,"isUnique":false,"isCreateable":false,"isUpdateable":true,"isFilterable":true,"isCalculated":false,"showLabel":true,"naturalOrder":0,"linkedFields":[],"relatedInfos":[],"references":[]}}]}},{"@type":"fieldMap","id":"955208","targetField":{"@type":"field","id":2351162,"name":"Header_CreatedDate","type":"nstring","uniqueName":"Header_CreatedDate","label":"Header_CreatedDate","parentObject":"FF_InvoiceOk2Pay_FromCoupa.csv","pcType":"UNISTRING","precision":255,"scale":0,"columnIndex":19,"isKey":false,"isExternalId":false,"isSfIdLookup":false,"isNullable":true,"isUnique":false,"isCreateable":false,"isUpdateable":true,"isFilterable":true,"isCalculated":false,"showLabel":false,"naturalOrder":0,"linkedFields":["XFK_Invoice_Header"],"relatedInfos":[],"references":[]},"lookup":{"@type":"lookup","id":"4887","connectionId":"@6ey2Cmo3PaHcsThnJ0TYui","object":"FF_InvoiceOk2Pay_FromCoupa_Header.csv","objectLabel":"FF_InvoiceOk2Pay_FromCoupa_Header.csv","outputField":{"@type":"field","id":2351163,"name":"Header_CreatedDate","type":"nstring","uniqueName":"Header_CreatedDate","label":"Header_CreatedDate","parentObject":"FF_InvoiceOk2Pay_FromCoupa_Header.csv","pcType":"UNISTRING","precision":255,"scale":0,"columnIndex":18,"isKey":false,"isExternalId":false,"isSfIdLookup":false,"isNullable":true,"isUnique":false,"isCreateable":false,"isUpdateable":true,"isFilterable":true,"isCalculated":false,"showLabel":true,"naturalOrder":0,"linkedFields":[],"relatedInfos":[],"references":[]},"multiplicityError":true,"settings":{"@type":"taskDataSourceSetting","isShowLabels":false,"isNaturalOrder":true},"objectRelations":[{"@type":"objectRelationExt","object1":"FF_InvoiceOk2Pay_FromCoupa_LineItems.csv","object2":"FF_InvoiceOk2Pay_FromCoupa_Header.csv","field1":{"@type":"field","id":2351164,"name":"XFK_Invoice_Header","type":"nstring","uniqueName":"XFK_Invoice_Header","label":"XFK_Invoice_Header","parentObject":"FF_InvoiceOk2Pay_FromCoupa_LineItems.csv","pcType":"UNISTRING","precision":255,"scale":0,"columnIndex":0,"isKey":false,"isExternalId":false,"isSfIdLookup":false,"isNullable":true,"isUnique":false,"isCreateable":false,"isUpdateable":true,"isFilterable":true,"isCalculated":false,"showLabel":true,"naturalOrder":0,"linkedFields":[],"relatedInfos":[],"references":[]},"field2":{"@type":"field","id":2351165,"name":"XPK_Invoice_Header","type":"string","uniqueName":"XPK_Invoice_Header","label":"XPK_Invoice_Header","parentObject":"FF_InvoiceOk2Pay_FromCoupa_Header.csv","pcType":"STRING","precision":255,"scale":0,"columnIndex":0,"isKey":false,"isExternalId":false,"isSfIdLookup":false,"isNullable":true,"isUnique":false,"isCreateable":false,"isUpdateable":true,"isFilterable":true,"isCalculated":false,"showLabel":true,"naturalOrder":0,"linkedFields":[],"relatedInfos":[],"references":[]}}]}},{"@type":"fieldMap","id":"955209","targetField":{"@type":"field","id":2351166,"name":"Header_VendorBill_ExistsInNetSuite","type":"nstring","uniqueName":"Header_VendorBill_ExistsInNetSuite","label":"Header_VendorBill_ExistsInNetSuite","parentObject":"FF_InvoiceOk2Pay_FromCoupa.csv","pcType":"UNISTRING","precision":255,"scale":0,"columnIndex":20,"isKey":false,"isExternalId":false,"isSfIdLookup":false,"isNullable":true,"isUnique":false,"isCreateable":false,"isUpdateable":true,"isFilterable":true,"isCalculated":false,"showLabel":false,"naturalOrder":0,"linkedFields":["XFK_Invoice_Header"],"relatedInfos":[],"references":[]},"lookup":{"@type":"lookup","id":"4888","connectionId":"@6ey2Cmo3PaHcsThnJ0TYui","object":"FF_InvoiceOk2Pay_FromCoupa_Header.csv","objectLabel":"FF_InvoiceOk2Pay_FromCoupa_Header.csv","outputField":{"@type":"field","id":2351167,"name":"Header_VendorBill_ExistsInNetSuite","type":"nstring","uniqueName":"Header_VendorBill_ExistsInNetSuite","label":"Header_VendorBill_ExistsInNetSuite","parentObject":"FF_InvoiceOk2Pay_FromCoupa_Header.csv","pcType":"UNISTRING","precision":255,"scale":0,"columnIndex":19,"isKey":false,"isExternalId":false,"isSfIdLookup":false,"isNullable":true,"isUnique":false,"isCreateable":false,"isUpdateable":true,"isFilterable":true,"isCalculated":false,"showLabel":true,"naturalOrder":0,"linkedFields":[],"relatedInfos":[],"references":[]},"multiplicityError":true,"settings":{"@type":"taskDataSourceSetting","isShowLabels":false,"isNaturalOrder":true},"objectRelations":[{"@type":"objectRelationExt","object1":"FF_InvoiceOk2Pay_FromCoupa_LineItems.csv","object2":"FF_InvoiceOk2Pay_FromCoupa_Header.csv","field1":{"@type":"field","id":2351168,"name":"XFK_Invoice_Header","type":"nstring","uniqueName":"XFK_Invoice_Header","label":"XFK_Invoice_Header","parentObject":"FF_InvoiceOk2Pay_FromCoupa_LineItems.csv","pcType":"UNISTRING","precision":255,"scale":0,"columnIndex":0,"isKey":false,"isExternalId":false,"isSfIdLookup":false,"isNullable":true,"isUnique":false,"isCreateable":false,"isUpdateable":true,"isFilterable":true,"isCalculated":false,"showLabel":true,"naturalOrder":0,"linkedFields":[],"relatedInfos":[],"references":[]},"field2":{"@type":"field","id":2351169,"name":"XPK_Invoice_Header","type":"string","uniqueName":"XPK_Invoice_Header","label":"XPK_Invoice_Header","parentObject":"FF_InvoiceOk2Pay_FromCoupa_Header.csv","pcType":"STRING","precision":255,"scale":0,"columnIndex":0,"isKey":false,"isExternalId":false,"isSfIdLookup":false,"isNullable":true,"isUnique":false,"isCreateable":false,"isUpdateable":true,"isFilterable":true,"isCalculated":false,"showLabel":true,"naturalOrder":0,"linkedFields":[],"relatedInfos":[],"references":[]}}]}},{"@type":"fieldMap","id":"955210","targetField":{"@type":"field","id":2351170,"name":"Header_VendorCredit_ExistsInNetSuite","type":"nstring","uniqueName":"Header_VendorCredit_ExistsInNetSuite","label":"Header_VendorCredit_ExistsInNetSuite","parentObject":"FF_InvoiceOk2Pay_FromCoupa.csv","pcType":"UNISTRING","precision":255,"scale":0,"columnIndex":21,"isKey":false,"isExternalId":false,"isSfIdLookup":false,"isNullable":true,"isUnique":false,"isCreateable":false,"isUpdateable":true,"isFilterable":true,"isCalculated":false,"showLabel":false,"naturalOrder":0,"linkedFields":["XFK_Invoice_Header"],"relatedInfos":[],"references":[]},"lookup":{"@type":"lookup","id":"4889","connectionId":"@6ey2Cmo3PaHcsThnJ0TYui","object":"FF_InvoiceOk2Pay_FromCoupa_Header.csv","objectLabel":"FF_InvoiceOk2Pay_FromCoupa_Header.csv","outputField":{"@type":"field","id":2351171,"name":"Header_VendorCredit_ExistsInNetSuite","type":"nstring","uniqueName":"Header_VendorCredit_ExistsInNetSuite","label":"Header_VendorCredit_ExistsInNetSuite","parentObject":"FF_InvoiceOk2Pay_FromCoupa_Header.csv","pcType":"UNISTRING","precision":255,"scale":0,"columnIndex":20,"isKey":false,"isExternalId":false,"isSfIdLookup":false,"isNullable":true,"isUnique":false,"isCreateable":false,"isUpdateable":true,"isFilterable":true,"isCalculated":false,"showLabel":true,"naturalOrder":0,"linkedFields":[],"relatedInfos":[],"references":[]},"multiplicityError":true,"settings":{"@type":"taskDataSourceSetting","isShowLabels":false,"isNaturalOrder":true},"objectRelations":[{"@type":"objectRelationExt","object1":"FF_InvoiceOk2Pay_FromCoupa_LineItems.csv","object2":"FF_InvoiceOk2Pay_FromCoupa_Header.csv","field1":{"@type":"field","id":2351172,"name":"XFK_Invoice_Header","type":"nstring","uniqueName":"XFK_Invoice_Header","label":"XFK_Invoice_Header","parentObject":"FF_InvoiceOk2Pay_FromCoupa_LineItems.csv","pcType":"UNISTRING","precision":255,"scale":0,"columnIndex":0,"isKey":false,"isExternalId":false,"isSfIdLookup":false,"isNullable":true,"isUnique":false,"isCreateable":false,"isUpdateable":true,"isFilterable":true,"isCalculated":false,"showLabel":true,"naturalOrder":0,"linkedFields":[],"relatedInfos":[],"references":[]},"field2":{"@type":"field","id":2351173,"name":"XPK_Invoice_Header","type":"string","uniqueName":"XPK_Invoice_Header","label":"XPK_Invoice_Header","parentObject":"FF_InvoiceOk2Pay_FromCoupa_Header.csv","pcType":"STRING","precision":255,"scale":0,"columnIndex":0,"isKey":false,"isExternalId":false,"isSfIdLookup":false,"isNullable":true,"isUnique":false,"isCreateable":false,"isUpdateable":true,"isFilterable":true,"isCalculated":false,"showLabel":true,"naturalOrder":0,"linkedFields":[],"relatedInfos":[],"references":[]}}]}},{"@type":"fieldMap","id":"955211","targetField":{"@type":"field","id":2351174,"name":"Header_AccountingPeriod_InternalId","type":"nstring","uniqueName":"Header_AccountingPeriod_InternalId","label":"Header_AccountingPeriod_InternalId","parentObject":"FF_InvoiceOk2Pay_FromCoupa.csv","pcType":"UNISTRING","precision":255,"scale":0,"columnIndex":22,"isKey":false,"isExternalId":false,"isSfIdLookup":false,"isNullable":true,"isUnique":false,"isCreateable":false,"isUpdateable":true,"isFilterable":true,"isCalculated":false,"showLabel":false,"naturalOrder":0,"linkedFields":[],"relatedInfos":[],"references":[]}},{"@type":"fieldMap","id":"955213","targetField":{"@type":"field","id":2351176,"name":"LineItem_CoupaLineId","type":"nstring","uniqueName":"LineItem_CoupaLineId","label":"LineItem_CoupaLineId","parentObject":"FF_InvoiceOk2Pay_FromCoupa.csv","pcType":"UNISTRING","precision":255,"scale":0,"columnIndex":23,"isKey":false,"isExternalId":false,"isSfIdLookup":false,"isNullable":true,"isUnique":false,"isCreateable":false,"isUpdateable":true,"isFilterable":true,"isCalculated":false,"showLabel":false,"naturalOrder":0,"linkedFields":["LineItem_Id"],"relatedInfos":[],"references":[]},"expression":"LineItem_Id"},{"@type":"fieldMap","id":"955215","targetField":{"@type":"field","id":2351178,"name":"LineItem_LineNumber","type":"nstring","uniqueName":"LineItem_LineNumber","label":"LineItem_LineNumber","parentObject":"FF_InvoiceOk2Pay_FromCoupa.csv","pcType":"UNISTRING","precision":255,"scale":0,"columnIndex":24,"isKey":false,"isExternalId":false,"isSfIdLookup":false,"isNullable":true,"isUnique":false,"isCreateable":false,"isUpdateable":true,"isFilterable":true,"isCalculated":false,"showLabel":false,"naturalOrder":0,"linkedFields":["LineItem_LineNumber"],"relatedInfos":[],"references":[]},"expression":"LineItem_LineNumber"},{"@type":"fieldMap","id":"955217","targetField":{"@type":"field","id":2351180,"name":"LineItem_memo","type":"nstring","uniqueName":"LineItem_memo","label":"LineItem_memo","parentObject":"FF_InvoiceOk2Pay_FromCoupa.csv","pcType":"UNISTRING","precision":255,"scale":0,"columnIndex":25,"isKey":false,"isExternalId":false,"isSfIdLookup":false,"isNullable":true,"isUnique":false,"isCreateable":false,"isUpdateable":true,"isFilterable":true,"isCalculated":false,"showLabel":false,"naturalOrder":0,"linkedFields":["LineItem_description"],"relatedInfos":[],"references":[]},"expression":"LineItem_description"},{"@type":"fieldMap","id":"955218","targetField":{"@type":"field","id":2351182,"name":"LineItem_amount","type":"nstring","uniqueName":"LineItem_amount","label":"LineItem_amount","parentObject":"FF_InvoiceOk2Pay_FromCoupa.csv","pcType":"UNISTRING","precision":255,"scale":0,"columnIndex":26,"isKey":false,"isExternalId":false,"isSfIdLookup":false,"isNullable":true,"isUnique":false,"isCreateable":false,"isUpdateable":true,"isFilterable":true,"isCalculated":false,"showLabel":false,"naturalOrder":0,"linkedFields":["LineItem_total"],"relatedInfos":[],"references":[]},"expression":"LineItem_total"},{"@type":"fieldMap","id":"955220","targetField":{"@type":"field","id":2351183,"name":"LineItem_account_number","type":"nstring","uniqueName":"LineItem_account_number","label":"LineItem_account_number","parentObject":"FF_InvoiceOk2Pay_FromCoupa.csv","pcType":"UNISTRING","precision":255,"scale":0,"columnIndex":27,"isKey":false,"isExternalId":false,"isSfIdLookup":false,"isNullable":true,"isUnique":false,"isCreateable":false,"isUpdateable":true,"isFilterable":true,"isCalculated":false,"showLabel":false,"naturalOrder":0,"linkedFields":["LineItem_account_number"],"relatedInfos":[],"references":[]},"expression":"LineItem_account_number"},{"@type":"fieldMap","id":"955222","targetField":{"@type":"field","id":2351185,"name":"LineItem_amortization","type":"nstring","uniqueName":"LineItem_amortization","label":"LineItem_amortization","parentObject":"FF_InvoiceOk2Pay_FromCoupa.csv","pcType":"UNISTRING","precision":255,"scale":0,"columnIndex":28,"isKey":false,"isExternalId":false,"isSfIdLookup":false,"isNullable":true,"isUnique":false,"isCreateable":false,"isUpdateable":true,"isFilterable":true,"isCalculated":false,"showLabel":false,"naturalOrder":0,"linkedFields":["LineItem_amortization"],"relatedInfos":[],"references":[]},"expression":"LineItem_amortization"},{"@type":"fieldMap","id":"955224","targetField":{"@type":"field","id":2351187,"name":"LineItem_amortizstartdate","type":"nstring","uniqueName":"LineItem_amortizstartdate","label":"LineItem_amortizstartdate","parentObject":"FF_InvoiceOk2Pay_FromCoupa.csv","pcType":"UNISTRING","precision":255,"scale":0,"columnIndex":29,"isKey":false,"isExternalId":false,"isSfIdLookup":false,"isNullable":true,"isUnique":false,"isCreateable":false,"isUpdateable":true,"isFilterable":true,"isCalculated":false,"showLabel":false,"naturalOrder":0,"linkedFields":["LineItem_amortizstartdate"],"relatedInfos":[],"references":[]},"expression":"LineItem_amortizstartdate"},{"@type":"fieldMap","id":"955226","targetField":{"@type":"field","id":2351189,"name":"LineItem_amortizationenddate","type":"nstring","uniqueName":"LineItem_amortizationenddate","label":"LineItem_amortizationenddate","parentObject":"FF_InvoiceOk2Pay_FromCoupa.csv","pcType":"UNISTRING","precision":255,"scale":0,"columnIndex":30,"isKey":false,"isExternalId":false,"isSfIdLookup":false,"isNullable":true,"isUnique":false,"isCreateable":false,"isUpdateable":true,"isFilterable":true,"isCalculated":false,"showLabel":false,"naturalOrder":0,"linkedFields":["LineItem_amortizationenddate"],"relatedInfos":[],"references":[]},"expression":"LineItem_amortizationenddate"},{"@type":"fieldMap","id":"955228","targetField":{"@type":"field","id":2351191,"name":"LineItem_location_name","type":"nstring","uniqueName":"LineItem_location_name","label":"LineItem_location_name","parentObject":"FF_InvoiceOk2Pay_FromCoupa.csv","pcType":"UNISTRING","precision":255,"scale":0,"columnIndex":31,"isKey":false,"isExternalId":false,"isSfIdLookup":false,"isNullable":true,"isUnique":false,"isCreateable":false,"isUpdateable":true,"isFilterable":true,"isCalculated":false,"showLabel":false,"naturalOrder":0,"linkedFields":["LineItem_location_name"],"relatedInfos":[],"references":[]},"expression":"LineItem_location_name"},{"@type":"fieldMap","id":"955229","targetField":{"@type":"field","id":2351193,"name":"LineItem_custcol_po_number","type":"nstring","uniqueName":"LineItem_custcol_po_number","label":"LineItem_custcol_po_number","parentObject":"FF_InvoiceOk2Pay_FromCoupa.csv","pcType":"UNISTRING","precision":255,"scale":0,"columnIndex":32,"isKey":false,"isExternalId":false,"isSfIdLookup":false,"isNullable":true,"isUnique":false,"isCreateable":false,"isUpdateable":true,"isFilterable":true,"isCalculated":false,"showLabel":false,"naturalOrder":0,"linkedFields":["LineItem_po_number"],"relatedInfos":[],"references":[]},"expression":"LineItem_po_number"},{"@type":"fieldMap","id":"955231","targetField":{"@type":"field","id":2351194,"name":"LineItem_department_internalid","type":"nstring","uniqueName":"LineItem_department_internalid","label":"LineItem_department_internalid","parentObject":"FF_InvoiceOk2Pay_FromCoupa.csv","pcType":"UNISTRING","precision":255,"scale":0,"columnIndex":33,"isKey":false,"isExternalId":false,"isSfIdLookup":false,"isNullable":true,"isUnique":false,"isCreateable":false,"isUpdateable":true,"isFilterable":true,"isCalculated":false,"showLabel":false,"naturalOrder":0,"linkedFields":["LineItem_department_segment_3"],"relatedInfos":[],"references":[]},"expression":"LineItem_department_segment_3"},{"@type":"fieldMap","id":"955233","targetField":{"@type":"field","id":2351196,"name":"SupplierLookup_forSecondCheck","type":"nstring","uniqueName":"SupplierLookup_forSecondCheck","label":"SupplierLookup_forSecondCheck","parentObject":"FF_InvoiceOk2Pay_FromCoupa.csv","pcType":"UNISTRING","precision":255,"scale":0,"columnIndex":34,"isKey":false,"isExternalId":false,"isSfIdLookup":false,"isNullable":true,"isUnique":false,"isCreateable":false,"isUpdateable":true,"isFilterable":true,"isCalculated":false,"showLabel":false,"naturalOrder":0,"linkedFields":[],"relatedInfos":[],"references":[]}},{"@type":"fieldMap","id":"6343874","targetField":{"@type":"field","id":19414972,"name":"Header_payment_term_code","type":"nstring","uniqueName":"Header_payment_term_code","label":"Header_payment_term_code","parentObject":"FF_InvoiceOk2Pay_FromCoupa.csv","pcType":"UNISTRING","precision":255,"scale":0,"columnIndex":35,"isKey":false,"isExternalId":false,"isSfIdLookup":false,"isNullable":true,"isUnique":false,"isCreateable":false,"isUpdateable":true,"isFilterable":true,"isCalculated":false,"showLabel":false,"naturalOrder":0,"linkedFields":["XFK_Invoice_Header"],"relatedInfos":[],"references":[]},"lookup":{"@type":"lookup","id":"26570","connectionId":"@6ey2Cmo3PaHcsThnJ0TYui","object":"FF_InvoiceOk2Pay_FromCoupa_Header.csv","objectLabel":"FF_InvoiceOk2Pay_FromCoupa_Header.csv","outputField":{"@type":"field","id":19414973,"name":"Header_payment_term_code","type":"nstring","uniqueName":"Header_payment_term_code","label":"Header_payment_term_code","parentObject":"FF_InvoiceOk2Pay_FromCoupa_Header.csv","pcType":"UNISTRING","precision":255,"scale":0,"columnIndex":21,"isKey":false,"isExternalId":false,"isSfIdLookup":false,"isNullable":true,"isUnique":false,"isCreateable":false,"isUpdateable":true,"isFilterable":true,"isCalculated":false,"showLabel":true,"naturalOrder":0,"linkedFields":[],"relatedInfos":[],"references":[]},"multiplicityError":true,"settings":{"@type":"taskDataSourceSetting","isShowLabels":false,"isNaturalOrder":true},"objectRelations":[{"@type":"objectRelationExt","object1":"FF_InvoiceOk2Pay_FromCoupa_LineItems.csv","object2":"FF_InvoiceOk2Pay_FromCoupa_Header.csv","field1":{"@type":"field","id":19414974,"name":"XFK_Invoice_Header","type":"nstring","uniqueName":"XFK_Invoice_Header","label":"XFK_Invoice_Header","parentObject":"FF_InvoiceOk2Pay_FromCoupa_LineItems.csv","pcType":"UNISTRING","precision":255,"scale":0,"columnIndex":0,"isKey":false,"isExternalId":false,"isSfIdLookup":false,"isNullable":true,"isUnique":false,"isCreateable":false,"isUpdateable":true,"isFilterable":true,"isCalculated":false,"showLabel":true,"naturalOrder":0,"linkedFields":["VendorBill_or_VendorCredit","Header_externalId","Header_trandate","Header_tranid","Header_VendorCredit_tranid","Header_duedate","Header_currency_name","Header_approvalstatus_name","Header_supplier_number","Header_account_name","Header_subsidiary_name","Header_usertotal","Header_taxtotal","Header_custbody_coupa_invoice_num","Header_misc_amount","Header_shipping_amount","Header_handling_amount","Header_CreatedDate","Header_VendorBill_ExistsInNetSuite","Header_VendorCredit_ExistsInNetSuite"],"relatedInfos":[],"references":[]},"field2":{"@type":"field","id":19414975,"name":"XPK_Invoice_Header","type":"string","uniqueName":"XPK_Invoice_Header","label":"XPK_Invoice_Header","parentObject":"FF_InvoiceOk2Pay_FromCoupa_Header.csv","pcType":"STRING","precision":255,"scale":0,"columnIndex":0,"isKey":false,"isExternalId":false,"isSfIdLookup":false,"isNullable":true,"isUnique":false,"isCreateable":false,"isUpdateable":true,"isFilterable":true,"isCalculated":false,"showLabel":true,"naturalOrder":0,"linkedFields":[],"relatedInfos":[],"references":[]}}]}}],"sourceFields":[{"@type":"field","id":19414976,"name":"XFK_Invoice_Header","type":"nstring","uniqueName":"XFK_Invoice_Header","label":"XFK_Invoice_Header","parentObject":"FF_InvoiceOk2Pay_FromCoupa_LineItems.csv","pcType":"UNISTRING","precision":255,"scale":0,"columnIndex":0,"isKey":false,"isExternalId":false,"isSfIdLookup":false,"isNullable":true,"isUnique":false,"isCreateable":false,"isUpdateable":true,"isFilterable":true,"isCalculated":false,"showLabel":false,"naturalOrder":0,"linkedFields":["VendorBill_or_VendorCredit","Header_externalId","Header_trandate","Header_tranid","Header_VendorCredit_tranid","Header_duedate","Header_currency_name","Header_approvalstatus_name","Header_supplier_number","Header_account_name","Header_subsidiary_name","Header_usertotal","Header_taxtotal","Header_custbody_coupa_invoice_num","Header_misc_amount","Header_shipping_amount","Header_handling_amount","Header_CreatedDate","Header_VendorBill_ExistsInNetSuite","Header_VendorCredit_ExistsInNetSuite","Header_payment_term_code"],"relatedInfos":[],"references":[]},{"@type":"field","id":19414977,"name":"XPK_Invoice_Line","type":"nstring","uniqueName":"XPK_Invoice_Line","label":"XPK_Invoice_Line","parentObject":"FF_InvoiceOk2Pay_FromCoupa_LineItems.csv","pcType":"UNISTRING","precision":255,"scale":0,"columnIndex":1,"isKey":false,"isExternalId":false,"isSfIdLookup":false,"isNullable":true,"isUnique":false,"isCreateable":false,"isUpdateable":true,"isFilterable":true,"isCalculated":false,"showLabel":false,"naturalOrder":0,"linkedFields":["XPK_INFA_Coupa"],"relatedInfos":[],"references":[]},{"@type":"field","id":19414978,"name":"LineItem_Id","type":"nstring","uniqueName":"LineItem_Id","label":"LineItem_Id","parentObject":"FF_InvoiceOk2Pay_FromCoupa_LineItems.csv","pcType":"UNISTRING","precision":255,"scale":0,"columnIndex":2,"isKey":false,"isExternalId":false,"isSfIdLookup":false,"isNullable":true,"isUnique":false,"isCreateable":false,"isUpdateable":true,"isFilterable":true,"isCalculated":false,"showLabel":false,"naturalOrder":0,"linkedFields":["LineItem_CoupaLineId"],"relatedInfos":[],"references":[]},{"@type":"field","id":19414979,"name":"LineItem_LineNumber","type":"nstring","uniqueName":"LineItem_LineNumber","label":"LineItem_LineNumber","parentObject":"FF_InvoiceOk2Pay_FromCoupa_LineItems.csv","pcType":"UNISTRING","precision":255,"scale":0,"columnIndex":3,"isKey":false,"isExternalId":false,"isSfIdLookup":false,"isNullable":true,"isUnique":false,"isCreateable":false,"isUpdateable":true,"isFilterable":true,"isCalculated":false,"showLabel":false,"naturalOrder":0,"linkedFields":["Header_memo","LineItem_LineNumber"],"relatedInfos":[],"references":[]},{"@type":"field","id":19414980,"name":"LineItem_description","type":"nstring","uniqueName":"LineItem_description","label":"LineItem_description","parentObject":"FF_InvoiceOk2Pay_FromCoupa_LineItems.csv","pcType":"UNISTRING","precision":255,"scale":0,"columnIndex":4,"isKey":false,"isExternalId":false,"isSfIdLookup":false,"isNullable":true,"isUnique":false,"isCreateable":false,"isUpdateable":true,"isFilterable":true,"isCalculated":false,"showLabel":false,"naturalOrder":0,"linkedFields":["Header_memo","LineItem_memo"],"relatedInfos":[],"references":[]},{"@type":"field","id":19414981,"name":"LineItem_total","type":"nstring","uniqueName":"LineItem_total","label":"LineItem_total","parentObject":"FF_InvoiceOk2Pay_FromCoupa_LineItems.csv","pcType":"UNISTRING","precision":255,"scale":0,"columnIndex":5,"isKey":false,"isExternalId":false,"isSfIdLookup":false,"isNullable":true,"isUnique":false,"isCreateable":false,"isUpdateable":true,"isFilterable":true,"isCalculated":false,"showLabel":false,"naturalOrder":0,"linkedFields":["LineItem_amount"],"relatedInfos":[],"references":[]},{"@type":"field","id":19414982,"name":"LineItem_account_number","type":"nstring","uniqueName":"LineItem_account_number","label":"LineItem_account_number","parentObject":"FF_InvoiceOk2Pay_FromCoupa_LineItems.csv","pcType":"UNISTRING","precision":255,"scale":0,"columnIndex":6,"isKey":false,"isExternalId":false,"isSfIdLookup":false,"isNullable":true,"isUnique":false,"isCreateable":false,"isUpdateable":true,"isFilterable":true,"isCalculated":false,"showLabel":false,"naturalOrder":0,"linkedFields":["LineItem_account_number"],"relatedInfos":[],"references":[]},{"@type":"field","id":19414983,"name":"LineItem_amortization","type":"nstring","uniqueName":"LineItem_amortization","label":"LineItem_amortization","parentObject":"FF_InvoiceOk2Pay_FromCoupa_LineItems.csv","pcType":"UNISTRING","precision":255,"scale":0,"columnIndex":7,"isKey":false,"isExternalId":false,"isSfIdLookup":false,"isNullable":true,"isUnique":false,"isCreateable":false,"isUpdateable":true,"isFilterable":true,"isCalculated":false,"showLabel":false,"naturalOrder":0,"linkedFields":["LineItem_amortization"],"relatedInfos":[],"references":[]},{"@type":"field","id":19414984,"name":"LineItem_amortizstartdate","type":"nstring","uniqueName":"LineItem_amortizstartdate","label":"LineItem_amortizstartdate","parentObject":"FF_InvoiceOk2Pay_FromCoupa_LineItems.csv","pcType":"UNISTRING","precision":255,"scale":0,"columnIndex":8,"isKey":false,"isExternalId":false,"isSfIdLookup":false,"isNullable":true,"isUnique":false,"isCreateable":false,"isUpdateable":true,"isFilterable":true,"isCalculated":false,"showLabel":false,"naturalOrder":0,"linkedFields":["LineItem_amortizstartdate"],"relatedInfos":[],"references":[]},{"@type":"field","id":19414985,"name":"LineItem_amortizationenddate","type":"nstring","uniqueName":"LineItem_amortizationenddate","label":"LineItem_amortizationenddate","parentObject":"FF_InvoiceOk2Pay_FromCoupa_LineItems.csv","pcType":"UNISTRING","precision":255,"scale":0,"columnIndex":9,"isKey":false,"isExternalId":false,"isSfIdLookup":false,"isNullable":true,"isUnique":false,"isCreateable":false,"isUpdateable":true,"isFilterable":true,"isCalculated":false,"showLabel":false,"naturalOrder":0,"linkedFields":["LineItem_amortizationenddate"],"relatedInfos":[],"references":[]},{"@type":"field","id":19414986,"name":"LineItem_location_name","type":"nstring","uniqueName":"LineItem_location_name","label":"LineItem_location_name","parentObject":"FF_InvoiceOk2Pay_FromCoupa_LineItems.csv","pcType":"UNISTRING","precision":255,"scale":0,"columnIndex":10,"isKey":false,"isExternalId":false,"isSfIdLookup":false,"isNullable":true,"isUnique":false,"isCreateable":false,"isUpdateable":true,"isFilterable":true,"isCalculated":false,"showLabel":false,"naturalOrder":0,"linkedFields":["LineItem_location_name"],"relatedInfos":[],"references":[]},{"@type":"field","id":19414987,"name":"LineItem_po_number","type":"nstring","uniqueName":"LineItem_po_number","label":"LineItem_po_number","parentObject":"FF_InvoiceOk2Pay_FromCoupa_LineItems.csv","pcType":"UNISTRING","precision":255,"scale":0,"columnIndex":11,"isKey":false,"isExternalId":false,"isSfIdLookup":false,"isNullable":true,"isUnique":false,"isCreateable":false,"isUpdateable":true,"isFilterable":true,"isCalculated":false,"showLabel":false,"naturalOrder":0,"linkedFields":["LineItem_custcol_po_number"],"relatedInfos":[],"references":[]},{"@type":"field","id":19414988,"name":"LineItem_company_segment_1","type":"nstring","uniqueName":"LineItem_company_segment_1","label":"LineItem_company_segment_1","parentObject":"FF_InvoiceOk2Pay_FromCoupa_LineItems.csv","pcType":"UNISTRING","precision":255,"scale":0,"columnIndex":12,"isKey":false,"isExternalId":false,"isSfIdLookup":false,"isNullable":true,"isUnique":false,"isCreateable":false,"isUpdateable":true,"isFilterable":true,"isCalculated":false,"showLabel":false,"naturalOrder":0,"linkedFields":[],"relatedInfos":[],"references":[]},{"@type":"field","id":19414989,"name":"LineItem_account_segment_2","type":"nstring","uniqueName":"LineItem_account_segment_2","label":"LineItem_account_segment_2","parentObject":"FF_InvoiceOk2Pay_FromCoupa_LineItems.csv","pcType":"UNISTRING","precision":255,"scale":0,"columnIndex":13,"isKey":false,"isExternalId":false,"isSfIdLookup":false,"isNullable":true,"isUnique":false,"isCreateable":false,"isUpdateable":true,"isFilterable":true,"isCalculated":false,"showLabel":false,"naturalOrder":0,"linkedFields":[],"relatedInfos":[],"references":[]},{"@type":"field","id":19414990,"name":"LineItem_department_segment_3","type":"nstring","uniqueName":"LineItem_department_segment_3","label":"LineItem_department_segment_3","parentObject":"FF_InvoiceOk2Pay_FromCoupa_LineItems.csv","pcType":"UNISTRING","precision":255,"scale":0,"columnIndex":14,"isKey":false,"isExternalId":false,"isSfIdLookup":false,"isNullable":true,"isUnique":false,"isCreateable":false,"isUpdateable":true,"isFilterable":true,"isCalculated":false,"showLabel":false,"naturalOrder":0,"linkedFields":["LineItem_department_internalid"],"relatedInfos":[],"references":[]}],"sortFields":[],"groupFields":[]}]