[{"@type":"mtTask","id":"@1","name":"mct_Salesforce_To_RevProFile_LoadEvents_MileStones","description":"","runtimeEnvironmentId":"@3qLOIwmEi8HlSgV9ggzWkn","postProcessingCmd":"cp -f $PMRootDir/stage/FF_SFDC_To_RevProFile_606_MileStoneAmountEvents.csv $PMRootDir/stage/Archive/RevPro/FF_SFDC_To_RevProFile_606_MileStoneAmountEvents_$(date +%Y%m%d%H%M%S).csv && cp -f $PMRootDir/stage/FF_SFDC_To_RevProFile_606_MileStoneAmountEvents.csv $PMRootDir/stage/ICRT/ && cp -f $PMRootDir/stage/FF_SFDC_To_RevProFile_606_MileStonePercentEvents.csv $PMRootDir/stage/Archive/RevPro/FF_SFDC_To_RevProFile_606_MileStonePercentEvents_$(date +%Y%m%d%H%M%S).csv && cp -f $PMRootDir/stage/FF_SFDC_To_RevProFile_606_MileStonePercentEvents.csv $PMRootDir/stage/ICRT/","maxLogs":10,"verbose":false,"lastRunTime":1590785530000,"mappingId":"@0OWRMB1vL5EdPppdavf5yL","shortDescription":"","sessionProperties":{},"enableCrossSchemaPushdown":true,"autoTunedApplied":false,"parameterFileEncoding":"UTF-8","parameters":[{"@type":"mtTaskParameter","id":85584352,"name":"$Src_SFDC_BillingEventItem_Milestone$","type":"EXTENDED_SOURCE","label":"Src_SFDC_BillingEventItem_Milestone","uiProperties":{"connectionParameterized":"false","isMsrcFilterParameterized":"false","isMsrcSortParameterized":"false","objectParameterized":"false","visible":"false"},"sourceConnectionId":"@2CjV79tAT4nicr3VedQp4y","newFlatFile":false,"newObject":false,"showBusinessNames":false,"naturalOrder":true,"truncateTarget":false,"bulkApiDBTarget":false,"customFuncCfg":{"@type":"customFuncConfig","id":-1,"connections":[],"inputMap":[],"outputFields":[]},"tgtFieldRefs":{},"targetUpdateColumns":[],"extendedObject":{"@type":"extendedObject","object":{"@type":"mObject","name":"pse__Billing_Event_Item__c","label":"Billing Event Item","metadataUpdated":false,"relations":[],"children":[{"@type":"mObject","name":"pse__Milestone__c","label":"pse__Milestone__c","metadataUpdated":false,"relations":[{"@type":"objectRelation","object1":"pse__Milestone__c","object2":"pse__Billing_Event_Item__c","field1":"Id","field2":"pse__Milestone__c","relationshipName":"pse__Milestone__r","relationshipType":"Child","joinType":"INNER","joinOperator":"EQUALS"}],"children":[{"@type":"mObject","name":"OrderItem","label":"OrderItem","metadataUpdated":false,"relations":[{"@type":"objectRelation","object1":"OrderItem","object2":"pse__Milestone__c","field1":"Id","field2":"Order_Product__c","relationshipName":"Order_Product__r","relationshipType":"Child","joinType":"INNER","joinOperator":"EQUALS"}],"children":[{"@type":"mObject","name":"PricebookEntry","label":"PricebookEntry","metadataUpdated":false,"relations":[{"@type":"objectRelation","object1":"PricebookEntry","object2":"OrderItem","field1":"Id","field2":"PricebookEntryId","relationshipName":"PricebookEntry","relationshipType":"Child","joinType":"INNER","joinOperator":"EQUALS"}],"children":[{"@type":"mObject","name":"Product2","label":"Product2","metadataUpdated":false,"relations":[{"@type":"objectRelation","object1":"Product2","object2":"PricebookEntry","field1":"Id","field2":"Product2Id","relationshipName":"Product2","relationshipType":"Child","joinType":"INNER","joinOperator":"EQUALS"}],"children":[]}]}]}]}]},"filters":[],"sortFields":[]},"runtimeAttrs":{},"isRESTModernSource":true,"isFileList":false,"handleSpecialChars":false,"frsAsset":false,"dynamicFileName":false,"tgtObjectAttributes":{},"runtimeParameterData":{"@type":"mtTaskRuntimeParameterData","isConnectionRuntimeParameter":false,"isObjectRuntimeParameter":false},"overriddenFields":[]},{"@type":"mtTaskParameter","id":85584353,"name":"$Tgt_FF_SFDC_MilestoneEventItems_SentToRevPro$","type":"TARGET","label":"Tgt_FF_SFDC_MilestoneEventItems_SentToRevPro","uiProperties":{"connectionParameterized":"false","objectParameterized":"false","visible":"false","defaultTargetUpdateColumns":""},"targetConnectionId":"@8Qp1Vvtik7ejRmnNM3lSiT","targetObject":"FF_SFDC_MilestoneEventItems_SentToRevPro.csv","targetObjectLabel":"FF_SFDC_MilestoneEventItems_SentToRevPro.csv","newFlatFile":false,"newObject":false,"showBusinessNames":false,"naturalOrder":true,"truncateTarget":false,"bulkApiDBTarget":false,"operationType":"Insert","tgtFFAttrs":{"@type":"flatFileAttrs","id":1562041,"delimiter":",","textQualifier":"\"","escapeChar":"","headerLineNo":1},"customFuncCfg":{"@type":"customFuncConfig","id":-1,"connections":[],"inputMap":[],"outputFields":[]},"tgtFieldRefs":{},"targetUpdateColumns":[],"extendedObject":{"@type":"extendedObject","filters":[],"sortFields":[]},"runtimeAttrs":{},"isRESTModernSource":true,"isFileList":false,"handleSpecialChars":false,"frsAsset":false,"dynamicFileName":false,"tgtObjectAttributes":{},"runtimeParameterData":{"@type":"mtTaskRuntimeParameterData","isConnectionRuntimeParameter":false,"isObjectRuntimeParameter":false},"overriddenFields":[]},{"@type":"mtTaskParameter","id":85584354,"name":"$Tgt_FF_SFDC_To_RevProFile_606_MileStoneAmountEvents$","type":"TARGET","label":"Tgt_FF_SFDC_To_RevProFile_606_MileStoneAmountEvents","uiProperties":{"connectionParameterized":"false","objectParameterized":"false","visible":"false","defaultTargetUpdateColumns":""},"targetConnectionId":"@8Qp1Vvtik7ejRmnNM3lSiT","targetObject":"FF_SFDC_To_RevProFile_606_MileStoneAmountEvents.csv","targetObjectLabel":"FF_SFDC_To_RevProFile_606_MileStoneAmountEvents.csv","newFlatFile":false,"newObject":false,"showBusinessNames":false,"naturalOrder":true,"truncateTarget":false,"bulkApiDBTarget":false,"operationType":"Insert","tgtFFAttrs":{"@type":"flatFileAttrs","id":1562042,"delimiter":",","textQualifier":"\"","escapeChar":"","headerLineNo":1},"customFuncCfg":{"@type":"customFuncConfig","id":-1,"connections":[],"inputMap":[],"outputFields":[]},"tgtFieldRefs":{},"targetUpdateColumns":[],"extendedObject":{"@type":"extendedObject","filters":[],"sortFields":[]},"runtimeAttrs":{},"isRESTModernSource":true,"isFileList":false,"handleSpecialChars":false,"frsAsset":false,"dynamicFileName":false,"tgtObjectAttributes":{},"runtimeParameterData":{"@type":"mtTaskRuntimeParameterData","isConnectionRuntimeParameter":false,"isObjectRuntimeParameter":false},"overriddenFields":[]},{"@type":"mtTaskParameter","id":85584355,"name":"$Tgt_FF_SFDC_To_RevProFile_606_MileStonePercentEvents$","type":"TARGET","label":"Tgt_FF_SFDC_To_RevProFile_606_MileStonePercentEvents","uiProperties":{"connectionParameterized":"false","objectParameterized":"false","visible":"false","defaultTargetUpdateColumns":""},"targetConnectionId":"@8Qp1Vvtik7ejRmnNM3lSiT","targetObject":"FF_SFDC_To_RevProFile_606_MileStonePercentEvents.csv","targetObjectLabel":"FF_SFDC_To_RevProFile_606_MileStonePercentEvents.csv","newFlatFile":false,"newObject":false,"showBusinessNames":false,"naturalOrder":true,"truncateTarget":false,"bulkApiDBTarget":false,"operationType":"Insert","tgtFFAttrs":{"@type":"flatFileAttrs","id":1562043,"delimiter":",","textQualifier":"\"","escapeChar":"","headerLineNo":1},"customFuncCfg":{"@type":"customFuncConfig","id":-1,"connections":[],"inputMap":[],"outputFields":[]},"tgtFieldRefs":{},"targetUpdateColumns":[],"extendedObject":{"@type":"extendedObject","filters":[],"sortFields":[]},"runtimeAttrs":{},"isRESTModernSource":true,"isFileList":false,"handleSpecialChars":false,"frsAsset":false,"dynamicFileName":false,"tgtObjectAttributes":{},"runtimeParameterData":{"@type":"mtTaskRuntimeParameterData","isConnectionRuntimeParameter":false,"isObjectRuntimeParameter":false},"overriddenFields":[]}],"sequences":[],"inOutParameters":[],"connRuntimeAttrs":[]}]