[{"@type":"mtTask","id":"@1","name":"mct_Snowflake_V_NEWHR_Anaplan_HC_ID_List","description":"","runtimeEnvironmentId":"@3qLOIwmEi8HlSgV9ggzWkn","maxLogs":10,"verbose":false,"lastRunTime":1563908418000,"mappingId":"@8i6Pdv53UnHltIqRYDZKYJ","shortDescription":"","sessionProperties":{},"enableCrossSchemaPushdown":true,"parameters":[{"@type":"mtTaskParameter","id":22540446,"name":"$src_Snowflake_V_NEWHR$","type":"SOURCE","label":"src_Snowflake_V_NEWHR","uiProperties":{"connectionParameterized":"false","objectParameterized":"false","visible":"false"},"sourceConnectionId":"@ki7uh3zsE6ObJYKPcVCLyY","sourceObject":"DUMMY_src_Snowflake_V_NEWHR","newFlatFile":false,"newObject":false,"showBusinessNames":false,"naturalOrder":true,"truncateTarget":false,"bulkApiDBTarget":false,"customFuncCfg":{"@type":"customFuncConfig","id":-1,"connections":[],"inputMap":[],"outputFields":[]},"tgtFieldRefs":{},"targetUpdateColumns":[],"runtimeAttrs":{},"isRESTModernSource":true,"customQuery":"SELECT UNIQUE_IDENTIFIER\nFROM \"SALES_ANALYTICS_SANDBOX\".\"SANDBOX\".\"V_NEWHR\"\nWHERE UNIQUE_IDENTIFIER IS NOT NULL ;","isFileList":false,"handleSpecialChars":false,"frsAsset":false,"tgtObjectAttributes":{},"runtimeParameterData":{"@type":"mtTaskRuntimeParameterData","isConnectionRuntimeParameter":false,"isObjectRuntimeParameter":false},"overriddenFields":[]},{"@type":"mtTaskParameter","id":22540447,"name":"$tgt_Anaplan_Refresh_HC_ID_list$","type":"TARGET","label":"tgt_Anaplan_Refresh_HC_ID_list","uiProperties":{"connectionParameterized":"false","objectParameterized":"false","visible":"false","defaultTargetUpdateColumns":""},"targetConnectionId":"@8raP8LZwSIJikTFm5cNMIu","targetObject":"IMPORT: Refresh HC ID list from Snowflake","targetObjectLabel":"IMPORT: Refresh HC ID list from Snowflake","newFlatFile":false,"newObject":false,"showBusinessNames":false,"naturalOrder":true,"truncateTarget":false,"bulkApiDBTarget":false,"operationType":"Insert","customFuncCfg":{"@type":"customFuncConfig","id":-1,"connections":[],"inputMap":[],"outputFields":[]},"tgtFieldRefs":{},"targetUpdateColumns":[],"extendedObject":{"@type":"extendedObject","filters":[],"sortFields":[]},"runtimeAttrs":{},"isRESTModernSource":true,"isFileList":false,"handleSpecialChars":false,"frsAsset":false,"tgtObjectAttributes":{},"runtimeParameterData":{"@type":"mtTaskRuntimeParameterData","isConnectionRuntimeParameter":false,"isObjectRuntimeParameter":false},"overriddenFields":[]}],"sequences":[],"inOutParameters":[],"connRuntimeAttrs":[]}]