[{"@type":"mappingTemplate","id":"@1","name":"m_CIH_Pub_FF_ART","description":"CIH publication for HRMS data from flat file","bundleVersion":"0","templateId":"@3","deployTime":1566789738000,"hasParameters":true,"valid":true,"fixedConnection":true,"hasParametersDeployed":true,"fixedConnectionDeployed":true,"tasks":1,"mappingPreviewFileRecordId":"@2","documentType":"","references":[{"@type":"reference","refObjectId":"@brwXcX8SFwdiPZrkZpvZQG","refType":"connection"},{"@type":"reference","refObjectId":"@bldthMsDfWniMcuZk5Bmcq","refType":"connection"}]}]