[{"@type":"mappingTemplate","id":"@1","name":"m_Billing_Schedule_Custom_Data_Update","description":"","bundleVersion":"0","templateId":"@3","deployTime":1605839725000,"hasParameters":false,"valid":true,"fixedConnection":true,"hasParametersDeployed":false,"fixedConnectionDeployed":true,"tasks":1,"mappingPreviewFileRecordId":"@2","documentType":"","references":[{"@type":"reference","refObjectId":"@8Qp1Vvtik7ejRmnNM3lSiT","refType":"connection"},{"@type":"reference","refObjectId":"@igjXBevWNu7hSiCsZKoDWh","refType":"connection"}]}]