[{"@type":"dssTask","id":"@1","name":"DSS_Suppliers_04_POST_XMLFile_To_Coupa","description":"","preProcessingCmd":"sh /opt/infaagent/apps/Data_Integration_Server/data/stage/Scripts/sup_xmlclean_post.sh","maxLogs":10,"sourceConnectionId":"@6ey2Cmo3PaHcsThnJ0TYui","targetConnectionId":"@aO4WEROpbP2kxnr5Gq9CE6","targetObject":"Suppliers","targetObjectLabel":"Suppliers","targetChildObjectLabel":"","operation":"Insert","maxRows":0,"truncateTarget":false,"bulkApiDBTarget":false,"verbose":false,"srcFlatFileAttrs":{"@type":"flatFileAttrs","id":44351,"delimiter":",","textQualifier":"\"","escapeChar":"","headerLineNo":1,"firstDataRow":2},"targetMetadataUpdated":false,"modelVersion":"V3-R600","queryAll":false,"srcSettings":{"@type":"taskDataSourceSetting","isShowLabels":false,"isNaturalOrder":true},"tgtSettings":{"@type":"taskDataSourceSetting","isShowLabels":true,"isNaturalOrder":true},"cfSettings":{"@type":"taskDataSourceSetting","isShowLabels":false,"isNaturalOrder":true},"bulkApi":false,"bulkApiSerialMode":false,"bulkApiMonitor":false,"isTargetObjectSfCustom":false,"allowNullUpdates":false,"targetBatchSize":200,"assignmentRuleId":"-1","assignmentRuleType":"None","createSuccessFile":false,"bulkApiHardDelete":false,"srcRuntimeAttrs":{"@type":"taskRuntimeAttrs","attrs":{}},"tgtRuntimeAttrs":{"@type":"taskRuntimeAttrs","attrs":{"Ignore empty payload file":"1","Error payload directory":"","Success File Directory":"","Error File Directory":"/opt/infaagent/apps/Data_Integration_Server/data/stage/Coupa/Response"}},"sourceObjects":[{"@type":"mObject","name":"FF_XMLPayLoad_Suppliers_POST.csv","label":"FF_XMLPayLoad_Suppliers_POST.csv","metadataUpdated":false,"relations":[],"children":[]}],"advancedFilters":[],"filters":[],"fieldMaps":[{"@type":"fieldMap","id":"959106","targetField":{"@type":"field","id":2360469,"name":"Request_Payload_File","type":"string","uniqueName":"Request_Payload_File","label":"Request_Payload_File","parentObject":"Suppliers","pcType":"NSTRING","precision":255,"scale":0,"columnIndex":-1,"isKey":false,"isExternalId":false,"isSfIdLookup":false,"isNullable":true,"isUnique":false,"isCreateable":false,"isUpdateable":true,"isFilterable":false,"isCalculated":false,"javaType":"java.lang.String","showLabel":true,"naturalOrder":0,"linkedFields":["PayLoadFileName"],"relatedInfos":[],"references":[]},"expression":"PayLoadFileName"},{"@type":"fieldMap","id":"959107","targetField":{"@type":"field","id":2360470,"name":"Id","type":"string","uniqueName":"Id","label":"Id","parentObject":"Suppliers","pcType":"NSTRING","precision":10,"scale":0,"columnIndex":-1,"isKey":false,"isExternalId":false,"isSfIdLookup":false,"isNullable":true,"isUnique":false,"isCreateable":false,"isUpdateable":true,"isFilterable":false,"isCalculated":false,"javaType":"java.lang.String","showLabel":true,"naturalOrder":1,"linkedFields":[],"relatedInfos":[],"references":[]}},{"@type":"fieldMap","id":"959108","targetField":{"@type":"field","id":2360471,"name":"Status","type":"boolean","uniqueName":"Status","label":"Status","parentObject":"Suppliers","pcType":"SMALL_INTEGER","precision":10,"scale":0,"columnIndex":-1,"isKey":false,"isExternalId":false,"isSfIdLookup":false,"isNullable":true,"isUnique":false,"isCreateable":false,"isUpdateable":true,"isFilterable":false,"isCalculated":false,"javaType":"java.lang.Boolean","showLabel":true,"naturalOrder":2,"linkedFields":[],"relatedInfos":[],"references":[]}},{"@type":"fieldMap","id":"959109","targetField":{"@type":"field","id":2360472,"name":"Exported","type":"boolean","uniqueName":"Exported","label":"Exported","parentObject":"Suppliers","pcType":"SMALL_INTEGER","precision":10,"scale":0,"columnIndex":-1,"isKey":false,"isExternalId":false,"isSfIdLookup":false,"isNullable":true,"isUnique":false,"isCreateable":false,"isUpdateable":true,"isFilterable":false,"isCalculated":false,"javaType":"java.lang.Boolean","showLabel":true,"naturalOrder":3,"linkedFields":[],"relatedInfos":[],"references":[]}}],"sourceFields":[{"@type":"field","id":2360473,"name":"PayLoadFileName","type":"nstring","uniqueName":"PayLoadFileName","label":"PayLoadFileName","parentObject":"FF_XMLPayLoad_Suppliers_POST.csv","pcType":"UNISTRING","precision":255,"scale":0,"columnIndex":0,"isKey":false,"isExternalId":false,"isSfIdLookup":false,"isNullable":true,"isUnique":false,"isCreateable":false,"isUpdateable":true,"isFilterable":true,"isCalculated":false,"showLabel":false,"naturalOrder":0,"linkedFields":["Request_Payload_File"],"relatedInfos":[],"references":[]}],"sortFields":[],"groupFields":[]}]