[{"@type":"workflow","id":"@1","name":"TF_Netsuite_To_RevProFile_LoadTransactions_SalesOrder","description":"Sales orders from Netsuite to RevPro","maxLogs":10,"references":[{"@type":"reference","refObjectId":"@g2fIqkLnQE0gOiJarhmaGe","refType":"mtTask"},{"@type":"reference","refObjectId":"@3wjPUwI87oUipo8MTcWyOY","refType":"mtTask"},{"@type":"reference","refObjectId":"@0g1nAAMjst2jY1SqRsyroq","refType":"mtTask"}],"tasks":[{"@type":"workflowTask","taskId":"@g2fIqkLnQE0gOiJarhmaGe","type":"MTT","name":"mct_Netsuite_To_RevProFile_LoadTransactions_SalesOrder","stopOnError":true,"stopOnWarning":false},{"@type":"workflowTask","taskId":"@3wjPUwI87oUipo8MTcWyOY","type":"MTT","name":"mct_Netsuite_To_RevProFile_LoadTransactions_SalesOrder_UpdateParamFile","stopOnError":true,"stopOnWarning":false},{"@type":"workflowTask","taskId":"@0g1nAAMjst2jY1SqRsyroq","type":"MTT","name":"mct_Netsuite_To_RevProFile_LoadTransactions_SalesOrder_RA_UpdateExportedFlag","stopOnError":true,"stopOnWarning":false}]}]