[{"@type":"dssTask","id":"@1","name":"DSS_Users_02_PUT_File_To_XMLClean","description":"","errorTaskEmail":{"@type":"taskEmail","id":123214,"emails":"sri.battu@appdynamics.com","emailType":"ERROR"},"successTaskEmail":{"@type":"taskEmail","id":123215,"emails":"sri.battu@appdynamics.com","emailType":"SUCCESS"},"warningTaskEmail":{"@type":"taskEmail","id":123216,"emails":"sri.battu@appdynamics.com","emailType":"WARNING"},"maxLogs":10,"sourceConnectionId":"@8Qp1Vvtik7ejRmnNM3lSiT","targetConnectionId":"@czO9gTODjsVkWK0YzAwGKL","targetObject":"users_user","targetObjectLabel":"users_user","operation":"Insert","maxRows":0,"truncateTarget":false,"bulkApiDBTarget":false,"verbose":false,"srcFlatFileAttrs":{"@type":"flatFileAttrs","id":1149892,"delimiter":",","textQualifier":"\"","escapeChar":"","headerLineNo":1,"firstDataRow":2},"targetMetadataUpdated":false,"modelVersion":"V3-R600","queryAll":false,"srcSettings":{"@type":"taskDataSourceSetting","isShowLabels":false,"isNaturalOrder":false},"tgtSettings":{"@type":"taskDataSourceSetting","isShowLabels":true,"isNaturalOrder":true},"cfSettings":{"@type":"taskDataSourceSetting","isShowLabels":false,"isNaturalOrder":false},"bulkApi":false,"bulkApiSerialMode":false,"bulkApiMonitor":false,"isTargetObjectSfCustom":false,"allowNullUpdates":false,"targetBatchSize":200,"assignmentRuleId":"-1","assignmentRuleType":"None","createSuccessFile":false,"bulkApiHardDelete":false,"srcRuntimeAttrs":{"@type":"taskRuntimeAttrs","attrs":{}},"tgtRuntimeAttrs":{"@type":"taskRuntimeAttrs","attrs":{"Error File Directory":"","Success File Directory":""}},"parameterFileEncoding":"UTF-8","sourceObjects":[{"@type":"mObject","name":"FF_Users_Coupa_Update.csv","label":"FF_Users_Coupa_Update.csv","metadataUpdated":false,"relations":[],"children":[]}],"advancedFilters":[],"filters":[],"fieldMaps":[{"@type":"fieldMap","id":"5226800","targetField":{"@type":"field","id":15253234,"name":"manager_login","type":"string","uniqueName":"manager_login","label":"manager_login","parentObject":"users_user","pcType":"NSTRING","precision":2500,"scale":0,"columnIndex":-1,"isKey":false,"isExternalId":false,"isSfIdLookup":false,"isNullable":true,"isUnique":false,"isCreateable":false,"isUpdateable":true,"isFilterable":false,"isCalculated":false,"javaType":"java.lang.String","showLabel":true,"naturalOrder":0,"linkedFields":[],"relatedInfos":[],"references":[]}},{"@type":"fieldMap","id":"5226801","targetField":{"@type":"field","id":15253235,"name":"phone-work","type":"string","uniqueName":"phone_work","label":"phone-work","parentObject":"users_user","pcType":"NSTRING","precision":2500,"scale":0,"columnIndex":-1,"isKey":false,"isExternalId":false,"isSfIdLookup":false,"isNullable":true,"isUnique":false,"isCreateable":false,"isUpdateable":true,"isFilterable":false,"isCalculated":false,"javaType":"java.lang.String","showLabel":true,"naturalOrder":1,"linkedFields":[],"relatedInfos":[],"references":[]}},{"@type":"fieldMap","id":"5226802","targetField":{"@type":"field","id":15253236,"name":"sso-identifier","type":"string","uniqueName":"sso_identifier","label":"sso-identifier","parentObject":"users_user","pcType":"NSTRING","precision":2500,"scale":0,"columnIndex":-1,"isKey":false,"isExternalId":false,"isSfIdLookup":false,"isNullable":true,"isUnique":false,"isCreateable":false,"isUpdateable":true,"isFilterable":false,"isCalculated":false,"javaType":"java.lang.String","showLabel":true,"naturalOrder":2,"linkedFields":[],"relatedInfos":[],"references":[]}},{"@type":"fieldMap","id":"5226803","targetField":{"@type":"field","id":15253237,"name":"active","type":"string","uniqueName":"active","label":"active","parentObject":"users_user","pcType":"NSTRING","precision":2500,"scale":0,"columnIndex":-1,"isKey":false,"isExternalId":false,"isSfIdLookup":false,"isNullable":true,"isUnique":false,"isCreateable":false,"isUpdateable":true,"isFilterable":false,"isCalculated":false,"javaType":"java.lang.String","showLabel":true,"naturalOrder":3,"linkedFields":[],"relatedInfos":[],"references":[]}},{"@type":"fieldMap","id":"5226804","targetField":{"@type":"field","id":15253238,"name":"default-address_name","type":"string","uniqueName":"default_address_name","label":"default-address_name","parentObject":"users_user","pcType":"NSTRING","precision":2500,"scale":0,"columnIndex":-1,"isKey":false,"isExternalId":false,"isSfIdLookup":false,"isNullable":true,"isUnique":false,"isCreateable":false,"isUpdateable":true,"isFilterable":false,"isCalculated":false,"javaType":"java.lang.String","showLabel":true,"naturalOrder":4,"linkedFields":[],"relatedInfos":[],"references":[]}},{"@type":"fieldMap","id":"5226805","targetField":{"@type":"field","id":15253239,"name":"phone-mobile","type":"string","uniqueName":"phone_mobile","label":"phone-mobile","parentObject":"users_user","pcType":"NSTRING","precision":2500,"scale":0,"columnIndex":-1,"isKey":false,"isExternalId":false,"isSfIdLookup":false,"isNullable":true,"isUnique":false,"isCreateable":false,"isUpdateable":true,"isFilterable":false,"isCalculated":false,"javaType":"java.lang.String","showLabel":true,"naturalOrder":5,"linkedFields":[],"relatedInfos":[],"references":[]}},{"@type":"fieldMap","id":"5226806","targetField":{"@type":"field","id":15253240,"name":"lastname","type":"string","uniqueName":"lastname","label":"lastname","parentObject":"users_user","pcType":"NSTRING","precision":2500,"scale":0,"columnIndex":-1,"isKey":false,"isExternalId":false,"isSfIdLookup":false,"isNullable":true,"isUnique":false,"isCreateable":false,"isUpdateable":true,"isFilterable":false,"isCalculated":false,"javaType":"java.lang.String","showLabel":true,"naturalOrder":6,"linkedFields":[],"relatedInfos":[],"references":[]}},{"@type":"fieldMap","id":"5226807","targetField":{"@type":"field","id":15253241,"name":"default-currency_code","type":"string","uniqueName":"default_currency_code","label":"default-currency_code","parentObject":"users_user","pcType":"NSTRING","precision":2500,"scale":0,"columnIndex":-1,"isKey":false,"isExternalId":false,"isSfIdLookup":false,"isNullable":true,"isUnique":false,"isCreateable":false,"isUpdateable":true,"isFilterable":false,"isCalculated":false,"javaType":"java.lang.String","showLabel":true,"naturalOrder":7,"linkedFields":[],"relatedInfos":[],"references":[]}},{"@type":"fieldMap","id":"5226808","targetField":{"@type":"field","id":15253242,"name":"roles_role_name","type":"string","uniqueName":"roles_role_name","label":"roles_role_name","parentObject":"users_user","pcType":"NSTRING","precision":2500,"scale":0,"columnIndex":-1,"isKey":false,"isExternalId":false,"isSfIdLookup":false,"isNullable":true,"isUnique":false,"isCreateable":false,"isUpdateable":true,"isFilterable":false,"isCalculated":false,"javaType":"java.lang.String","showLabel":true,"naturalOrder":8,"linkedFields":[],"relatedInfos":[],"references":[]}},{"@type":"fieldMap","id":"5226809","targetField":{"@type":"field","id":15253243,"name":"roles_type","type":"string","uniqueName":"roles_type","label":"roles_type","parentObject":"users_user","pcType":"NSTRING","precision":2500,"scale":0,"columnIndex":-1,"isKey":false,"isExternalId":false,"isSfIdLookup":false,"isNullable":true,"isUnique":false,"isCreateable":false,"isUpdateable":true,"isFilterable":false,"isCalculated":false,"javaType":"java.lang.String","showLabel":true,"naturalOrder":9,"linkedFields":[],"relatedInfos":[],"references":[]}},{"@type":"fieldMap","id":"5226810","targetField":{"@type":"field","id":15253244,"name":"email","type":"string","uniqueName":"email","label":"email","parentObject":"users_user","pcType":"NSTRING","precision":2500,"scale":0,"columnIndex":-1,"isKey":false,"isExternalId":false,"isSfIdLookup":false,"isNullable":true,"isUnique":false,"isCreateable":false,"isUpdateable":true,"isFilterable":false,"isCalculated":false,"javaType":"java.lang.String","showLabel":true,"naturalOrder":10,"linkedFields":[],"relatedInfos":[],"references":[]}},{"@type":"fieldMap","id":"5226811","targetField":{"@type":"field","id":15253245,"name":"employee-number","type":"string","uniqueName":"employee_number","label":"employee-number","parentObject":"users_user","pcType":"NSTRING","precision":2500,"scale":0,"columnIndex":-1,"isKey":false,"isExternalId":false,"isSfIdLookup":false,"isNullable":true,"isUnique":false,"isCreateable":false,"isUpdateable":true,"isFilterable":false,"isCalculated":false,"javaType":"java.lang.String","showLabel":true,"naturalOrder":11,"linkedFields":[],"relatedInfos":[],"references":[]}},{"@type":"fieldMap","id":"5226812","targetField":{"@type":"field","id":15253246,"name":"default-account_account-type_name","type":"string","uniqueName":"default_account_account_type_name","label":"default-account_account-type_name","parentObject":"users_user","pcType":"NSTRING","precision":2500,"scale":0,"columnIndex":-1,"isKey":false,"isExternalId":false,"isSfIdLookup":false,"isNullable":true,"isUnique":false,"isCreateable":false,"isUpdateable":true,"isFilterable":false,"isCalculated":false,"javaType":"java.lang.String","showLabel":true,"naturalOrder":12,"linkedFields":[],"relatedInfos":[],"references":[]}},{"@type":"fieldMap","id":"5226813","targetField":{"@type":"field","id":15253247,"name":"requisition-approval-limit_amount","type":"string","uniqueName":"requisition_approval_limit_amount","label":"requisition-approval-limit_amount","parentObject":"users_user","pcType":"NSTRING","precision":2500,"scale":0,"columnIndex":-1,"isKey":false,"isExternalId":false,"isSfIdLookup":false,"isNullable":true,"isUnique":false,"isCreateable":false,"isUpdateable":true,"isFilterable":false,"isCalculated":false,"javaType":"java.lang.String","showLabel":true,"naturalOrder":13,"linkedFields":[],"relatedInfos":[],"references":[]}},{"@type":"fieldMap","id":"5226814","targetField":{"@type":"field","id":15253248,"name":"login","type":"string","uniqueName":"login","label":"login","parentObject":"users_user","pcType":"NSTRING","precision":2500,"scale":0,"columnIndex":-1,"isKey":false,"isExternalId":false,"isSfIdLookup":false,"isNullable":true,"isUnique":false,"isCreateable":false,"isUpdateable":true,"isFilterable":false,"isCalculated":false,"javaType":"java.lang.String","showLabel":true,"naturalOrder":14,"linkedFields":[],"relatedInfos":[],"references":[]}},{"@type":"fieldMap","id":"5226815","targetField":{"@type":"field","id":15253249,"name":"id","type":"string","uniqueName":"id","label":"id","parentObject":"users_user","pcType":"NSTRING","precision":2500,"scale":0,"columnIndex":-1,"isKey":false,"isExternalId":false,"isSfIdLookup":false,"isNullable":true,"isUnique":false,"isCreateable":false,"isUpdateable":true,"isFilterable":false,"isCalculated":false,"javaType":"java.lang.String","showLabel":true,"naturalOrder":15,"linkedFields":[],"relatedInfos":[],"references":[]}},{"@type":"fieldMap","id":"5226816","targetField":{"@type":"field","id":15253250,"name":"company-code","type":"string","uniqueName":"company_code","label":"company-code","parentObject":"users_user","pcType":"NSTRING","precision":2500,"scale":0,"columnIndex":-1,"isKey":false,"isExternalId":false,"isSfIdLookup":false,"isNullable":true,"isUnique":false,"isCreateable":false,"isUpdateable":true,"isFilterable":false,"isCalculated":false,"javaType":"java.lang.String","showLabel":true,"naturalOrder":16,"linkedFields":[],"relatedInfos":[],"references":[]}},{"@type":"fieldMap","id":"5226817","targetField":{"@type":"field","id":15253251,"name":"department_id","type":"string","uniqueName":"department_id","label":"department_id","parentObject":"users_user","pcType":"NSTRING","precision":2500,"scale":0,"columnIndex":-1,"isKey":false,"isExternalId":false,"isSfIdLookup":false,"isNullable":true,"isUnique":false,"isCreateable":false,"isUpdateable":true,"isFilterable":false,"isCalculated":false,"javaType":"java.lang.String","showLabel":true,"naturalOrder":17,"linkedFields":[],"relatedInfos":[],"references":[]}},{"@type":"fieldMap","id":"5226818","targetField":{"@type":"field","id":15253252,"name":"requisition-approval-limit_currency_code","type":"string","uniqueName":"requisition_approval_limit_currency_code","label":"requisition-approval-limit_currency_code","parentObject":"users_user","pcType":"NSTRING","precision":2500,"scale":0,"columnIndex":-1,"isKey":false,"isExternalId":false,"isSfIdLookup":false,"isNullable":true,"isUnique":false,"isCreateable":false,"isUpdateable":true,"isFilterable":false,"isCalculated":false,"javaType":"java.lang.String","showLabel":true,"naturalOrder":18,"linkedFields":[],"relatedInfos":[],"references":[]}},{"@type":"fieldMap","id":"5226819","targetField":{"@type":"field","id":15253253,"name":"firstname","type":"string","uniqueName":"firstname","label":"firstname","parentObject":"users_user","pcType":"NSTRING","precision":2500,"scale":0,"columnIndex":-1,"isKey":false,"isExternalId":false,"isSfIdLookup":false,"isNullable":true,"isUnique":false,"isCreateable":false,"isUpdateable":true,"isFilterable":false,"isCalculated":false,"javaType":"java.lang.String","showLabel":true,"naturalOrder":19,"linkedFields":[],"relatedInfos":[],"references":[]}},{"@type":"fieldMap","id":"5226820","targetField":{"@type":"field","id":15253254,"name":"authentication-method","type":"string","uniqueName":"authentication_method","label":"authentication-method","parentObject":"users_user","pcType":"NSTRING","precision":2500,"scale":0,"columnIndex":-1,"isKey":false,"isExternalId":false,"isSfIdLookup":false,"isNullable":true,"isUnique":false,"isCreateable":false,"isUpdateable":true,"isFilterable":false,"isCalculated":false,"javaType":"java.lang.String","showLabel":true,"naturalOrder":20,"linkedFields":[],"relatedInfos":[],"references":[]}},{"@type":"fieldMap","id":"5226821","targetField":{"@type":"field","id":15253255,"name":"XFK_users","type":"string","uniqueName":"XFK_users","label":"XFK_users","parentObject":"users_user","pcType":"NSTRING","precision":2500,"scale":0,"columnIndex":-1,"isKey":true,"isExternalId":false,"isSfIdLookup":false,"isNullable":true,"isUnique":false,"isCreateable":false,"isUpdateable":true,"isFilterable":false,"isCalculated":false,"javaType":"java.lang.String","showLabel":true,"naturalOrder":21,"linkedFields":["Coupa_Id"],"relatedInfos":[],"references":[]},"expression":"Coupa_Id"},{"@type":"fieldMap","id":"5226822","targetField":{"@type":"field","id":15253256,"name":"XPK_user","type":"string","uniqueName":"XPK_user","label":"XPK_user","parentObject":"users_user","pcType":"NSTRING","precision":2500,"scale":0,"columnIndex":-1,"isKey":true,"isExternalId":false,"isSfIdLookup":false,"isNullable":false,"isUnique":false,"isCreateable":false,"isUpdateable":true,"isFilterable":false,"isCalculated":false,"javaType":"java.lang.String","showLabel":true,"naturalOrder":22,"linkedFields":["Coupa_Id"],"relatedInfos":[],"references":[]},"expression":"Coupa_Id"},{"@type":"fieldMap","id":"5226823","targetField":{"@type":"field","id":15253257,"name":"ISFINALXML","type":"string","uniqueName":"ISFINALXML","label":"ISFINALXML","parentObject":"users_user","pcType":"NSTRING","precision":2500,"scale":0,"columnIndex":-1,"isKey":false,"isExternalId":false,"isSfIdLookup":false,"isNullable":true,"isUnique":false,"isCreateable":false,"isUpdateable":true,"isFilterable":false,"isCalculated":false,"javaType":"java.lang.String","showLabel":true,"naturalOrder":23,"linkedFields":[],"relatedInfos":[],"references":[]},"expression":"'True'"}],"sourceFields":[{"@type":"field","id":15253258,"name":"Coupa_Id","type":"nstring","uniqueName":"Coupa_Id","label":"Coupa_Id","parentObject":"FF_Users_Coupa_Update.csv","pcType":"UNISTRING","precision":2500,"scale":0,"columnIndex":0,"isKey":false,"isExternalId":false,"isSfIdLookup":false,"isNullable":true,"isUnique":false,"isCreateable":false,"isUpdateable":true,"isFilterable":true,"isCalculated":false,"showLabel":false,"naturalOrder":0,"linkedFields":["XPK_user","XFK_users"],"relatedInfos":[],"references":[]},{"@type":"field","id":15253259,"name":"Coupa_EmployeeNumber","type":"nstring","uniqueName":"Coupa_EmployeeNumber","label":"Coupa_EmployeeNumber","parentObject":"FF_Users_Coupa_Update.csv","pcType":"UNISTRING","precision":255,"scale":0,"columnIndex":1,"isKey":false,"isExternalId":false,"isSfIdLookup":false,"isNullable":true,"isUnique":false,"isCreateable":false,"isUpdateable":true,"isFilterable":true,"isCalculated":false,"showLabel":false,"naturalOrder":0,"linkedFields":[],"relatedInfos":[],"references":[]},{"@type":"field","id":15253260,"name":"Coupa_login","type":"nstring","uniqueName":"Coupa_login","label":"Coupa_login","parentObject":"FF_Users_Coupa_Update.csv","pcType":"UNISTRING","precision":255,"scale":0,"columnIndex":2,"isKey":false,"isExternalId":false,"isSfIdLookup":false,"isNullable":true,"isUnique":false,"isCreateable":false,"isUpdateable":true,"isFilterable":true,"isCalculated":false,"showLabel":false,"naturalOrder":0,"linkedFields":[],"relatedInfos":[],"references":[]},{"@type":"field","id":15253261,"name":"Coupa_email","type":"nstring","uniqueName":"Coupa_email","label":"Coupa_email","parentObject":"FF_Users_Coupa_Update.csv","pcType":"UNISTRING","precision":255,"scale":0,"columnIndex":3,"isKey":false,"isExternalId":false,"isSfIdLookup":false,"isNullable":true,"isUnique":false,"isCreateable":false,"isUpdateable":true,"isFilterable":true,"isCalculated":false,"showLabel":false,"naturalOrder":0,"linkedFields":[],"relatedInfos":[],"references":[]},{"@type":"field","id":15253262,"name":"Coupa_Status","type":"nstring","uniqueName":"Coupa_Status","label":"Coupa_Status","parentObject":"FF_Users_Coupa_Update.csv","pcType":"UNISTRING","precision":255,"scale":0,"columnIndex":4,"isKey":false,"isExternalId":false,"isSfIdLookup":false,"isNullable":true,"isUnique":false,"isCreateable":false,"isUpdateable":true,"isFilterable":true,"isCalculated":false,"showLabel":false,"naturalOrder":0,"linkedFields":[],"relatedInfos":[],"references":[]},{"@type":"field","id":15253263,"name":"Coupa_Access","type":"nstring","uniqueName":"Coupa_Access","label":"Coupa_Access","parentObject":"FF_Users_Coupa_Update.csv","pcType":"UNISTRING","precision":255,"scale":0,"columnIndex":5,"isKey":false,"isExternalId":false,"isSfIdLookup":false,"isNullable":true,"isUnique":false,"isCreateable":false,"isUpdateable":true,"isFilterable":true,"isCalculated":false,"showLabel":false,"naturalOrder":0,"linkedFields":[],"relatedInfos":[],"references":[]},{"@type":"field","id":15253264,"name":"Email","type":"nstring","uniqueName":"Email","label":"Email","parentObject":"FF_Users_Coupa_Update.csv","pcType":"UNISTRING","precision":255,"scale":0,"columnIndex":6,"isKey":false,"isExternalId":false,"isSfIdLookup":false,"isNullable":true,"isUnique":false,"isCreateable":false,"isUpdateable":true,"isFilterable":true,"isCalculated":false,"showLabel":false,"naturalOrder":0,"linkedFields":[],"relatedInfos":[],"references":[]}],"sortFields":[],"groupFields":[]}]