[{"@type":"mappingTemplate","id":"@1","name":"m_RevProFile_To_NetSuite_LoadJournalEntries","description":"","bundleVersion":"0","templateId":"@3","deployTime":1570829244000,"hasParameters":false,"valid":true,"fixedConnection":true,"hasParametersDeployed":false,"fixedConnectionDeployed":true,"tasks":1,"mappingPreviewFileRecordId":"@2","documentType":"","references":[{"@type":"reference","refObjectId":"@2HkgXY792eLcO5miPnn8me","refType":"connection"},{"@type":"reference","refObjectId":"@8Qp1Vvtik7ejRmnNM3lSiT","refType":"connection"}]}]