[{"@type":"workflow","id":"@1","name":"TF_Billing_Schedules_Custom_Load","errorTaskEmail":{"@type":"taskEmail","id":309700,"emails":"sri.battu@appdynamics.com","emailType":"ERROR"},"successTaskEmail":{"@type":"taskEmail","id":309701,"emails":"sri.battu@appdynamics.com","emailType":"SUCCESS"},"warningTaskEmail":{"@type":"taskEmail","id":309702,"emails":"sri.battu@appdynamics.com","emailType":"WARNING"},"maxLogs":10,"scheduleId":"@2","references":[{"@type":"reference","refObjectId":"@8WmD6kQ6XGPbbhdAyOMLcN","refType":"mtTask"},{"@type":"reference","refObjectId":"@7C8f4HbMiOdl8j3rlOsTKz","refType":"mtTask"}],"tasks":[{"@type":"workflowTask","taskId":"@8WmD6kQ6XGPbbhdAyOMLcN","type":"MTT","name":"mct_Billing_Schedules_Custom_Load","stopOnError":false,"stopOnWarning":false},{"@type":"workflowTask","taskId":"@7C8f4HbMiOdl8j3rlOsTKz","type":"MTT","name":"mct_Billing_Schedule_Custom_Data_Update","stopOnError":false,"stopOnWarning":false}]}]