[{"@type":"workflow","id":"@1","name":"TF_Invoice_Ok2Pay_Coupa_To_Netsuite","maxLogs":10,"scheduleId":"@2","references":[{"@type":"reference","refObjectId":"@6JowdsJdAoQgxRVoudltk8","refType":"dssTask"},{"@type":"reference","refObjectId":"@brKbq3Mzac0i2PycHBu4Gz","refType":"mtTask"},{"@type":"reference","refObjectId":"@4qOyk22Dt0ReJdNm2SEoYT","refType":"dssTask"},{"@type":"reference","refObjectId":"@gSdBp4zwHGpbfgOiWQdsMa","refType":"dssTask"},{"@type":"reference","refObjectId":"@4EqaqR0tX8alwhssaeWJIw","refType":"dssTask"},{"@type":"reference","refObjectId":"@ad5027Zr2WHiXEQrvpwiqR","refType":"dssTask"},{"@type":"reference","refObjectId":"@k701WXpfNYybGRJyo8B5Qb","refType":"mtTask"},{"@type":"reference","refObjectId":"@0Ek3t9GuRsoj4fXKh7878M","refType":"mtTask"},{"@type":"reference","refObjectId":"@a67AH6K65ECjbRrFqdS2Q5","refType":"mtTask"},{"@type":"reference","refObjectId":"@78Rz3DHIjrKeobFZJ6kgW1","refType":"mtTask"},{"@type":"reference","refObjectId":"@3WB33s5Pm4jfHo3gHUTfgI","refType":"mtTask"},{"@type":"reference","refObjectId":"@hsuWSgCRDctjwMOevDB1Mq","refType":"mtTask"},{"@type":"reference","refObjectId":"@1wKAqQpG3qehH4QegbxoIa","refType":"mtTask"},{"@type":"reference","refObjectId":"@4eJHqZy95JfiggIIB7YYKM","refType":"dssTask"},{"@type":"reference","refObjectId":"@50RH53OCXcRf8mNufyDrsS","refType":"dssTask"},{"@type":"reference","refObjectId":"@8ypaU6AdCLkdxFeILYOuUs","refType":"dssTask"},{"@type":"reference","refObjectId":"@4S0kwsmU4DIc5nhq2bNxWN","refType":"dssTask"},{"@type":"reference","refObjectId":"@58F5iT45ggJcprF6p2fma4","refType":"dssTask"},{"@type":"reference","refObjectId":"@0VcmDbACmIrhPOYL0ZvWUJ","refType":"dssTask"},{"@type":"reference","refObjectId":"@2Znjtfb3FWXh7Z1cXKlrAw","refType":"dssTask"},{"@type":"reference","refObjectId":"@62003Oy0WWqh6YtUdkCJ0i","refType":"dssTask"}],"tasks":[{"@type":"workflowTask","taskId":"@6JowdsJdAoQgxRVoudltk8","type":"DSS","name":"DSS_Invoice_Ok2Pay_00_NS_To_File_AccountPostingPeriods","stopOnError":true,"stopOnWarning":false},{"@type":"workflowTask","taskId":"@brKbq3Mzac0i2PycHBu4Gz","type":"MTT","name":"mct_Invoice_Ok2Pay_00_File_To_File_Get_LatestOpenAccountPostingPeriod","stopOnError":true,"stopOnWarning":false},{"@type":"workflowTask","taskId":"@4qOyk22Dt0ReJdNm2SEoYT","type":"DSS","name":"DSS_Invoice_Ok2Pay_00_NS_To_File_Accounts","stopOnError":true,"stopOnWarning":false},{"@type":"workflowTask","taskId":"@gSdBp4zwHGpbfgOiWQdsMa","type":"DSS","name":"DSS_Invoice_Ok2Pay_01_Header_Coupa_To_File","stopOnError":true,"stopOnWarning":false},{"@type":"workflowTask","taskId":"@4EqaqR0tX8alwhssaeWJIw","type":"DSS","name":"DSS_Invoice_Ok2Pay_02_LineItems_Coupa_To_File","stopOnError":true,"stopOnWarning":false},{"@type":"workflowTask","taskId":"@ad5027Zr2WHiXEQrvpwiqR","type":"DSS","name":"DSS_Invoice_Ok2Pay_03a_CoupaFile_To_File","stopOnError":true,"stopOnWarning":false},{"@type":"workflowTask","taskId":"@k701WXpfNYybGRJyo8B5Qb","type":"MTT","name":"mct_Invoice_Ok2Pay_03b_CoupaFile_To_File_ShippingLineItem","stopOnError":true,"stopOnWarning":false},{"@type":"workflowTask","taskId":"@0Ek3t9GuRsoj4fXKh7878M","type":"MTT","name":"mct_Invoice_Ok2Pay_03c_CoupaFile_To_File_HandlingLineItem","stopOnError":true,"stopOnWarning":false},{"@type":"workflowTask","taskId":"@a67AH6K65ECjbRrFqdS2Q5","type":"MTT","name":"mct_Invoice_Ok2Pay_03d_CoupaFile_To_File_MiscLineItem","stopOnError":true,"stopOnWarning":false},{"@type":"workflowTask","taskId":"@78Rz3DHIjrKeobFZJ6kgW1","type":"MTT","name":"mct_Invoice_Ok2Pay_03e_CoupaFile_To_File_TaxLineItem","stopOnError":true,"stopOnWarning":false},{"@type":"workflowTask","taskId":"@3WB33s5Pm4jfHo3gHUTfgI","type":"MTT","name":"mct_Invoice_Ok2Pay_03f_CoupaFile_To_File_Sorted","stopOnError":true,"stopOnWarning":false},{"@type":"workflowTask","taskId":"@hsuWSgCRDctjwMOevDB1Mq","type":"MTT","name":"mct_Invoice_Ok2Pay_04_VendorBill_CoupaFile_To_NS","stopOnError":true,"stopOnWarning":false},{"@type":"workflowTask","taskId":"@1wKAqQpG3qehH4QegbxoIa","type":"MTT","name":"mct_Invoice_Ok2Pay_05_VendorCredit_CoupaFile_To_NS","stopOnError":true,"stopOnWarning":false},{"@type":"workflowTask","taskId":"@4eJHqZy95JfiggIIB7YYKM","type":"DSS","name":"DSS_Invoice_Ok2Pay_06_VendorBill_CoupaSourceFile_To_NS_SuccessFile","stopOnError":true,"stopOnWarning":false},{"@type":"workflowTask","taskId":"@50RH53OCXcRf8mNufyDrsS","type":"DSS","name":"DSS_Invoice_Ok2Pay_07_VendorBill_PUT_File_To_XMLCreate","stopOnError":true,"stopOnWarning":false},{"@type":"workflowTask","taskId":"@8ypaU6AdCLkdxFeILYOuUs","type":"DSS","name":"DSS_Invoice_Ok2Pay_08_VendorBill_PUT_File_To_XMLClean","stopOnError":true,"stopOnWarning":false},{"@type":"workflowTask","taskId":"@4S0kwsmU4DIc5nhq2bNxWN","type":"DSS","name":"DSS_Invoice_Ok2Pay_09_VendorBill_NS_SuccessFile_To_Coupa","stopOnError":true,"stopOnWarning":false},{"@type":"workflowTask","taskId":"@58F5iT45ggJcprF6p2fma4","type":"DSS","name":"DSS_Invoice_Ok2Pay_10_VendorCredit_CoupaSourceFile_To_NS_SuccessFile","stopOnError":true,"stopOnWarning":false},{"@type":"workflowTask","taskId":"@0VcmDbACmIrhPOYL0ZvWUJ","type":"DSS","name":"DSS_Invoice_Ok2Pay_11_VendorCredit_PUT_File_To_XMLCreate","stopOnError":true,"stopOnWarning":false},{"@type":"workflowTask","taskId":"@2Znjtfb3FWXh7Z1cXKlrAw","type":"DSS","name":"DSS_Invoice_Ok2Pay_12_VendorCredit_PUT_File_To_XMLClean","stopOnError":true,"stopOnWarning":false},{"@type":"workflowTask","taskId":"@62003Oy0WWqh6YtUdkCJ0i","type":"DSS","name":"DSS_Invoice_Ok2Pay_13_VendorCredit_NS_SuccessFile_To_Coupa","stopOnError":true,"stopOnWarning":false}]}]