[{"@type":"workflow","id":"@1","name":"TF_DLS_Managers_Updates","errorTaskEmail":{"@type":"taskEmail","id":5893,"emails":"sri.battu@appdynamics.com, keo.zaiger@appdynamics.com, smitha.reddy@appdynamics.com","emailType":"ERROR"},"successTaskEmail":{"@type":"taskEmail","id":5894,"emails":"sri.battu@appdynamics.com","emailType":"SUCCESS"},"warningTaskEmail":{"@type":"taskEmail","id":5895,"emails":"sri.battu@appdynamics.com, keo.zaiger@appdynamics.com, smitha.reddy@appdynamics.com","emailType":"WARNING"},"maxLogs":10,"references":[{"@type":"reference","refObjectId":"@iMlGI5s1C20fUS11Joczss","refType":"mtTask"},{"@type":"reference","refObjectId":"@5FRHNM3EiCobzRYka5eVGX","refType":"mtTask"}],"tasks":[{"@type":"workflowTask","taskId":"@iMlGI5s1C20fUS11Joczss","type":"MTT","name":"mct_DLS_Managers_Deletions","stopOnError":true,"stopOnWarning":true},{"@type":"workflowTask","taskId":"@5FRHNM3EiCobzRYka5eVGX","type":"MTT","name":"mct_DLS_Managers_Additions","stopOnError":true,"stopOnWarning":true}]}]