[{"@type":"workflow","id":"@1","name":"TF_SFDC_OpportunityCount_Account_Update","maxLogs":10,"scheduleId":"@2","references":[{"@type":"reference","refObjectId":"@30B0lRzl2acdCu8PwI2Xyj","refType":"mtTask"},{"@type":"reference","refObjectId":"@4VTjdAB03WUjPH2bhpePI9","refType":"mtTask"},{"@type":"reference","refObjectId":"@bGTVqHbC4ADlSyvSk1r9WM","refType":"mtTask"},{"@type":"reference","refObjectId":"@fSbUNd2shWmeYfg6iCYFEk","refType":"mtTask"},{"@type":"reference","refObjectId":"@3Exk4YiNRHYiAI8MxMRWu3","refType":"mtTask"}],"tasks":[{"@type":"workflowTask","taskId":"@30B0lRzl2acdCu8PwI2Xyj","type":"MTT","name":"mct_OpportunityCount_SFDC_Opportunity_FF_LKP","stopOnError":true,"stopOnWarning":false},{"@type":"workflowTask","taskId":"@4VTjdAB03WUjPH2bhpePI9","type":"MTT","name":"mct_OpportunityCount_SFDC_Account_FF_ParentId_LKP","stopOnError":true,"stopOnWarning":false},{"@type":"workflowTask","taskId":"@bGTVqHbC4ADlSyvSk1r9WM","type":"MTT","name":"mct_OpportunityCount_SFDC_Account_FF_STAGE","stopOnError":true,"stopOnWarning":false},{"@type":"workflowTask","taskId":"@fSbUNd2shWmeYfg6iCYFEk","type":"MTT","name":"mct_SFDC_OpportunityCount_Account_Update","stopOnError":true,"stopOnWarning":false},{"@type":"workflowTask","taskId":"@3Exk4YiNRHYiAI8MxMRWu3","type":"MTT","name":"mct_SFDC_Account_OpportunityCount_NULLs_Update","stopOnError":true,"stopOnWarning":false}]}]