[{"@type":"mappingTemplate","id":"@1","name":"m_EmployeeSync_FromCiscoART_05_CreateNetsuiteFile","description":"","bundleVersion":"0","templateId":"@3","deployTime":1594164267000,"hasParameters":false,"valid":true,"fixedConnection":true,"hasParametersDeployed":false,"fixedConnectionDeployed":true,"tasks":1,"mappingPreviewFileRecordId":"@2","documentType":"","references":[{"@type":"reference","refObjectId":"@avLv18DFUAtbWFEYKJVdo5","refType":"connection"},{"@type":"reference","refObjectId":"@2CjV79tAT4nicr3VedQp4y","refType":"connection"}]}]