[{"@type":"mappingTemplate","id":"@1","name":"m_Okta_To_EC2_Json_File","description":"","bundleVersion":"0","templateId":"@3","deployTime":1566343262000,"hasParameters":false,"valid":true,"fixedConnection":true,"hasParametersDeployed":false,"fixedConnectionDeployed":true,"tasks":1,"mappingPreviewFileRecordId":"@2","documentType":"","references":[{"@type":"reference","refObjectId":"@bldthMsDfWniMcuZk5Bmcq","refType":"connection"},{"@type":"reference","refObjectId":"@8DEEYw4dJtIeA1Ed55Wnuc","refType":"hschema"}]}]