[{"@type":"mappingTemplate","id":"@1","name":"m_SFDC_Account_Hierarchy_Building","description":"","bundleVersion":"0","templateId":"@3","deployTime":1583098567000,"hasParameters":false,"valid":true,"fixedConnection":true,"hasParametersDeployed":false,"fixedConnectionDeployed":true,"tasks":1,"mappingPreviewFileRecordId":"@2","documentType":"","references":[{"@type":"reference","refObjectId":"@8Qp1Vvtik7ejRmnNM3lSiT","refType":"connection"},{"@type":"reference","refObjectId":"@1zNjc6xOdiJi47rVWuySAv","refType":"connection"}]}]