[{"@type":"workflow","id":"@1","name":"TF_Marketo_Lead_SFDC_CampaignMember","maxLogs":10,"references":[{"@type":"reference","refObjectId":"@9FlyHDBuxmfdwshU7z6jQ2","refType":"mtTask"},{"@type":"reference","refObjectId":"@44Xb16XGY1zgcyELrm3BUA","refType":"mtTask"},{"@type":"reference","refObjectId":"@8gDWs8pPlGZfaUBfw29qw9","refType":"mtTask"}],"tasks":[{"@type":"workflowTask","taskId":"@9FlyHDBuxmfdwshU7z6jQ2","type":"MTT","name":"mct_SFDC_Campaign_LKP","stopOnError":false,"stopOnWarning":false},{"@type":"workflowTask","taskId":"@44Xb16XGY1zgcyELrm3BUA","type":"MTT","name":"mct_SFDC_CampaignMember_LKP","stopOnError":false,"stopOnWarning":false},{"@type":"workflowTask","taskId":"@8gDWs8pPlGZfaUBfw29qw9","type":"MTT","name":"mct_Marketo_Lead_SFDC_CampaignMember_ActivityType_42","stopOnError":false,"stopOnWarning":false}]}]