[{"@type":"mappingTemplate","id":"@1","name":"m_NS_FF_Emp_Terminations_For_Okta_User_Deactivations","description":"","bundleVersion":"0","templateId":"@3","deployTime":1612218329000,"hasParameters":false,"valid":true,"fixedConnection":true,"hasParametersDeployed":false,"fixedConnectionDeployed":true,"tasks":1,"mappingPreviewFileRecordId":"@2","documentType":"MAPPING","references":[{"@type":"reference","refObjectId":"@1AoqRRcFAVobCrPGI9Fgac","refType":"connection"},{"@type":"reference","refObjectId":"@4CCGgqXCJRHckum26BMe2M","refType":"connection"}]}]