[{"@type":"workflow","id":"@1","name":"TF_LMS_SFTP_To_SFDC_Vouchers_BalanceUpdate ","maxLogs":10,"references":[{"@type":"reference","refObjectId":"@0aulUR5l457ejAum5zV1MC","refType":"dssTask"},{"@type":"reference","refObjectId":"@2iFPk04TnBEebO3hSVtBst","refType":"mtTask"},{"@type":"reference","refObjectId":"@6ZXpoitkyQncLm28dij2ur","refType":"dssTask"},{"@type":"reference","refObjectId":"@4CJFwohh4WXcIWCeadsvqZ","refType":"mtTask"}],"tasks":[{"@type":"workflowTask","taskId":"@0aulUR5l457ejAum5zV1MC","type":"DSS","name":"dss_SFDC_TUMVouchers_SFTP_GET_From_LMS","stopOnError":true,"stopOnWarning":false},{"@type":"workflowTask","taskId":"@2iFPk04TnBEebO3hSVtBst","type":"MTT","name":"mct_LMS_SFTP_To_SFDC_TUM_Vouchers_UpdateBalance","stopOnError":true,"stopOnWarning":false},{"@type":"workflowTask","taskId":"@6ZXpoitkyQncLm28dij2ur","type":"DSS","name":"dss_SFDC_SubscriptionVouchers_SFTP_GET_From_LMS","stopOnError":true,"stopOnWarning":false},{"@type":"workflowTask","taskId":"@4CJFwohh4WXcIWCeadsvqZ","type":"MTT","name":"mct_LMS_SFTP_To_SFDC_SubscriptionVouchers_UpdateBalance","stopOnError":true,"stopOnWarning":false}]}]