[{"@type":"workflow","id":"@1","name":"TF_Snowflake_Anaplan_HC_Data","maxLogs":10,"references":[{"@type":"reference","refObjectId":"@4XFtECgXqXwbqkv7bU01YT","refType":"mtTask"},{"@type":"reference","refObjectId":"@hC5ar5VSAwicQtj2T8JSAj","refType":"mtTask"}],"tasks":[{"@type":"workflowTask","taskId":"@4XFtECgXqXwbqkv7bU01YT","type":"MTT","name":"mct_Snowflake_V_NEWHR_Anaplan_HC_ID_List","stopOnError":true,"stopOnWarning":false},{"@type":"workflowTask","taskId":"@hC5ar5VSAwicQtj2T8JSAj","type":"MTT","name":"mct_Snowflake_V_NEWHR_Anaplan_HC_Data","stopOnError":true,"stopOnWarning":false}]}]