[{"@type":"workflow","id":"@1","name":"TF_AIOps_DataExtract_CiscoHRMS_SFDC_Netsuite","maxLogs":10,"references":[{"@type":"reference","refObjectId":"@g3ZWptMXn4jeZ6nUsuP1KX","refType":"dssTask"},{"@type":"reference","refObjectId":"@2oqLQx4RHM0c44B3GKG6An","refType":"dssTask"},{"@type":"reference","refObjectId":"@i6srGgwpGYUeh4AS9a5Egy","refType":"dssTask"}],"tasks":[{"@type":"workflowTask","taskId":"@g3ZWptMXn4jeZ6nUsuP1KX","type":"DSS","name":"DSS_Cisco_AppD_EmployeeExtract","stopOnError":false,"stopOnWarning":false},{"@type":"workflowTask","taskId":"@2oqLQx4RHM0c44B3GKG6An","type":"DSS","name":"DSS_SFDC_AppD_EmployeeExtract","stopOnError":false,"stopOnWarning":false},{"@type":"workflowTask","taskId":"@i6srGgwpGYUeh4AS9a5Egy","type":"DSS","name":"DSS_Netsuite_AppD_EmployeeExtract","stopOnError":false,"stopOnWarning":false}]}]