[{"@type":"mappingTemplate","id":"@1","name":"m_Billing_Schedule_Billed_Data_Deletion","description":"","bundleVersion":"0","templateId":"@3","deployTime":1592435650000,"hasParameters":false,"valid":true,"fixedConnection":true,"hasParametersDeployed":false,"fixedConnectionDeployed":true,"tasks":1,"mappingPreviewFileRecordId":"@2","documentType":"","references":[{"@type":"reference","refObjectId":"@9RseCyX0NqsgPU58Naun8Y","refType":"connection"},{"@type":"reference","refObjectId":"@igjXBevWNu7hSiCsZKoDWh","refType":"connection"}]}]