[{"@type":"mappingTemplate","id":"@1","name":"m_NetSuite_SFDC_Currency_Update","description":"This job is used to update the exchange rate from netsuite to SFDC and runs daily","bundleVersion":"0","templateId":"@3","deployTime":1594158701000,"hasParameters":false,"valid":true,"fixedConnection":true,"hasParametersDeployed":false,"fixedConnectionDeployed":true,"tasks":1,"mappingPreviewFileRecordId":"@2","documentType":"","references":[{"@type":"reference","refObjectId":"@2CjV79tAT4nicr3VedQp4y","refType":"connection"},{"@type":"reference","refObjectId":"@igjXBevWNu7hSiCsZKoDWh","refType":"connection"}]}]