[{"@type":"workflow","id":"@1","name":"TF_Netsuite_To_OrgChartNow_EmployeeMatrixManagement","maxLogs":10,"scheduleId":"@2","references":[{"@type":"reference","refObjectId":"@6uB5fBqj4bPg3wyX6rbHsi","refType":"mtTask"},{"@type":"reference","refObjectId":"@4sWafdH86oUgzZTeqG2MQg","refType":"dssTask"},{"@type":"reference","refObjectId":"@0b1Rxc4HpDlcTi8NbNzxCw","refType":"dssTask"}],"tasks":[{"@type":"workflowTask","taskId":"@6uB5fBqj4bPg3wyX6rbHsi","type":"MTT","name":"mct_Netsuite_To_OrgChartNow_EmployeeMatrixManagement","stopOnError":true,"stopOnWarning":false},{"@type":"workflowTask","taskId":"@4sWafdH86oUgzZTeqG2MQg","type":"DSS","name":"DSS_Netsuite_To_OrgChartNow_SFTP_Employees_PGP_Encryption","stopOnError":true,"stopOnWarning":false},{"@type":"workflowTask","taskId":"@0b1Rxc4HpDlcTi8NbNzxCw","type":"DSS","name":"DSS_Netsuite_To_OrgChartNow_SFTP_PUT_Employees","stopOnError":true,"stopOnWarning":false}]}]