[{"@type":"mtTask","id":"@1","name":"mct_Snowflake_Anaplan_Oppty_Delete_List","description":"","runtimeEnvironmentId":"@3qLOIwmEi8HlSgV9ggzWkn","maxLogs":10,"verbose":false,"lastRunTime":1570651662000,"mappingId":"@5FGSvD5hACrh66SpUVhTix","shortDescription":"","sessionProperties":{},"enableCrossSchemaPushdown":true,"parameters":[{"@type":"mtTaskParameter","id":22539558,"name":"$src_Snowflake_CERTIFIED_OPPTY_SPLIT_DATA_ANAPLAN$","type":"SOURCE","label":"src_Snowflake_CERTIFIED_OPPTY_SPLIT_DATA_ANAPLAN","uiProperties":{"connectionParameterized":"false","objectParameterized":"false","visible":"false"},"sourceConnectionId":"@ki7uh3zsE6ObJYKPcVCLyY","sourceObject":"DUMMY_src_Snowflake_CERTIFIED_OPPTY_SPLIT_DATA_ANAPLAN","newFlatFile":false,"newObject":false,"showBusinessNames":false,"naturalOrder":true,"truncateTarget":false,"bulkApiDBTarget":false,"customFuncCfg":{"@type":"customFuncConfig","id":-1,"connections":[],"inputMap":[],"outputFields":[]},"tgtFieldRefs":{},"targetUpdateColumns":[],"runtimeAttrs":{},"isRESTModernSource":true,"customQuery":"SELECT \"Account ID\" AS ACCOUNT_ID\nFROM SALES_ANALYTICS_SANDBOX.SANDBOX.CERTIFIED_OPPTY_SPLIT_DATA_ANAPLAN\nLIMIT 1;","isFileList":false,"handleSpecialChars":false,"frsAsset":false,"tgtObjectAttributes":{},"runtimeParameterData":{"@type":"mtTaskRuntimeParameterData","isConnectionRuntimeParameter":false,"isObjectRuntimeParameter":false},"overriddenFields":[]},{"@type":"mtTaskParameter","id":22539559,"name":"$tgt_Anaplan_Delete_Opportunity_data$","type":"TARGET","label":"tgt_Anaplan_Delete_Opportunity_data","uiProperties":{"connectionParameterized":"false","objectParameterized":"false","visible":"false","defaultTargetUpdateColumns":""},"targetConnectionId":"@8raP8LZwSIJikTFm5cNMIu","targetObject":"ACTION: Delete Opportunity data","targetObjectLabel":"ACTION: Delete Opportunity data","newFlatFile":false,"newObject":false,"showBusinessNames":false,"naturalOrder":true,"truncateTarget":false,"bulkApiDBTarget":false,"operationType":"Insert","customFuncCfg":{"@type":"customFuncConfig","id":-1,"connections":[],"inputMap":[],"outputFields":[]},"tgtFieldRefs":{},"targetUpdateColumns":[],"extendedObject":{"@type":"extendedObject","filters":[],"sortFields":[]},"runtimeAttrs":{},"isRESTModernSource":true,"isFileList":false,"handleSpecialChars":false,"frsAsset":false,"tgtObjectAttributes":{},"runtimeParameterData":{"@type":"mtTaskRuntimeParameterData","isConnectionRuntimeParameter":false,"isObjectRuntimeParameter":false},"overriddenFields":[]}],"sequences":[],"inOutParameters":[],"connRuntimeAttrs":[]}]