[{"@type":"dssTask","id":"@1","name":"DSS_Suppliers_05a_GET_RESTCoupa_UrlParams","description":"","postProcessingCmd":"tail -n +2 \"$PMRootDir/stage/Coupa/Config/URLParametersSuppliersGET.csv\" > \"$PMRootDir/stage/Coupa/Config/URLParametersSuppliersGET.csv.tmp\" && mv \"$PMRootDir/stage/Coupa/Config/URLParametersSuppliersGET.csv.tmp\" \"$PMRootDir/stage/Coupa/Config/URLParametersSuppliersGET.csv\"","maxLogs":10,"sourceConnectionId":"@5TBwMKkqlsIl4wDKjDWtyy","targetConnectionId":"@5TBwMKkqlsIl4wDKjDWtyy","targetObject":"URLParametersSuppliersGET.csv","targetObjectLabel":"URLParametersSuppliersGET.csv","targetChildObjectLabel":"","operation":"Insert","maxRows":0,"truncateTarget":false,"bulkApiDBTarget":false,"verbose":false,"srcFlatFileAttrs":{"@type":"flatFileAttrs","id":44322,"delimiter":",","textQualifier":"\"","escapeChar":"","headerLineNo":1,"firstDataRow":2},"tgtFlatFileAttrs":{"@type":"flatFileAttrs","id":44323,"delimiter":",","textQualifier":"\"","escapeChar":"","headerLineNo":1,"firstDataRow":2},"targetMetadataUpdated":false,"modelVersion":"V3-R600","queryAll":false,"srcSettings":{"@type":"taskDataSourceSetting","isShowLabels":false,"isNaturalOrder":true},"tgtSettings":{"@type":"taskDataSourceSetting","isShowLabels":false,"isNaturalOrder":true},"cfSettings":{"@type":"taskDataSourceSetting","isShowLabels":false,"isNaturalOrder":true},"bulkApi":false,"bulkApiSerialMode":false,"bulkApiMonitor":false,"upsertFieldName":"","isTargetObjectSfCustom":false,"allowNullUpdates":false,"targetBatchSize":200,"assignmentRuleId":"-1","assignmentRuleType":"None","createSuccessFile":false,"bulkApiHardDelete":false,"srcRuntimeAttrs":{"@type":"taskRuntimeAttrs","attrs":{}},"tgtRuntimeAttrs":{"@type":"taskRuntimeAttrs","attrs":{}},"sourceObjects":[{"@type":"mObject","name":"FF_Suppliers_ConfigFile.csv","label":"FF_Suppliers_ConfigFile.csv","metadataUpdated":false,"relations":[],"children":[]}],"advancedFilters":[{"@type":"advancedFilter","id":"4495","objectName":"FF_Suppliers_ConfigFile.csv","objectLabel":"FF_Suppliers_ConfigFile.csv","expression":"Integration = 'supplier'"}],"filters":[],"fieldMaps":[{"@type":"fieldMap","id":"955840","targetField":{"@type":"field","id":2352476,"name":"Dynamic_BaseUrl","type":"nstring","uniqueName":"Dynamic_BaseUrl","label":"Dynamic_BaseUrl","parentObject":"URLParametersSuppliersGET.csv","pcType":"UNISTRING","precision":255,"scale":0,"columnIndex":0,"isKey":false,"isExternalId":false,"isSfIdLookup":false,"isNullable":true,"isUnique":false,"isCreateable":false,"isUpdateable":true,"isFilterable":true,"isCalculated":false,"showLabel":false,"naturalOrder":0,"linkedFields":["Column1"],"relatedInfos":[],"references":[]},"expression":"Column1"},{"@type":"fieldMap","id":"955841","targetField":{"@type":"field","id":2352477,"name":"created_at_gt_or_eq_","type":"nstring","uniqueName":"created_at_gt_or_eq_","label":"created_at_gt_or_eq_","parentObject":"URLParametersSuppliersGET.csv","pcType":"UNISTRING","precision":255,"scale":0,"columnIndex":1,"isKey":false,"isExternalId":false,"isSfIdLookup":false,"isNullable":true,"isUnique":false,"isCreateable":false,"isUpdateable":true,"isFilterable":true,"isCalculated":false,"showLabel":false,"naturalOrder":0,"linkedFields":["RowNumber","Column2","Integration"],"relatedInfos":[],"references":[]},"expression":"IIF(RowNumber = '1', Column2, \nIIF((NOT IN($OutputField,'1') OR ISNULL($OutputField)) AND RowNumber = '2', column2, TO_CHAR(sysdate, 'YYYY-MM-DD')))","lookup":{"@type":"lookup","id":"4892","connectionId":"@6ey2Cmo3PaHcsThnJ0TYui","object":"FF_Suppliers_FromNetSuite.csv","objectLabel":"FF_Suppliers_FromNetSuite.csv","outputField":{"@type":"field","id":2352478,"name":"Subsidiary_internalId","type":"nstring","uniqueName":"Subsidiary_internalId","label":"Subsidiary_internalId","parentObject":"FF_Suppliers_FromNetSuite.csv","pcType":"UNISTRING","precision":255,"scale":0,"columnIndex":24,"isKey":false,"isExternalId":false,"isSfIdLookup":false,"isNullable":true,"isUnique":false,"isCreateable":false,"isUpdateable":true,"isFilterable":true,"isCalculated":false,"showLabel":true,"naturalOrder":0,"linkedFields":[],"relatedInfos":[],"references":[]},"multiplicityError":false,"settings":{"@type":"taskDataSourceSetting","isShowLabels":false,"isNaturalOrder":true},"objectRelations":[{"@type":"objectRelationExt","object1":"FF_Suppliers_ConfigFile.csv","object2":"FF_Suppliers_FromNetSuite.csv","field1":{"@type":"field","id":2352479,"name":"Integration","type":"nstring","uniqueName":"Integration","label":"Integration","parentObject":"FF_Suppliers_ConfigFile.csv","pcType":"UNISTRING","precision":255,"scale":0,"columnIndex":0,"isKey":false,"isExternalId":false,"isSfIdLookup":false,"isNullable":true,"isUnique":false,"isCreateable":false,"isUpdateable":true,"isFilterable":true,"isCalculated":false,"showLabel":true,"naturalOrder":0,"linkedFields":[],"relatedInfos":[],"references":[]},"field2":{"@type":"field","id":2352480,"name":"integration","type":"string","uniqueName":"integration","label":"integration","parentObject":"FF_Suppliers_FromNetSuite.csv","pcType":"STRING","precision":255,"scale":0,"columnIndex":26,"isKey":false,"isExternalId":false,"isSfIdLookup":false,"isNullable":true,"isUnique":false,"isCreateable":false,"isUpdateable":true,"isFilterable":true,"isCalculated":false,"showLabel":true,"naturalOrder":0,"linkedFields":[],"relatedInfos":[],"references":[]}}]}},{"@type":"fieldMap","id":"955842","targetField":{"@type":"field","id":2352481,"name":"status","type":"nstring","uniqueName":"status","label":"status","parentObject":"URLParametersSuppliersGET.csv","pcType":"UNISTRING","precision":255,"scale":0,"columnIndex":2,"isKey":false,"isExternalId":false,"isSfIdLookup":false,"isNullable":true,"isUnique":false,"isCreateable":false,"isUpdateable":true,"isFilterable":true,"isCalculated":false,"showLabel":false,"naturalOrder":0,"linkedFields":["Column3"],"relatedInfos":[],"references":[]},"expression":"Column3"}],"sourceFields":[{"@type":"field","id":2352482,"name":"Integration","type":"nstring","uniqueName":"Integration","label":"Integration","parentObject":"FF_Suppliers_ConfigFile.csv","pcType":"UNISTRING","precision":255,"scale":0,"columnIndex":0,"isKey":false,"isExternalId":false,"isSfIdLookup":false,"isNullable":true,"isUnique":false,"isCreateable":false,"isUpdateable":true,"isFilterable":true,"isCalculated":false,"showLabel":false,"naturalOrder":0,"linkedFields":["created_at_gt_or_eq_"],"relatedInfos":[],"references":[]},{"@type":"field","id":2352483,"name":"RowNumber","type":"nstring","uniqueName":"RowNumber","label":"RowNumber","parentObject":"FF_Suppliers_ConfigFile.csv","pcType":"UNISTRING","precision":255,"scale":0,"columnIndex":1,"isKey":false,"isExternalId":false,"isSfIdLookup":false,"isNullable":true,"isUnique":false,"isCreateable":false,"isUpdateable":true,"isFilterable":true,"isCalculated":false,"showLabel":false,"naturalOrder":0,"linkedFields":["created_at_gt_or_eq_"],"relatedInfos":[],"references":[]},{"@type":"field","id":2352484,"name":"Column1","type":"nstring","uniqueName":"Column1","label":"Column1","parentObject":"FF_Suppliers_ConfigFile.csv","pcType":"UNISTRING","precision":255,"scale":0,"columnIndex":2,"isKey":false,"isExternalId":false,"isSfIdLookup":false,"isNullable":true,"isUnique":false,"isCreateable":false,"isUpdateable":true,"isFilterable":true,"isCalculated":false,"showLabel":false,"naturalOrder":0,"linkedFields":["Dynamic_BaseUrl"],"relatedInfos":[],"references":[]},{"@type":"field","id":2352485,"name":"Column2","type":"nstring","uniqueName":"Column2","label":"Column2","parentObject":"FF_Suppliers_ConfigFile.csv","pcType":"UNISTRING","precision":255,"scale":0,"columnIndex":3,"isKey":false,"isExternalId":false,"isSfIdLookup":false,"isNullable":true,"isUnique":false,"isCreateable":false,"isUpdateable":true,"isFilterable":true,"isCalculated":false,"showLabel":false,"naturalOrder":0,"linkedFields":["created_at_gt_or_eq_"],"relatedInfos":[],"references":[]},{"@type":"field","id":2352486,"name":"Column3","type":"nstring","uniqueName":"Column3","label":"Column3","parentObject":"FF_Suppliers_ConfigFile.csv","pcType":"UNISTRING","precision":255,"scale":0,"columnIndex":4,"isKey":false,"isExternalId":false,"isSfIdLookup":false,"isNullable":true,"isUnique":false,"isCreateable":false,"isUpdateable":true,"isFilterable":true,"isCalculated":false,"showLabel":false,"naturalOrder":0,"linkedFields":["status"],"relatedInfos":[],"references":[]}],"sortFields":[],"groupFields":[]}]