[{"@type":"mappingTemplate","id":"@1","name":"m_SFDC_Account_Past_Next_Renewal_NULL","description":"Sets any Next_Renewal_Date__c field occurring in the past to NULL.  Also sets the Next_Renewal_Account__c field to NULL","bundleVersion":"0","templateId":"@3","deployTime":1538512823000,"hasParameters":false,"valid":true,"fixedConnection":true,"hasParametersDeployed":false,"fixedConnectionDeployed":true,"tasks":1,"mappingPreviewFileRecordId":"@2","references":[{"@type":"reference","refObjectId":"@2CjV79tAT4nicr3VedQp4y","refType":"connection"}]}]