[{"@type":"mtTask","id":"@1","name":"mct_EmployeeSync_FromCiscoART_06a_File_To_Netsuite_Upsert","description":"","runtimeEnvironmentId":"@1KKuSUw1Rkfbzmz4wJo8eb","preProcessingCmd":"rm -f $PMRootDir/success/FF_Cisco_To_Netsuite_Employee_Success.csv & rm -f $PMRootDir/error/FF_Cisco_To_Netsuite_Employee_Error.csv","maxLogs":10,"verbose":false,"lastRunTime":1597008753000,"mappingId":"@fLTve2Kmh89lH5nj7eZXio","shortDescription":"","sessionProperties":{},"enableCrossSchemaPushdown":true,"autoTunedApplied":false,"paramFileType":"PARAM_FILE_LOCAL","parameterFileEncoding":"UTF-8","parameters":[{"@type":"mtTaskParameter","id":94760661,"name":"$Src_FF_CiscoART_UsersForNetsuite$","type":"EXTENDED_SOURCE","label":"Src_FF_CiscoART_UsersForNetsuite","uiProperties":{"connectionParameterized":"false","isMsrcFilterParameterized":"false","isMsrcSortParameterized":"false","objectParameterized":"false","visible":"false"},"sourceConnectionId":"@avLv18DFUAtbWFEYKJVdo5","newFlatFile":false,"newObject":false,"showBusinessNames":false,"naturalOrder":true,"truncateTarget":false,"bulkApiDBTarget":false,"srcFFAttrs":{"@type":"flatFileAttrs","id":1828775,"delimiter":",","textQualifier":"\"","escapeChar":"","headerLineNo":1,"firstDataRow":2},"customFuncCfg":{"@type":"customFuncConfig","id":-1,"connections":[],"inputMap":[],"outputFields":[]},"tgtFieldRefs":{},"targetUpdateColumns":[],"extendedObject":{"@type":"extendedObject","object":{"@type":"mObject","name":"FF_CiscoART_UsersForNetsuite.csv","label":"FF_CiscoART_UsersForNetsuite.csv","metadataUpdated":false,"relations":[],"children":[]},"filters":[],"sortFields":[]},"runtimeAttrs":{},"isRESTModernSource":true,"isFileList":false,"handleSpecialChars":false,"frsAsset":false,"dynamicFileName":false,"tgtObjectAttributes":{},"runtimeParameterData":{"@type":"mtTaskRuntimeParameterData","isConnectionRuntimeParameter":false,"isObjectRuntimeParameter":false},"overriddenFields":[]},{"@type":"mtTaskParameter","id":94760662,"name":"$Tgt_Netsuite_Employee$","type":"TARGET","label":"Tgt_Netsuite_Employee","uiProperties":{"connectionParameterized":"false","objectParameterized":"false","visible":"false","defaultTargetUpdateColumns":""},"targetConnectionId":"@j2G5lNMnmkwhEHq426zOwC","targetObject":"Employee","targetObjectLabel":"Employee","newFlatFile":false,"newObject":false,"showBusinessNames":false,"naturalOrder":true,"truncateTarget":false,"bulkApiDBTarget":false,"operationType":"Upsert","customFuncCfg":{"@type":"customFuncConfig","id":-1,"connections":[],"inputMap":[],"outputFields":[]},"tgtFieldRefs":{},"targetUpdateColumns":[],"extendedObject":{"@type":"extendedObject","filters":[],"sortFields":[]},"runtimeAttrs":{},"isRESTModernSource":true,"isFileList":false,"handleSpecialChars":false,"frsAsset":false,"dynamicFileName":false,"tgtObjectAttributes":{},"runtimeParameterData":{"@type":"mtTaskRuntimeParameterData","isConnectionRuntimeParameter":false,"isObjectRuntimeParameter":false},"overriddenFields":[]}],"sequences":[],"inOutParameters":[],"connRuntimeAttrs":[]}]