[{"@type":"mappingTemplate","id":"@1","name":"m_Netsuite_To_RevProFile_LoadTransactions_Invoice","description":"","bundleVersion":"0","templateId":"@3","deployTime":1607125924000,"hasParameters":false,"valid":true,"fixedConnection":true,"hasParametersDeployed":false,"fixedConnectionDeployed":true,"tasks":1,"mappingPreviewFileRecordId":"@2","documentType":"","references":[{"@type":"reference","refObjectId":"@8Qp1Vvtik7ejRmnNM3lSiT","refType":"connection"},{"@type":"reference","refObjectId":"@brwXcX8SFwdiPZrkZpvZQG","refType":"connection"},{"@type":"reference","refObjectId":"@6PU3rFIMgCQbgSudCSzFiN","refType":"connection"}]}]