[{"@type":"dssTask","id":"@1","name":"DSS_Invoice_Payments_03_PUT_File_To_XMLUpdate","description":"","maxLogs":10,"sourceConnectionId":"@6ey2Cmo3PaHcsThnJ0TYui","targetConnectionId":"@diO5SrZ8tCzkWfl2gMingn","targetObject":"ice_headers_payments_payment","targetObjectLabel":"","targetChildObjectLabel":"","operation":"Update","maxRows":0,"truncateTarget":false,"bulkApiDBTarget":false,"verbose":false,"srcFlatFileAttrs":{"@type":"flatFileAttrs","id":44330,"delimiter":",","textQualifier":"\"","escapeChar":"","headerLineNo":1,"firstDataRow":2},"targetMetadataUpdated":false,"modelVersion":"V3-R600","queryAll":false,"srcSettings":{"@type":"taskDataSourceSetting","isShowLabels":false,"isNaturalOrder":true},"tgtSettings":{"@type":"taskDataSourceSetting","isShowLabels":true,"isNaturalOrder":true},"cfSettings":{"@type":"taskDataSourceSetting","isShowLabels":false,"isNaturalOrder":true},"bulkApi":false,"bulkApiSerialMode":false,"bulkApiMonitor":false,"isTargetObjectSfCustom":false,"allowNullUpdates":false,"targetBatchSize":200,"assignmentRuleId":"-1","assignmentRuleType":"None","createSuccessFile":false,"bulkApiHardDelete":false,"srcRuntimeAttrs":{"@type":"taskRuntimeAttrs","attrs":{}},"tgtRuntimeAttrs":{"@type":"taskRuntimeAttrs","attrs":{"Error File Directory":"","Success File Directory":""}},"sourceObjects":[{"@type":"mObject","name":"FF_InvoicePayments_FromNetSuite.csv","label":"FF_InvoicePayments_FromNetSuite.csv","metadataUpdated":false,"relations":[],"children":[]}],"advancedFilters":[{"@type":"advancedFilter","id":"4502","objectName":"FF_InvoicePayments_FromNetSuite.csv","objectLabel":"FF_InvoicePayments_FromNetSuite.csv","expression":"AlreadyExists_InCoupa = '0'    AND    ( NOT ISNULL(NS_VendorBill_externalId_CoupaId)  or  NOT ISNULL(NS_VendorCredit_externalId_CoupaId) )"}],"filters":[],"fieldMaps":[{"@type":"fieldMap","id":"956534","targetField":{"@type":"field","id":2353872,"name":"notes","type":"string","uniqueName":"notes","label":"notes","parentObject":"ice_headers_payments_payment","pcType":"NSTRING","precision":2500,"scale":0,"columnIndex":-1,"isKey":false,"isExternalId":false,"isSfIdLookup":false,"isNullable":true,"isUnique":false,"isCreateable":false,"isUpdateable":true,"isFilterable":false,"isCalculated":false,"javaType":"java.lang.String","showLabel":true,"naturalOrder":0,"linkedFields":["Memo"],"relatedInfos":[],"references":[]},"expression":"Memo"},{"@type":"fieldMap","id":"956535","targetField":{"@type":"field","id":2353873,"name":"payment-date","type":"string","uniqueName":"payment_date","label":"payment-date","parentObject":"ice_headers_payments_payment","pcType":"NSTRING","precision":2500,"scale":0,"columnIndex":-1,"isKey":false,"isExternalId":false,"isSfIdLookup":false,"isNullable":true,"isUnique":false,"isCreateable":false,"isUpdateable":true,"isFilterable":false,"isCalculated":false,"javaType":"java.lang.String","showLabel":true,"naturalOrder":1,"linkedFields":["Date"],"relatedInfos":[],"references":[]},"expression":"Date"},{"@type":"fieldMap","id":"956536","targetField":{"@type":"field","id":2353874,"name":"amount-paid","type":"string","uniqueName":"amount_paid","label":"amount-paid","parentObject":"ice_headers_payments_payment","pcType":"NSTRING","precision":2500,"scale":0,"columnIndex":-1,"isKey":false,"isExternalId":false,"isSfIdLookup":false,"isNullable":true,"isUnique":false,"isCreateable":false,"isUpdateable":true,"isFilterable":false,"isCalculated":false,"javaType":"java.lang.String","showLabel":true,"naturalOrder":2,"linkedFields":["NS_VendorPayment_status","Amount","Voided_Amount"],"relatedInfos":[],"references":[]},"expression":"IIF(NS_VendorPayment_status = 'Voided', Voided_Amount, Amount)"},{"@type":"fieldMap","id":"956537","targetField":{"@type":"field","id":2353875,"name":"XFK_invoice-header","type":"string","uniqueName":"XFK_invoice_header","label":"XFK_invoice-header","parentObject":"ice_headers_payments_payment","pcType":"NSTRING","precision":2500,"scale":0,"columnIndex":-1,"isKey":true,"isExternalId":false,"isSfIdLookup":false,"isNullable":true,"isUnique":false,"isCreateable":false,"isUpdateable":true,"isFilterable":false,"isCalculated":false,"javaType":"java.lang.String","showLabel":true,"naturalOrder":3,"linkedFields":["NS_VendorBill_externalId_CoupaId","NS_VendorCredit_externalId_CoupaId","NS_VendorPayment_internalId"],"relatedInfos":[],"references":[]},"expression":"IIF(ISNULL(NS_VendorBill_externalId_CoupaId), \n\nNS_VendorCredit_externalId_CoupaId || ' - ' || NS_VendorPayment_internalId, \n\nNS_VendorBill_externalId_CoupaId || ' - ' || NS_VendorPayment_internalId\n\n)"},{"@type":"fieldMap","id":"956538","targetField":{"@type":"field","id":2353876,"name":"XPK_invoice-header_payments_payment","type":"string","uniqueName":"XPK_invoice_header_payments_payment","label":"XPK_invoice-header_payments_payment","parentObject":"ice_headers_payments_payment","pcType":"NSTRING","precision":2500,"scale":0,"columnIndex":-1,"isKey":true,"isExternalId":false,"isSfIdLookup":false,"isNullable":false,"isUnique":false,"isCreateable":false,"isUpdateable":true,"isFilterable":false,"isCalculated":false,"javaType":"java.lang.String","showLabel":true,"naturalOrder":4,"linkedFields":["NS_VendorBill_externalId_CoupaId","NS_VendorCredit_externalId_CoupaId","NS_VendorPayment_internalId"],"relatedInfos":[],"references":[]},"expression":"IIF(ISNULL(NS_VendorBill_externalId_CoupaId), \n\nNS_VendorCredit_externalId_CoupaId || ' - ' || NS_VendorPayment_internalId, \n\nNS_VendorBill_externalId_CoupaId || ' - ' || NS_VendorPayment_internalId\n\n)"},{"@type":"fieldMap","id":"956539","targetField":{"@type":"field","id":2353877,"name":"ISFINALXML","type":"string","uniqueName":"ISFINALXML","label":"ISFINALXML","parentObject":"ice_headers_payments_payment","pcType":"NSTRING","precision":2500,"scale":0,"columnIndex":-1,"isKey":false,"isExternalId":false,"isSfIdLookup":false,"isNullable":true,"isUnique":false,"isCreateable":false,"isUpdateable":true,"isFilterable":false,"isCalculated":false,"javaType":"java.lang.String","showLabel":true,"naturalOrder":5,"linkedFields":[],"relatedInfos":[],"references":[]}}],"sourceFields":[{"@type":"field","id":2353878,"name":"NS_VendorBill_externalId_CoupaId","type":"nstring","uniqueName":"NS_VendorBill_externalId_CoupaId","label":"NS_VendorBill_externalId_CoupaId","parentObject":"FF_InvoicePayments_FromNetSuite.csv","pcType":"UNISTRING","precision":255,"scale":0,"columnIndex":0,"isKey":false,"isExternalId":false,"isSfIdLookup":false,"isNullable":true,"isUnique":false,"isCreateable":false,"isUpdateable":true,"isFilterable":true,"isCalculated":false,"showLabel":false,"naturalOrder":0,"linkedFields":["XFK_invoice_header","XPK_invoice_header_payments_payment"],"relatedInfos":[],"references":[]},{"@type":"field","id":2353879,"name":"NS_VendorPayment_status","type":"nstring","uniqueName":"NS_VendorPayment_status","label":"NS_VendorPayment_status","parentObject":"FF_InvoicePayments_FromNetSuite.csv","pcType":"UNISTRING","precision":255,"scale":0,"columnIndex":1,"isKey":false,"isExternalId":false,"isSfIdLookup":false,"isNullable":true,"isUnique":false,"isCreateable":false,"isUpdateable":true,"isFilterable":true,"isCalculated":false,"showLabel":false,"naturalOrder":0,"linkedFields":["amount_paid"],"relatedInfos":[],"references":[]},{"@type":"field","id":2353880,"name":"NS_VendorCredit_externalId_CoupaId","type":"nstring","uniqueName":"NS_VendorCredit_externalId_CoupaId","label":"NS_VendorCredit_externalId_CoupaId","parentObject":"FF_InvoicePayments_FromNetSuite.csv","pcType":"UNISTRING","precision":255,"scale":0,"columnIndex":2,"isKey":false,"isExternalId":false,"isSfIdLookup":false,"isNullable":true,"isUnique":false,"isCreateable":false,"isUpdateable":true,"isFilterable":true,"isCalculated":false,"showLabel":false,"naturalOrder":0,"linkedFields":["XFK_invoice_header","XPK_invoice_header_payments_payment"],"relatedInfos":[],"references":[]},{"@type":"field","id":2353881,"name":"NS_VendorPayment_internalId","type":"nstring","uniqueName":"NS_VendorPayment_internalId","label":"NS_VendorPayment_internalId","parentObject":"FF_InvoicePayments_FromNetSuite.csv","pcType":"UNISTRING","precision":255,"scale":0,"columnIndex":3,"isKey":false,"isExternalId":false,"isSfIdLookup":false,"isNullable":true,"isUnique":false,"isCreateable":false,"isUpdateable":true,"isFilterable":true,"isCalculated":false,"showLabel":false,"naturalOrder":0,"linkedFields":["XFK_invoice_header","XPK_invoice_header_payments_payment"],"relatedInfos":[],"references":[]},{"@type":"field","id":2353882,"name":"VendorBill_Status_Paid","type":"nstring","uniqueName":"VendorBill_Status_Paid","label":"VendorBill_Status_Paid","parentObject":"FF_InvoicePayments_FromNetSuite.csv","pcType":"UNISTRING","precision":255,"scale":0,"columnIndex":4,"isKey":false,"isExternalId":false,"isSfIdLookup":false,"isNullable":true,"isUnique":false,"isCreateable":false,"isUpdateable":true,"isFilterable":true,"isCalculated":false,"showLabel":false,"naturalOrder":0,"linkedFields":[],"relatedInfos":[],"references":[]},{"@type":"field","id":2353883,"name":"VendorCredit_Status_Paid","type":"nstring","uniqueName":"VendorCredit_Status_Paid","label":"VendorCredit_Status_Paid","parentObject":"FF_InvoicePayments_FromNetSuite.csv","pcType":"UNISTRING","precision":255,"scale":0,"columnIndex":5,"isKey":false,"isExternalId":false,"isSfIdLookup":false,"isNullable":true,"isUnique":false,"isCreateable":false,"isUpdateable":true,"isFilterable":true,"isCalculated":false,"showLabel":false,"naturalOrder":0,"linkedFields":[],"relatedInfos":[],"references":[]},{"@type":"field","id":2353884,"name":"Date","type":"nstring","uniqueName":"Date","label":"Date","parentObject":"FF_InvoicePayments_FromNetSuite.csv","pcType":"UNISTRING","precision":2500,"scale":0,"columnIndex":6,"isKey":false,"isExternalId":false,"isSfIdLookup":false,"isNullable":true,"isUnique":false,"isCreateable":false,"isUpdateable":true,"isFilterable":true,"isCalculated":false,"showLabel":false,"naturalOrder":0,"linkedFields":["payment_date"],"relatedInfos":[],"references":[]},{"@type":"field","id":2353885,"name":"Memo","type":"nstring","uniqueName":"Memo","label":"Memo","parentObject":"FF_InvoicePayments_FromNetSuite.csv","pcType":"UNISTRING","precision":2500,"scale":0,"columnIndex":7,"isKey":false,"isExternalId":false,"isSfIdLookup":false,"isNullable":true,"isUnique":false,"isCreateable":false,"isUpdateable":true,"isFilterable":true,"isCalculated":false,"showLabel":false,"naturalOrder":0,"linkedFields":["notes"],"relatedInfos":[],"references":[]},{"@type":"field","id":2353886,"name":"Amount","type":"nstring","uniqueName":"Amount","label":"Amount","parentObject":"FF_InvoicePayments_FromNetSuite.csv","pcType":"UNISTRING","precision":255,"scale":0,"columnIndex":8,"isKey":false,"isExternalId":false,"isSfIdLookup":false,"isNullable":true,"isUnique":false,"isCreateable":false,"isUpdateable":true,"isFilterable":true,"isCalculated":false,"showLabel":false,"naturalOrder":0,"linkedFields":["amount_paid"],"relatedInfos":[],"references":[]},{"@type":"field","id":2353887,"name":"Voided_Amount","type":"nstring","uniqueName":"Voided_Amount","label":"Voided_Amount","parentObject":"FF_InvoicePayments_FromNetSuite.csv","pcType":"UNISTRING","precision":255,"scale":0,"columnIndex":9,"isKey":false,"isExternalId":false,"isSfIdLookup":false,"isNullable":true,"isUnique":false,"isCreateable":false,"isUpdateable":true,"isFilterable":true,"isCalculated":false,"showLabel":false,"naturalOrder":0,"linkedFields":["amount_paid"],"relatedInfos":[],"references":[]},{"@type":"field","id":2353888,"name":"AlreadyExists_InCoupa","type":"nstring","uniqueName":"AlreadyExists_InCoupa","label":"AlreadyExists_InCoupa","parentObject":"FF_InvoicePayments_FromNetSuite.csv","pcType":"UNISTRING","precision":255,"scale":0,"columnIndex":10,"isKey":false,"isExternalId":false,"isSfIdLookup":false,"isNullable":true,"isUnique":false,"isCreateable":false,"isUpdateable":true,"isFilterable":true,"isCalculated":false,"showLabel":false,"naturalOrder":0,"linkedFields":[],"relatedInfos":[],"references":[]}],"sortFields":[],"groupFields":[]}]