[{"@type":"mappingTemplate","id":"@1","name":"m_ART_Employee_Netsuite_Comparison","description":"","bundleVersion":"0","templateId":"@3","deployTime":1564004571000,"hasParameters":false,"valid":true,"fixedConnection":true,"hasParametersDeployed":false,"fixedConnectionDeployed":true,"tasks":1,"mappingPreviewFileRecordId":"@2","references":[{"@type":"reference","refObjectId":"@9RseCyX0NqsgPU58Naun8Y","refType":"connection"},{"@type":"reference","refObjectId":"@brwXcX8SFwdiPZrkZpvZQG","refType":"connection"}]}]