[{"@type":"mtTask","id":"@1","name":"mct_SFDC_Campaign_LKP","description":"","runtimeEnvironmentId":"@3qLOIwmEi8HlSgV9ggzWkn","preProcessingCmd":"echo -e '$$yesterday='$(date --date='1 day ago' +%Y-%m-%d) > /opt/infaagent/apps/Data_Integration_Server/data/userparameters/Marketo_Daily.param","maxLogs":10,"verbose":false,"lastRunTime":1525290644000,"mappingId":"@aKvjK0V9bT7bpcGmuHjmqQ","shortDescription":"","sessionProperties":{},"enableCrossSchemaPushdown":false,"parameters":[{"@type":"mtTaskParameter","id":198924,"name":"$src_SFDC_Campaign$","type":"EXTENDED_SOURCE","label":"src_SFDC_Campaign","uiProperties":{"connectionParameterized":"false","isMsrcFilterParameterized":"false","isMsrcSortParameterized":"false","objectParameterized":"false","visible":"false"},"sourceConnectionId":"@2CjV79tAT4nicr3VedQp4y","newFlatFile":false,"newObject":false,"showBusinessNames":false,"naturalOrder":true,"truncateTarget":false,"bulkApiDBTarget":false,"customFuncCfg":{"@type":"customFuncConfig","id":-1,"connections":[],"inputMap":[],"outputFields":[]},"tgtFieldRefs":{},"targetUpdateColumns":[],"extendedObject":{"@type":"extendedObject","object":{"@type":"mObject","name":"Campaign","label":"Campaign","metadataUpdated":false,"relations":[],"children":[]},"filters":[{"@type":"filter","objectName":"Campaign","field":"IsDeleted","type":"STRING","operator":"equals","value":"false"},{"@type":"filter","objectName":"Campaign","field":"IsActive","type":"STRING","operator":"equals","value":"true"}],"sortFields":[]},"runtimeAttrs":{},"isRESTModernSource":true,"isFileList":false,"handleSpecialChars":false,"frsAsset":false,"fetchMode":"ORIGINAL","tgtObjectAttributes":{},"runtimeParameterData":{"@type":"mtTaskRuntimeParameterData","isConnectionRuntimeParameter":false,"isObjectRuntimeParameter":false},"overriddenFields":[]},{"@type":"mtTaskParameter","id":198925,"name":"$tgt_FF_SFDC_Campaign_LKP$","type":"TARGET","label":"tgt_FF_SFDC_Campaign_LKP","uiProperties":{"connectionParameterized":"false","objectParameterized":"false","visible":"false","defaultTargetUpdateColumns":""},"targetConnectionId":"@8Qp1Vvtik7ejRmnNM3lSiT","targetObject":"FF_SFDC_Campaign_LKP.csv","targetObjectLabel":"FF_SFDC_Campaign_LKP.csv","newFlatFile":false,"newObject":true,"showBusinessNames":false,"naturalOrder":true,"newObjectName":"FF_SFDC_Campaign_LKP.csv","truncateTarget":false,"bulkApiDBTarget":false,"operationType":"Insert","tgtFFAttrs":{"@type":"flatFileAttrs","id":44707,"delimiter":",","textQualifier":"\"","escapeChar":"","headerLineNo":1},"customFuncCfg":{"@type":"customFuncConfig","id":-1,"connections":[],"inputMap":[],"outputFields":[]},"tgtFieldRefs":{},"targetUpdateColumns":[],"extendedObject":{"@type":"extendedObject","filters":[],"sortFields":[]},"runtimeAttrs":{},"isRESTModernSource":true,"isFileList":false,"handleSpecialChars":false,"frsAsset":false,"fetchMode":"ORIGINAL","tgtObjectAttributes":{},"runtimeParameterData":{"@type":"mtTaskRuntimeParameterData","isConnectionRuntimeParameter":false,"isObjectRuntimeParameter":false},"overriddenFields":[]}],"sequences":[],"inOutParameters":[],"connRuntimeAttrs":[]}]