[{"@type":"workflow","id":"@1","name":"TF_DLS_Location_Employees_Updates","errorTaskEmail":{"@type":"taskEmail","id":5896,"emails":"sri.battu@appdynamics.com, keo.zaiger@appdynamics.com, smitha.reddy@appdynamics.com","emailType":"ERROR"},"successTaskEmail":{"@type":"taskEmail","id":5897,"emails":"sri.battu@appdynamics.com","emailType":"SUCCESS"},"warningTaskEmail":{"@type":"taskEmail","id":5898,"emails":"sri.battu@appdynamics.com, keo.zaiger@appdynamics.com, smitha.reddy@appdynamics.com","emailType":"WARNING"},"maxLogs":10,"references":[{"@type":"reference","refObjectId":"@eWwPGLNpj0TjWFQtQoYlkI","refType":"mtTask"},{"@type":"reference","refObjectId":"@64UOwWUbWBPlNn2yJLvwo4","refType":"mtTask"}],"tasks":[{"@type":"workflowTask","taskId":"@eWwPGLNpj0TjWFQtQoYlkI","type":"MTT","name":"mct_DLS_Loc_Emp_Deletions","stopOnError":true,"stopOnWarning":true},{"@type":"workflowTask","taskId":"@64UOwWUbWBPlNn2yJLvwo4","type":"MTT","name":"mct_DLS_Loc_Emp_Additions","stopOnError":true,"stopOnWarning":true}]}]