[{"@type":"mtTask","id":"@1","name":"mct_Snowflake_ORDEROPSDASH","description":"","runtimeEnvironmentId":"@3qLOIwmEi8HlSgV9ggzWkn","maxLogs":10,"verbose":false,"lastRunTime":1568174213000,"mappingId":"@aD4cDweiSQzeqM55KVV0o1","shortDescription":"","sessionProperties":{"Default buffer block size":"3MB"},"enableCrossSchemaPushdown":true,"parameters":[{"@type":"mtTaskParameter","id":47496621,"name":"$src_Snowflake_V_JG_ORDEROPSDASH$","type":"EXTENDED_SOURCE","label":"src_Snowflake_V_JG_ORDEROPSDASH","uiProperties":{"connectionParameterized":"false","isMsrcFilterParameterized":"false","isMsrcSortParameterized":"false","objectParameterized":"false","visible":"false"},"sourceConnectionId":"@ki7uh3zsE6ObJYKPcVCLyY","newFlatFile":false,"newObject":false,"showBusinessNames":false,"naturalOrder":true,"truncateTarget":false,"bulkApiDBTarget":false,"customFuncCfg":{"@type":"customFuncConfig","id":-1,"connections":[],"inputMap":[],"outputFields":[]},"tgtFieldRefs":{},"targetUpdateColumns":[],"extendedObject":{"@type":"extendedObject","object":{"@type":"mObject","name":"V_JG_ORDEROPSDASH","label":"V_JG_ORDEROPSDASH","metadataUpdated":false,"relations":[],"children":[]},"filters":[],"sortFields":[]},"runtimeAttrs":{},"isRESTModernSource":true,"isFileList":false,"handleSpecialChars":false,"frsAsset":false,"tgtObjectAttributes":{},"runtimeParameterData":{"@type":"mtTaskRuntimeParameterData","isConnectionRuntimeParameter":false,"isObjectRuntimeParameter":false},"overriddenFields":[]},{"@type":"mtTaskParameter","id":47496622,"name":"$tgt_Snowflake_A_JG_ORDEROPSDASH$","type":"TARGET","label":"tgt_Snowflake_A_JG_ORDEROPSDASH","uiProperties":{"connectionParameterized":"false","objectParameterized":"false","visible":"false","defaultTargetUpdateColumns":""},"targetConnectionId":"@ki7uh3zsE6ObJYKPcVCLyY","targetObject":"A_JG_ORDEROPSDASH","targetObjectLabel":"A_JG_ORDEROPSDASH","newFlatFile":false,"newObject":false,"showBusinessNames":false,"naturalOrder":true,"truncateTarget":false,"bulkApiDBTarget":false,"operationType":"Insert","customFuncCfg":{"@type":"customFuncConfig","id":-1,"connections":[],"inputMap":[],"outputFields":[]},"tgtFieldRefs":{},"targetUpdateColumns":[],"extendedObject":{"@type":"extendedObject","filters":[],"sortFields":[]},"runtimeAttrs":{},"isRESTModernSource":true,"isFileList":false,"handleSpecialChars":false,"frsAsset":false,"tgtObjectAttributes":{},"runtimeParameterData":{"@type":"mtTaskRuntimeParameterData","isConnectionRuntimeParameter":false,"isObjectRuntimeParameter":false},"overriddenFields":[]}],"sequences":[],"inOutParameters":[],"connRuntimeAttrs":[]}]