[{"@type":"mappingTemplate","id":"@1","name":"m_NS_to_SFDC_OpenBalance","description":"","bundleVersion":"0","templateId":"@3","deployTime":1624398601000,"hasParameters":false,"valid":true,"fixedConnection":true,"hasParametersDeployed":false,"fixedConnectionDeployed":true,"tasks":1,"mappingPreviewFileRecordId":"@2","documentType":"MAPPING","references":[{"@type":"reference","refObjectId":"@6PU3rFIMgCQbgSudCSzFiN","refType":"connection"},{"@type":"reference","refObjectId":"@8Qp1Vvtik7ejRmnNM3lSiT","refType":"connection"},{"@type":"reference","refObjectId":"@7qd3IAIawlmimdaVoQaEam","refType":"connection"}]}]