[{"@type":"mtTask","id":"@1","name":"mct_LMS_SFTP_To_SFDC_TUM_Vouchers_UpdateBalance","description":"","runtimeEnvironmentId":"@3qLOIwmEi8HlSgV9ggzWkn","maxLogs":10,"verbose":false,"lastRunTime":1576191697000,"mappingId":"@9gniBvDjWj0k8Muw9IZF4Y","shortDescription":"","sessionProperties":{},"enableCrossSchemaPushdown":false,"parameters":[{"@type":"mtTaskParameter","id":63888285,"name":"$src_Daily_TUBalanceReport_Report$","type":"EXTENDED_SOURCE","label":"src_Daily_TUBalanceReport_Report","uiProperties":{"connectionParameterized":"false","isMsrcFilterParameterized":"false","isMsrcSortParameterized":"false","objectParameterized":"false","visible":"false"},"sourceConnectionId":"@8Qp1Vvtik7ejRmnNM3lSiT","newFlatFile":false,"newObject":false,"showBusinessNames":false,"naturalOrder":true,"truncateTarget":false,"bulkApiDBTarget":false,"srcFFAttrs":{"@type":"flatFileAttrs","id":976900,"delimiter":",","textQualifier":"\"","escapeChar":"","headerLineNo":1,"firstDataRow":2},"customFuncCfg":{"@type":"customFuncConfig","id":-1,"connections":[],"inputMap":[],"outputFields":[]},"tgtFieldRefs":{},"targetUpdateColumns":[],"extendedObject":{"@type":"extendedObject","object":{"@type":"mObject","name":"Daily_TUBalanceReport_Report.csv","label":"Daily_TUBalanceReport_Report.csv","metadataUpdated":false,"relations":[],"children":[]},"filters":[],"sortFields":[]},"runtimeAttrs":{},"isRESTModernSource":true,"isFileList":false,"handleSpecialChars":false,"frsAsset":false,"tgtObjectAttributes":{},"runtimeParameterData":{"@type":"mtTaskRuntimeParameterData","isConnectionRuntimeParameter":false,"isObjectRuntimeParameter":false},"overriddenFields":[]},{"@type":"mtTaskParameter","id":63888286,"name":"$Tgt_FF_ErrorFile_WhereVouchersNotFound$","type":"TARGET","label":"Tgt_FF_ErrorFile_WhereVouchersNotFound","uiProperties":{"connectionParameterized":"false","objectParameterized":"false","visible":"false","defaultTargetUpdateColumns":""},"targetConnectionId":"@8Qp1Vvtik7ejRmnNM3lSiT","targetObject":"FF_LMS_TUM_Vouchers_Not_in_SFDC.csv","targetObjectLabel":"FF_LMS_TUM_Vouchers_Not_in_SFDC.csv","newFlatFile":false,"newObject":true,"showBusinessNames":false,"naturalOrder":true,"newObjectName":"FF_LMS_TUM_Vouchers_Not_in_SFDC.csv","truncateTarget":false,"bulkApiDBTarget":false,"operationType":"Insert","tgtFFAttrs":{"@type":"flatFileAttrs","id":976901,"delimiter":",","textQualifier":"\"","escapeChar":"","headerLineNo":1},"customFuncCfg":{"@type":"customFuncConfig","id":-1,"connections":[],"inputMap":[],"outputFields":[]},"tgtFieldRefs":{},"targetUpdateColumns":[],"extendedObject":{"@type":"extendedObject","filters":[],"sortFields":[]},"runtimeAttrs":{},"isRESTModernSource":true,"isFileList":false,"handleSpecialChars":false,"frsAsset":false,"tgtObjectAttributes":{},"runtimeParameterData":{"@type":"mtTaskRuntimeParameterData","isConnectionRuntimeParameter":false,"isObjectRuntimeParameter":false},"overriddenFields":[]},{"@type":"mtTaskParameter","id":63888287,"name":"$tgt_AppDynamics_University_Voucher__c$","type":"TARGET","label":"tgt_AppDynamics_University_Voucher__c","uiProperties":{"connectionParameterized":"false","objectParameterized":"false","visible":"false","defaultTargetUpdateColumns":""},"targetConnectionId":"@2CjV79tAT4nicr3VedQp4y","targetObject":"AppDynamics_University_Voucher__c","targetObjectLabel":"AppDynamics University Voucher","newFlatFile":false,"newObject":false,"showBusinessNames":false,"naturalOrder":true,"truncateTarget":false,"bulkApiDBTarget":false,"operationType":"Update","customFuncCfg":{"@type":"customFuncConfig","id":-1,"connections":[],"inputMap":[],"outputFields":[]},"tgtFieldRefs":{},"targetUpdateColumns":[],"extendedObject":{"@type":"extendedObject","filters":[],"sortFields":[]},"runtimeAttrs":{},"isRESTModernSource":true,"isFileList":false,"handleSpecialChars":false,"frsAsset":false,"tgtObjectAttributes":{},"runtimeParameterData":{"@type":"mtTaskRuntimeParameterData","isConnectionRuntimeParameter":false,"isObjectRuntimeParameter":false},"overriddenFields":[]},{"@type":"mtTaskParameter","id":63888288,"name":"$lkp_AppDynamics_University_Voucher__c$","type":"LOOKUP","label":"lkp_AppDynamics_University_Voucher__c","uiProperties":{"connectionParameterized":"false","isCachedLookup":"true","objectParameterized":"false","visible":"false"},"lookupConnectionId":"@2CjV79tAT4nicr3VedQp4y","lookupObject":"AppDynamics_University_Voucher__c","lookupObjectLabel":"AppDynamics University Voucher","newFlatFile":false,"newObject":false,"showBusinessNames":false,"naturalOrder":true,"truncateTarget":false,"bulkApiDBTarget":false,"customFuncCfg":{"@type":"customFuncConfig","id":-1,"connections":[],"inputMap":[],"outputFields":[]},"tgtFieldRefs":{},"targetUpdateColumns":[],"runtimeAttrs":{},"isRESTModernSource":true,"isFileList":false,"handleSpecialChars":false,"frsAsset":false,"tgtObjectAttributes":{},"runtimeParameterData":{"@type":"mtTaskRuntimeParameterData","isConnectionRuntimeParameter":false,"isObjectRuntimeParameter":false},"overriddenFields":[]}],"sequences":[],"inOutParameters":[],"connRuntimeAttrs":[]}]