[{"@type":"workflow","id":"@1","name":"TF_NS_FF_Emp_Terminations_For_Okta_User_Deactivations","errorTaskEmail":{"@type":"taskEmail","id":342428,"emails":"sri.battu@appdynamics.com","emailType":"ERROR"},"successTaskEmail":{"@type":"taskEmail","id":342429,"emails":"sri.battu@appdynamics.com","emailType":"SUCCESS"},"warningTaskEmail":{"@type":"taskEmail","id":342430,"emails":"sri.battu@appdynamics.com","emailType":"WARNING"},"maxLogs":10,"references":[{"@type":"reference","refObjectId":"@36CTVU1onYBlrDfBQnJyuo","refType":"mtTask"}],"tasks":[{"@type":"workflowTask","taskId":"@36CTVU1onYBlrDfBQnJyuo","type":"MTT","name":"mct_NS_FF_Emp_Terminations_For_Okta_User_Deactivations","stopOnError":false,"stopOnWarning":false}]}]