[{"@type":"dssTask","id":"@1","name":"DSS_Invoice_Payments_01a_PUT_NS_To_File","description":"","maxLogs":10,"sourceConnectionId":"@2HkgXY792eLcO5miPnn8me","targetConnectionId":"@6ey2Cmo3PaHcsThnJ0TYui","targetObject":"FF_InvoicePayments_FromNetSuite_temp.csv","targetObjectLabel":"FF_InvoicePayments_FromNetSuite_temp.csv","targetChildObjectLabel":"","operation":"Insert","maxRows":0,"truncateTarget":false,"bulkApiDBTarget":false,"verbose":false,"tgtFlatFileAttrs":{"@type":"flatFileAttrs","id":44306,"delimiter":",","textQualifier":"\"","escapeChar":"","headerLineNo":1,"firstDataRow":2},"targetMetadataUpdated":false,"modelVersion":"V3-R600","queryAll":false,"srcSettings":{"@type":"taskDataSourceSetting","isShowLabels":true,"isNaturalOrder":true},"tgtSettings":{"@type":"taskDataSourceSetting","isShowLabels":false,"isNaturalOrder":true},"cfSettings":{"@type":"taskDataSourceSetting","isShowLabels":false,"isNaturalOrder":true},"bulkApi":false,"bulkApiSerialMode":false,"bulkApiMonitor":false,"isTargetObjectSfCustom":false,"allowNullUpdates":false,"targetBatchSize":200,"assignmentRuleId":"-1","assignmentRuleType":"None","createSuccessFile":false,"bulkApiHardDelete":false,"srcRuntimeAttrs":{"@type":"taskRuntimeAttrs","attrs":{"Start Date":"","End Date":"","Maximum Number of Records to be read":"","Concurrent Threads":"1","Page Size":"100","Get Deleted":"0"}},"tgtRuntimeAttrs":{"@type":"taskRuntimeAttrs","attrs":{}},"sourceObjects":[{"@type":"mObject","name":"VendorPayment","label":"VendorPayment","metadataUpdated":false,"relations":[],"children":[{"@type":"mObject","name":"VendorPaymentApplyList","label":"VendorPaymentApplyList","metadataUpdated":false,"relations":[{"@type":"objectRelation","object1":"VendorPaymentApplyList","object2":"VendorPayment","relationshipName":"applyList","relationshipType":"Child"}],"children":[]}]}],"advancedFilters":[],"filters":[{"@type":"filter","objectName":"VendorPayment","objectLabel":"VendorPayment","field":"lastModifiedDate","fieldLabel":"lastModifiedDate","type":"TOOLKIT_DATETIME","operator":"greaterThan","value":"$LastRunTime"}],"fieldMaps":[{"@type":"fieldMap","id":"954797","targetField":{"@type":"field","id":2350274,"name":"VendorPayment_internalId","type":"nstring","uniqueName":"VendorPayment_internalId","label":"VendorPayment_internalId","parentObject":"FF_InvoicePayments_FromNetSuite_temp.csv","pcType":"UNISTRING","precision":256,"scale":0,"columnIndex":0,"isKey":false,"isExternalId":false,"isSfIdLookup":false,"isNullable":true,"isUnique":false,"isCreateable":false,"isUpdateable":true,"isFilterable":true,"isCalculated":false,"showLabel":false,"naturalOrder":0,"linkedFields":["internalId"],"relatedInfos":[],"references":[]},"expression":"internalId"},{"@type":"fieldMap","id":"954798","targetField":{"@type":"field","id":2350275,"name":"VendorPayment_lastmodifieddate","type":"datetime","uniqueName":"VendorPayment_lastmodifieddate","label":"VendorPayment_lastmodifieddate","parentObject":"FF_InvoicePayments_FromNetSuite_temp.csv","pcType":"DATE","precision":19,"scale":0,"columnIndex":1,"isKey":false,"isExternalId":false,"isSfIdLookup":false,"isNullable":true,"isUnique":false,"isCreateable":false,"isUpdateable":true,"isFilterable":true,"isCalculated":false,"showLabel":false,"naturalOrder":0,"linkedFields":["lastModifiedDate"],"relatedInfos":[],"references":[]},"expression":"lastModifiedDate"},{"@type":"fieldMap","id":"954799","targetField":{"@type":"field","id":2350276,"name":"VendorPaymentApplyList_tranDate","type":"nstring","uniqueName":"VendorPaymentApplyList_tranDate","label":"VendorPaymentApplyList_tranDate","parentObject":"FF_InvoicePayments_FromNetSuite_temp.csv","pcType":"UNISTRING","precision":255,"scale":0,"columnIndex":2,"isKey":false,"isExternalId":false,"isSfIdLookup":false,"isNullable":true,"isUnique":false,"isCreateable":false,"isUpdateable":true,"isFilterable":true,"isCalculated":false,"showLabel":false,"naturalOrder":0,"linkedFields":["tranDate"],"relatedInfos":[],"references":[]},"expression":"TO_CHAR(GET_DATE_PART(tranDate, 'YYYY')) || '-' || \n\n\nLPAD(TO_CHAR(GET_DATE_PART(tranDate, 'MM')), 2, '0') || '-' || \n\n\nLPAD(TO_CHAR(GET_DATE_PART(tranDate, 'DD')), 2, '0')\n"},{"@type":"fieldMap","id":"954800","targetField":{"@type":"field","id":2350277,"name":"VendorPayment_Memo","type":"nstring","uniqueName":"VendorPayment_Memo","label":"VendorPayment_Memo","parentObject":"FF_InvoicePayments_FromNetSuite_temp.csv","pcType":"UNISTRING","precision":255,"scale":0,"columnIndex":3,"isKey":false,"isExternalId":false,"isSfIdLookup":false,"isNullable":true,"isUnique":false,"isCreateable":false,"isUpdateable":true,"isFilterable":true,"isCalculated":false,"showLabel":false,"naturalOrder":0,"linkedFields":["tranId","memo","status","internalId","doc","refNum"],"relatedInfos":[],"references":[]},"expression":"ltrim(rtrim(\n\nIIF(status = 'Voided', \n\n'Voided' || ' - ' || tranid || ' - ' || internalId || ' - ' || replacechr(0,replacechr(0,refNum, ';', ':'), '&', 'and') || ' - ' || TO_CHAR(doc) || ' - ' || \n\nreplacechr(0,\nreplacechr(0,\nreplacechr(0, \nreplacechr(0, \nreplacechr(0, \nreplacechr(0, memo, '&', 'and'), ';', ':'), '?', '!'), '=', ' equal '), ';', ':'), '#', ':'), \n\n\ntranid || ' - ' || internalId || ' - ' || replacechr(0,replacechr(0,refNum, ';', ':'), '&', 'and') || ' - ' || TO_CHAR(doc) || ' - ' || \nreplacechr(0,\nreplacechr(0, \nreplacechr(0, \nreplacechr(0, \nreplacechr(0, \nreplacechr(0, memo, '&', 'and'), ';', ':'), '?', '!'), '=', ' equal '), ';', ':'), '#', ':')  \n\n)\n\n))"},{"@type":"fieldMap","id":"954801","targetField":{"@type":"field","id":2350278,"name":"OriginalMemo","type":"nstring","uniqueName":"OriginalMemo","label":"OriginalMemo","parentObject":"FF_InvoicePayments_FromNetSuite_temp.csv","pcType":"UNISTRING","precision":255,"scale":0,"columnIndex":4,"isKey":false,"isExternalId":false,"isSfIdLookup":false,"isNullable":true,"isUnique":false,"isCreateable":false,"isUpdateable":true,"isFilterable":true,"isCalculated":false,"showLabel":false,"naturalOrder":0,"linkedFields":["tranId","memo","internalId","doc","refNum"],"relatedInfos":[],"references":[]},"expression":"ltrim(rtrim(\n\ntranid || ' - ' || internalId || ' - ' || replacechr(0,replacechr(0,refNum, ';', ':'), '&', 'and') || ' - ' || TO_CHAR(doc) || ' - ' || \nreplacechr(0, \nreplacechr(0, \nreplacechr(0, \nreplacechr(0, \nreplacechr(0, \nreplacechr(0, memo, '&', 'and'), ';', ':'), '?', '!'), '=', ' equal '), ';', ':'), '#', ':')  \n\n))"},{"@type":"fieldMap","id":"954802","targetField":{"@type":"field","id":2350279,"name":"VendorPayment_cust_ppp_approval_status","type":"nstring","uniqueName":"VendorPayment_cust_ppp_approval_status","label":"VendorPayment_cust_ppp_approval_status","parentObject":"FF_InvoicePayments_FromNetSuite_temp.csv","pcType":"UNISTRING","precision":256,"scale":0,"columnIndex":5,"isKey":false,"isExternalId":false,"isSfIdLookup":false,"isNullable":true,"isUnique":false,"isCreateable":false,"isUpdateable":true,"isFilterable":true,"isCalculated":false,"showLabel":false,"naturalOrder":0,"linkedFields":["custom_Avid_Approval_Status_InternalId"],"relatedInfos":[],"references":[]},"expression":"custom_Avid_Approval_Status_InternalId"},{"@type":"fieldMap","id":"954803","targetField":{"@type":"field","id":2350280,"name":"VendorPayment_status","type":"nstring","uniqueName":"VendorPayment_status","label":"VendorPayment_status","parentObject":"FF_InvoicePayments_FromNetSuite_temp.csv","pcType":"UNISTRING","precision":256,"scale":0,"columnIndex":6,"isKey":false,"isExternalId":false,"isSfIdLookup":false,"isNullable":true,"isUnique":false,"isCreateable":false,"isUpdateable":true,"isFilterable":true,"isCalculated":false,"showLabel":false,"naturalOrder":0,"linkedFields":["status"],"relatedInfos":[],"references":[]},"expression":"status"},{"@type":"fieldMap","id":"954804","targetField":{"@type":"field","id":2350281,"name":"VendorPayment_cust_ppp_method","type":"nstring","uniqueName":"VendorPayment_cust_ppp_method","label":"VendorPayment_cust_ppp_method","parentObject":"FF_InvoicePayments_FromNetSuite_temp.csv","pcType":"UNISTRING","precision":256,"scale":0,"columnIndex":7,"isKey":false,"isExternalId":false,"isSfIdLookup":false,"isNullable":true,"isUnique":false,"isCreateable":false,"isUpdateable":true,"isFilterable":true,"isCalculated":false,"showLabel":false,"naturalOrder":0,"linkedFields":["custom_Avid_Payment_Method_InternalId"],"relatedInfos":[],"references":[]},"expression":"custom_Avid_Payment_Method_InternalId"},{"@type":"fieldMap","id":"954805","targetField":{"@type":"field","id":2350282,"name":"VendorPaymentApplyList_applyDate","type":"nstring","uniqueName":"VendorPaymentApplyList_applyDate","label":"VendorPaymentApplyList_applyDate","parentObject":"FF_InvoicePayments_FromNetSuite_temp.csv","pcType":"UNISTRING","precision":255,"scale":0,"columnIndex":8,"isKey":false,"isExternalId":false,"isSfIdLookup":false,"isNullable":true,"isUnique":false,"isCreateable":false,"isUpdateable":true,"isFilterable":true,"isCalculated":false,"showLabel":false,"naturalOrder":0,"linkedFields":["applyDate"],"relatedInfos":[],"references":[]},"expression":"TO_CHAR(GET_DATE_PART(applyDate, 'YYYY')) || '-' || \n\n\nLPAD(TO_CHAR(GET_DATE_PART(applyDate, 'MM')), 2, '0') || '-' || \n\n\nLPAD(TO_CHAR(GET_DATE_PART(applyDate, 'DD')), 2, '0')\n"},{"@type":"fieldMap","id":"954806","targetField":{"@type":"field","id":2350283,"name":"VendorPaymentApplyList_amount","type":"number","uniqueName":"VendorPaymentApplyList_amount","label":"VendorPaymentApplyList_amount","parentObject":"FF_InvoicePayments_FromNetSuite_temp.csv","pcType":"HIPRECDECIMAL","precision":15,"scale":0,"columnIndex":9,"isKey":false,"isExternalId":false,"isSfIdLookup":false,"isNullable":true,"isUnique":false,"isCreateable":false,"isUpdateable":true,"isFilterable":true,"isCalculated":false,"showLabel":false,"naturalOrder":0,"linkedFields":["amount"],"relatedInfos":[],"references":[]},"expression":"amount"},{"@type":"fieldMap","id":"954807","targetField":{"@type":"field","id":2350284,"name":"VendorPaymentApplyList_line","type":"bigint","uniqueName":"VendorPaymentApplyList_line","label":"VendorPaymentApplyList_line","parentObject":"FF_InvoicePayments_FromNetSuite_temp.csv","pcType":"INT","precision":19,"scale":0,"columnIndex":10,"isKey":false,"isExternalId":false,"isSfIdLookup":false,"isNullable":true,"isUnique":false,"isCreateable":false,"isUpdateable":true,"isFilterable":true,"isCalculated":false,"showLabel":false,"naturalOrder":0,"linkedFields":["line"],"relatedInfos":[],"references":[]},"expression":"line"},{"@type":"fieldMap","id":"954808","targetField":{"@type":"field","id":2350285,"name":"VendorPaymentApplyList_refNum","type":"nstring","uniqueName":"VendorPaymentApplyList_refNum","label":"VendorPaymentApplyList_refNum","parentObject":"FF_InvoicePayments_FromNetSuite_temp.csv","pcType":"UNISTRING","precision":256,"scale":0,"columnIndex":11,"isKey":false,"isExternalId":false,"isSfIdLookup":false,"isNullable":true,"isUnique":false,"isCreateable":false,"isUpdateable":true,"isFilterable":true,"isCalculated":false,"showLabel":false,"naturalOrder":0,"linkedFields":["refNum"],"relatedInfos":[],"references":[]},"expression":"refNum"},{"@type":"fieldMap","id":"954809","targetField":{"@type":"field","id":2350286,"name":"VendorPaymentApplyList_doc","type":"bigint","uniqueName":"VendorPaymentApplyList_doc","label":"VendorPaymentApplyList_doc","parentObject":"FF_InvoicePayments_FromNetSuite_temp.csv","pcType":"INT","precision":19,"scale":0,"columnIndex":12,"isKey":false,"isExternalId":false,"isSfIdLookup":false,"isNullable":true,"isUnique":false,"isCreateable":false,"isUpdateable":true,"isFilterable":true,"isCalculated":false,"showLabel":false,"naturalOrder":0,"linkedFields":["doc"],"relatedInfos":[],"references":[]},"expression":"doc"},{"@type":"fieldMap","id":"954810","targetField":{"@type":"field","id":2350287,"name":"VendorPaymentApplyList_type","type":"nstring","uniqueName":"VendorPaymentApplyList_type","label":"VendorPaymentApplyList_type","parentObject":"FF_InvoicePayments_FromNetSuite_temp.csv","pcType":"UNISTRING","precision":256,"scale":0,"columnIndex":13,"isKey":false,"isExternalId":false,"isSfIdLookup":false,"isNullable":true,"isUnique":false,"isCreateable":false,"isUpdateable":true,"isFilterable":true,"isCalculated":false,"showLabel":false,"naturalOrder":0,"linkedFields":["type"],"relatedInfos":[],"references":[]},"expression":"type"}],"sourceFields":[{"@type":"field","id":2350288,"name":"createdDate","type":"datetime","uniqueName":"createdDate","label":"createdDate","parentObject":"VendorPayment","pcType":"TOOLKIT_DATETIME","precision":19,"scale":0,"columnIndex":-1,"isKey":false,"isExternalId":false,"isSfIdLookup":false,"isNullable":true,"isUnique":false,"isCreateable":false,"isUpdateable":true,"isFilterable":false,"isCalculated":false,"javaType":"java.sql.Timestamp","showLabel":true,"naturalOrder":0,"linkedFields":[],"relatedInfos":[],"references":[]},{"@type":"field","id":2350289,"name":"lastModifiedDate","type":"datetime","uniqueName":"lastModifiedDate","label":"lastModifiedDate","parentObject":"VendorPayment","pcType":"TOOLKIT_DATETIME","precision":19,"scale":0,"columnIndex":-1,"isKey":false,"isExternalId":false,"isSfIdLookup":false,"isNullable":true,"isUnique":false,"isCreateable":false,"isUpdateable":true,"isFilterable":true,"isCalculated":false,"javaType":"java.sql.Timestamp","showLabel":true,"naturalOrder":1,"linkedFields":["VendorPayment_lastmodifieddate"],"relatedInfos":[],"references":[]},{"@type":"field","id":2350290,"name":"customForm_InternalId","type":"string","uniqueName":"customForm_InternalId","label":"customForm_InternalId","parentObject":"VendorPayment","pcType":"NSTRING","precision":256,"scale":0,"columnIndex":-1,"isKey":false,"isExternalId":false,"isSfIdLookup":false,"isNullable":true,"isUnique":false,"isCreateable":false,"isUpdateable":true,"isFilterable":false,"isCalculated":false,"javaType":"java.lang.String","showLabel":true,"naturalOrder":2,"linkedFields":[],"relatedInfos":[],"references":[]},{"@type":"field","id":2350291,"name":"customForm_ExternalId","type":"string","uniqueName":"customForm_ExternalId","label":"customForm_ExternalId","parentObject":"VendorPayment","pcType":"NSTRING","precision":256,"scale":0,"columnIndex":-1,"isKey":false,"isExternalId":false,"isSfIdLookup":false,"isNullable":true,"isUnique":false,"isCreateable":false,"isUpdateable":true,"isFilterable":false,"isCalculated":false,"javaType":"java.lang.String","showLabel":true,"naturalOrder":3,"linkedFields":[],"relatedInfos":[],"references":[]},{"@type":"field","id":2350292,"name":"customForm_Type","type":"string","uniqueName":"customForm_Type","label":"customForm_Type","parentObject":"VendorPayment","pcType":"NSTRING","precision":256,"scale":0,"columnIndex":-1,"isKey":false,"isExternalId":false,"isSfIdLookup":false,"isNullable":true,"isUnique":false,"isCreateable":false,"isUpdateable":true,"isFilterable":false,"isCalculated":false,"javaType":"java.lang.String","showLabel":true,"naturalOrder":4,"linkedFields":[],"relatedInfos":[],"references":[]},{"@type":"field","id":2350293,"name":"customForm_Name","type":"string","uniqueName":"customForm_Name","label":"customForm_Name","parentObject":"VendorPayment","pcType":"NSTRING","precision":256,"scale":0,"columnIndex":-1,"isKey":false,"isExternalId":false,"isSfIdLookup":false,"isNullable":true,"isUnique":false,"isCreateable":false,"isUpdateable":true,"isFilterable":false,"isCalculated":false,"javaType":"java.lang.String","showLabel":true,"naturalOrder":5,"linkedFields":[],"relatedInfos":[],"references":[]},{"@type":"field","id":2350294,"name":"account_InternalId","type":"string","uniqueName":"account_InternalId","label":"account_InternalId","parentObject":"VendorPayment","pcType":"NSTRING","precision":256,"scale":0,"columnIndex":-1,"isKey":false,"isExternalId":false,"isSfIdLookup":false,"isNullable":true,"isUnique":false,"isCreateable":false,"isUpdateable":true,"isFilterable":false,"isCalculated":false,"javaType":"java.lang.String","showLabel":true,"naturalOrder":6,"linkedFields":[],"relatedInfos":[],"references":[]},{"@type":"field","id":2350295,"name":"account_ExternalId","type":"string","uniqueName":"account_ExternalId","label":"account_ExternalId","parentObject":"VendorPayment","pcType":"NSTRING","precision":256,"scale":0,"columnIndex":-1,"isKey":false,"isExternalId":false,"isSfIdLookup":false,"isNullable":true,"isUnique":false,"isCreateable":false,"isUpdateable":true,"isFilterable":false,"isCalculated":false,"javaType":"java.lang.String","showLabel":true,"naturalOrder":7,"linkedFields":[],"relatedInfos":[],"references":[]},{"@type":"field","id":2350296,"name":"account_Type","type":"string","uniqueName":"account_Type","label":"account_Type","parentObject":"VendorPayment","pcType":"NSTRING","precision":256,"scale":0,"columnIndex":-1,"isKey":false,"isExternalId":false,"isSfIdLookup":false,"isNullable":true,"isUnique":false,"isCreateable":false,"isUpdateable":true,"isFilterable":false,"isCalculated":false,"javaType":"java.lang.String","showLabel":true,"naturalOrder":8,"linkedFields":[],"relatedInfos":[],"references":[]},{"@type":"field","id":2350297,"name":"account_Name","type":"string","uniqueName":"account_Name","label":"account_Name","parentObject":"VendorPayment","pcType":"NSTRING","precision":256,"scale":0,"columnIndex":-1,"isKey":false,"isExternalId":false,"isSfIdLookup":false,"isNullable":true,"isUnique":false,"isCreateable":false,"isUpdateable":true,"isFilterable":false,"isCalculated":false,"javaType":"java.lang.String","showLabel":true,"naturalOrder":9,"linkedFields":[],"relatedInfos":[],"references":[]},{"@type":"field","id":2350298,"name":"balance","type":"double","uniqueName":"balance","label":"balance","parentObject":"VendorPayment","pcType":"DECIMAL","precision":15,"scale":0,"columnIndex":-1,"isKey":false,"isExternalId":false,"isSfIdLookup":false,"isNullable":true,"isUnique":false,"isCreateable":false,"isUpdateable":true,"isFilterable":false,"isCalculated":false,"javaType":"java.math.BigDecimal","showLabel":true,"naturalOrder":10,"linkedFields":[],"relatedInfos":[],"references":[]},{"@type":"field","id":2350299,"name":"apAcct_InternalId","type":"string","uniqueName":"apAcct_InternalId","label":"apAcct_InternalId","parentObject":"VendorPayment","pcType":"NSTRING","precision":256,"scale":0,"columnIndex":-1,"isKey":false,"isExternalId":false,"isSfIdLookup":false,"isNullable":true,"isUnique":false,"isCreateable":false,"isUpdateable":true,"isFilterable":false,"isCalculated":false,"javaType":"java.lang.String","showLabel":true,"naturalOrder":11,"linkedFields":[],"relatedInfos":[],"references":[]},{"@type":"field","id":2350300,"name":"apAcct_ExternalId","type":"string","uniqueName":"apAcct_ExternalId","label":"apAcct_ExternalId","parentObject":"VendorPayment","pcType":"NSTRING","precision":256,"scale":0,"columnIndex":-1,"isKey":false,"isExternalId":false,"isSfIdLookup":false,"isNullable":true,"isUnique":false,"isCreateable":false,"isUpdateable":true,"isFilterable":false,"isCalculated":false,"javaType":"java.lang.String","showLabel":true,"naturalOrder":12,"linkedFields":[],"relatedInfos":[],"references":[]},{"@type":"field","id":2350301,"name":"apAcct_Type","type":"string","uniqueName":"apAcct_Type","label":"apAcct_Type","parentObject":"VendorPayment","pcType":"NSTRING","precision":256,"scale":0,"columnIndex":-1,"isKey":false,"isExternalId":false,"isSfIdLookup":false,"isNullable":true,"isUnique":false,"isCreateable":false,"isUpdateable":true,"isFilterable":false,"isCalculated":false,"javaType":"java.lang.String","showLabel":true,"naturalOrder":13,"linkedFields":[],"relatedInfos":[],"references":[]},{"@type":"field","id":2350302,"name":"apAcct_Name","type":"string","uniqueName":"apAcct_Name","label":"apAcct_Name","parentObject":"VendorPayment","pcType":"NSTRING","precision":256,"scale":0,"columnIndex":-1,"isKey":false,"isExternalId":false,"isSfIdLookup":false,"isNullable":true,"isUnique":false,"isCreateable":false,"isUpdateable":true,"isFilterable":false,"isCalculated":false,"javaType":"java.lang.String","showLabel":true,"naturalOrder":14,"linkedFields":[],"relatedInfos":[],"references":[]},{"@type":"field","id":2350303,"name":"entity_InternalId","type":"string","uniqueName":"entity_InternalId","label":"entity_InternalId","parentObject":"VendorPayment","pcType":"NSTRING","precision":256,"scale":0,"columnIndex":-1,"isKey":false,"isExternalId":false,"isSfIdLookup":false,"isNullable":true,"isUnique":false,"isCreateable":false,"isUpdateable":true,"isFilterable":false,"isCalculated":false,"javaType":"java.lang.String","showLabel":true,"naturalOrder":15,"linkedFields":[],"relatedInfos":[],"references":[]},{"@type":"field","id":2350304,"name":"entity_ExternalId","type":"string","uniqueName":"entity_ExternalId","label":"entity_ExternalId","parentObject":"VendorPayment","pcType":"NSTRING","precision":256,"scale":0,"columnIndex":-1,"isKey":false,"isExternalId":false,"isSfIdLookup":false,"isNullable":true,"isUnique":false,"isCreateable":false,"isUpdateable":true,"isFilterable":false,"isCalculated":false,"javaType":"java.lang.String","showLabel":true,"naturalOrder":16,"linkedFields":[],"relatedInfos":[],"references":[]},{"@type":"field","id":2350305,"name":"entity_Type","type":"string","uniqueName":"entity_Type","label":"entity_Type","parentObject":"VendorPayment","pcType":"NSTRING","precision":256,"scale":0,"columnIndex":-1,"isKey":false,"isExternalId":false,"isSfIdLookup":false,"isNullable":true,"isUnique":false,"isCreateable":false,"isUpdateable":true,"isFilterable":false,"isCalculated":false,"javaType":"java.lang.String","showLabel":true,"naturalOrder":17,"linkedFields":[],"relatedInfos":[],"references":[]},{"@type":"field","id":2350306,"name":"entity_Name","type":"string","uniqueName":"entity_Name","label":"entity_Name","parentObject":"VendorPayment","pcType":"NSTRING","precision":256,"scale":0,"columnIndex":-1,"isKey":false,"isExternalId":false,"isSfIdLookup":false,"isNullable":true,"isUnique":false,"isCreateable":false,"isUpdateable":true,"isFilterable":false,"isCalculated":false,"javaType":"java.lang.String","showLabel":true,"naturalOrder":18,"linkedFields":[],"relatedInfos":[],"references":[]},{"@type":"field","id":2350307,"name":"address","type":"string","uniqueName":"address","label":"address","parentObject":"VendorPayment","pcType":"NSTRING","precision":256,"scale":0,"columnIndex":-1,"isKey":false,"isExternalId":false,"isSfIdLookup":false,"isNullable":true,"isUnique":false,"isCreateable":false,"isUpdateable":true,"isFilterable":false,"isCalculated":false,"javaType":"java.lang.String","showLabel":true,"naturalOrder":19,"linkedFields":[],"relatedInfos":[],"references":[]},{"@type":"field","id":2350308,"name":"tranDate","type":"datetime","uniqueName":"tranDate","label":"tranDate","parentObject":"VendorPayment","pcType":"TOOLKIT_DATETIME","precision":19,"scale":0,"columnIndex":-1,"isKey":false,"isExternalId":false,"isSfIdLookup":false,"isNullable":true,"isUnique":false,"isCreateable":false,"isUpdateable":true,"isFilterable":true,"isCalculated":false,"javaType":"java.sql.Timestamp","showLabel":true,"naturalOrder":20,"linkedFields":["VendorPaymentApplyList_tranDate"],"relatedInfos":[],"references":[]},{"@type":"field","id":2350309,"name":"voidJournal_InternalId","type":"string","uniqueName":"voidJournal_InternalId","label":"voidJournal_InternalId","parentObject":"VendorPayment","pcType":"NSTRING","precision":256,"scale":0,"columnIndex":-1,"isKey":false,"isExternalId":false,"isSfIdLookup":false,"isNullable":true,"isUnique":false,"isCreateable":false,"isUpdateable":true,"isFilterable":false,"isCalculated":false,"javaType":"java.lang.String","showLabel":true,"naturalOrder":21,"linkedFields":[],"relatedInfos":[],"references":[]},{"@type":"field","id":2350310,"name":"voidJournal_ExternalId","type":"string","uniqueName":"voidJournal_ExternalId","label":"voidJournal_ExternalId","parentObject":"VendorPayment","pcType":"NSTRING","precision":256,"scale":0,"columnIndex":-1,"isKey":false,"isExternalId":false,"isSfIdLookup":false,"isNullable":true,"isUnique":false,"isCreateable":false,"isUpdateable":true,"isFilterable":false,"isCalculated":false,"javaType":"java.lang.String","showLabel":true,"naturalOrder":22,"linkedFields":[],"relatedInfos":[],"references":[]},{"@type":"field","id":2350311,"name":"voidJournal_Type","type":"string","uniqueName":"voidJournal_Type","label":"voidJournal_Type","parentObject":"VendorPayment","pcType":"NSTRING","precision":256,"scale":0,"columnIndex":-1,"isKey":false,"isExternalId":false,"isSfIdLookup":false,"isNullable":true,"isUnique":false,"isCreateable":false,"isUpdateable":true,"isFilterable":false,"isCalculated":false,"javaType":"java.lang.String","showLabel":true,"naturalOrder":23,"linkedFields":[],"relatedInfos":[],"references":[]},{"@type":"field","id":2350312,"name":"voidJournal_Name","type":"string","uniqueName":"voidJournal_Name","label":"voidJournal_Name","parentObject":"VendorPayment","pcType":"NSTRING","precision":256,"scale":0,"columnIndex":-1,"isKey":false,"isExternalId":false,"isSfIdLookup":false,"isNullable":true,"isUnique":false,"isCreateable":false,"isUpdateable":true,"isFilterable":false,"isCalculated":false,"javaType":"java.lang.String","showLabel":true,"naturalOrder":24,"linkedFields":[],"relatedInfos":[],"references":[]},{"@type":"field","id":2350313,"name":"postingPeriod_InternalId","type":"string","uniqueName":"postingPeriod_InternalId","label":"postingPeriod_InternalId","parentObject":"VendorPayment","pcType":"NSTRING","precision":256,"scale":0,"columnIndex":-1,"isKey":false,"isExternalId":false,"isSfIdLookup":false,"isNullable":true,"isUnique":false,"isCreateable":false,"isUpdateable":true,"isFilterable":true,"isCalculated":false,"javaType":"java.lang.String","showLabel":true,"naturalOrder":25,"linkedFields":[],"relatedInfos":[],"references":[]},{"@type":"field","id":2350314,"name":"postingPeriod_ExternalId","type":"string","uniqueName":"postingPeriod_ExternalId","label":"postingPeriod_ExternalId","parentObject":"VendorPayment","pcType":"NSTRING","precision":256,"scale":0,"columnIndex":-1,"isKey":false,"isExternalId":false,"isSfIdLookup":false,"isNullable":true,"isUnique":false,"isCreateable":false,"isUpdateable":true,"isFilterable":true,"isCalculated":false,"javaType":"java.lang.String","showLabel":true,"naturalOrder":26,"linkedFields":[],"relatedInfos":[],"references":[]},{"@type":"field","id":2350315,"name":"postingPeriod_Type","type":"string","uniqueName":"postingPeriod_Type","label":"postingPeriod_Type","parentObject":"VendorPayment","pcType":"NSTRING","precision":256,"scale":0,"columnIndex":-1,"isKey":false,"isExternalId":false,"isSfIdLookup":false,"isNullable":true,"isUnique":false,"isCreateable":false,"isUpdateable":true,"isFilterable":true,"isCalculated":false,"javaType":"java.lang.String","showLabel":true,"naturalOrder":27,"linkedFields":[],"relatedInfos":[],"references":[]},{"@type":"field","id":2350316,"name":"postingPeriod_Name","type":"string","uniqueName":"postingPeriod_Name","label":"postingPeriod_Name","parentObject":"VendorPayment","pcType":"NSTRING","precision":256,"scale":0,"columnIndex":-1,"isKey":false,"isExternalId":false,"isSfIdLookup":false,"isNullable":true,"isUnique":false,"isCreateable":false,"isUpdateable":true,"isFilterable":true,"isCalculated":false,"javaType":"java.lang.String","showLabel":true,"naturalOrder":28,"linkedFields":[],"relatedInfos":[],"references":[]},{"@type":"field","id":2350317,"name":"currencyName","type":"string","uniqueName":"currencyName","label":"currencyName","parentObject":"VendorPayment","pcType":"NSTRING","precision":256,"scale":0,"columnIndex":-1,"isKey":false,"isExternalId":false,"isSfIdLookup":false,"isNullable":true,"isUnique":false,"isCreateable":false,"isUpdateable":true,"isFilterable":false,"isCalculated":false,"javaType":"java.lang.String","showLabel":true,"naturalOrder":29,"linkedFields":[],"relatedInfos":[],"references":[]},{"@type":"field","id":2350318,"name":"exchangeRate","type":"double","uniqueName":"exchangeRate","label":"exchangeRate","parentObject":"VendorPayment","pcType":"DECIMAL","precision":15,"scale":0,"columnIndex":-1,"isKey":false,"isExternalId":false,"isSfIdLookup":false,"isNullable":true,"isUnique":false,"isCreateable":false,"isUpdateable":true,"isFilterable":true,"isCalculated":false,"javaType":"java.math.BigDecimal","showLabel":true,"naturalOrder":30,"linkedFields":[],"relatedInfos":[],"references":[]},{"@type":"field","id":2350319,"name":"toAch","type":"boolean","uniqueName":"toAch","label":"toAch","parentObject":"VendorPayment","pcType":"SMALL_INTEGER","precision":2,"scale":0,"columnIndex":-1,"isKey":false,"isExternalId":false,"isSfIdLookup":false,"isNullable":true,"isUnique":false,"isCreateable":false,"isUpdateable":true,"isFilterable":false,"isCalculated":false,"javaType":"java.lang.Boolean","showLabel":true,"naturalOrder":31,"linkedFields":[],"relatedInfos":[],"references":[]},{"@type":"field","id":2350320,"name":"toBePrinted","type":"boolean","uniqueName":"toBePrinted","label":"toBePrinted","parentObject":"VendorPayment","pcType":"SMALL_INTEGER","precision":2,"scale":0,"columnIndex":-1,"isKey":false,"isExternalId":false,"isSfIdLookup":false,"isNullable":true,"isUnique":false,"isCreateable":false,"isUpdateable":true,"isFilterable":true,"isCalculated":false,"javaType":"java.lang.Boolean","showLabel":true,"naturalOrder":32,"linkedFields":[],"relatedInfos":[],"references":[]},{"@type":"field","id":2350321,"name":"printVoucher","type":"boolean","uniqueName":"printVoucher","label":"printVoucher","parentObject":"VendorPayment","pcType":"SMALL_INTEGER","precision":2,"scale":0,"columnIndex":-1,"isKey":false,"isExternalId":false,"isSfIdLookup":false,"isNullable":true,"isUnique":false,"isCreateable":false,"isUpdateable":true,"isFilterable":false,"isCalculated":false,"javaType":"java.lang.Boolean","showLabel":true,"naturalOrder":33,"linkedFields":[],"relatedInfos":[],"references":[]},{"@type":"field","id":2350322,"name":"tranId","type":"string","uniqueName":"tranId","label":"tranId","parentObject":"VendorPayment","pcType":"NSTRING","precision":256,"scale":0,"columnIndex":-1,"isKey":false,"isExternalId":false,"isSfIdLookup":false,"isNullable":true,"isUnique":false,"isCreateable":false,"isUpdateable":true,"isFilterable":true,"isCalculated":false,"javaType":"java.lang.String","showLabel":true,"naturalOrder":34,"linkedFields":["VendorPayment_Memo","OriginalMemo"],"relatedInfos":[],"references":[]},{"@type":"field","id":2350323,"name":"total","type":"double","uniqueName":"total","label":"total","parentObject":"VendorPayment","pcType":"DECIMAL","precision":15,"scale":0,"columnIndex":-1,"isKey":false,"isExternalId":false,"isSfIdLookup":false,"isNullable":true,"isUnique":false,"isCreateable":false,"isUpdateable":true,"isFilterable":false,"isCalculated":false,"javaType":"java.math.BigDecimal","showLabel":true,"naturalOrder":35,"linkedFields":[],"relatedInfos":[],"references":[]},{"@type":"field","id":2350324,"name":"currency_InternalId","type":"string","uniqueName":"currency_InternalId","label":"currency_InternalId","parentObject":"VendorPayment","pcType":"NSTRING","precision":256,"scale":0,"columnIndex":-1,"isKey":false,"isExternalId":false,"isSfIdLookup":false,"isNullable":true,"isUnique":false,"isCreateable":false,"isUpdateable":true,"isFilterable":false,"isCalculated":false,"javaType":"java.lang.String","showLabel":true,"naturalOrder":36,"linkedFields":[],"relatedInfos":[],"references":[]},{"@type":"field","id":2350325,"name":"currency_ExternalId","type":"string","uniqueName":"currency_ExternalId","label":"currency_ExternalId","parentObject":"VendorPayment","pcType":"NSTRING","precision":256,"scale":0,"columnIndex":-1,"isKey":false,"isExternalId":false,"isSfIdLookup":false,"isNullable":true,"isUnique":false,"isCreateable":false,"isUpdateable":true,"isFilterable":false,"isCalculated":false,"javaType":"java.lang.String","showLabel":true,"naturalOrder":37,"linkedFields":[],"relatedInfos":[],"references":[]},{"@type":"field","id":2350326,"name":"currency_Type","type":"string","uniqueName":"currency_Type","label":"currency_Type","parentObject":"VendorPayment","pcType":"NSTRING","precision":256,"scale":0,"columnIndex":-1,"isKey":false,"isExternalId":false,"isSfIdLookup":false,"isNullable":true,"isUnique":false,"isCreateable":false,"isUpdateable":true,"isFilterable":false,"isCalculated":false,"javaType":"java.lang.String","showLabel":true,"naturalOrder":38,"linkedFields":[],"relatedInfos":[],"references":[]},{"@type":"field","id":2350327,"name":"currency_Name","type":"string","uniqueName":"currency_Name","label":"currency_Name","parentObject":"VendorPayment","pcType":"NSTRING","precision":256,"scale":0,"columnIndex":-1,"isKey":false,"isExternalId":false,"isSfIdLookup":false,"isNullable":true,"isUnique":false,"isCreateable":false,"isUpdateable":true,"isFilterable":false,"isCalculated":false,"javaType":"java.lang.String","showLabel":true,"naturalOrder":39,"linkedFields":[],"relatedInfos":[],"references":[]},{"@type":"field","id":2350328,"name":"department_InternalId","type":"string","uniqueName":"department_InternalId","label":"department_InternalId","parentObject":"VendorPayment","pcType":"NSTRING","precision":256,"scale":0,"columnIndex":-1,"isKey":false,"isExternalId":false,"isSfIdLookup":false,"isNullable":true,"isUnique":false,"isCreateable":false,"isUpdateable":true,"isFilterable":false,"isCalculated":false,"javaType":"java.lang.String","showLabel":true,"naturalOrder":40,"linkedFields":[],"relatedInfos":[],"references":[]},{"@type":"field","id":2350329,"name":"department_ExternalId","type":"string","uniqueName":"department_ExternalId","label":"department_ExternalId","parentObject":"VendorPayment","pcType":"NSTRING","precision":256,"scale":0,"columnIndex":-1,"isKey":false,"isExternalId":false,"isSfIdLookup":false,"isNullable":true,"isUnique":false,"isCreateable":false,"isUpdateable":true,"isFilterable":false,"isCalculated":false,"javaType":"java.lang.String","showLabel":true,"naturalOrder":41,"linkedFields":[],"relatedInfos":[],"references":[]},{"@type":"field","id":2350330,"name":"department_Type","type":"string","uniqueName":"department_Type","label":"department_Type","parentObject":"VendorPayment","pcType":"NSTRING","precision":256,"scale":0,"columnIndex":-1,"isKey":false,"isExternalId":false,"isSfIdLookup":false,"isNullable":true,"isUnique":false,"isCreateable":false,"isUpdateable":true,"isFilterable":false,"isCalculated":false,"javaType":"java.lang.String","showLabel":true,"naturalOrder":42,"linkedFields":[],"relatedInfos":[],"references":[]},{"@type":"field","id":2350331,"name":"department_Name","type":"string","uniqueName":"department_Name","label":"department_Name","parentObject":"VendorPayment","pcType":"NSTRING","precision":256,"scale":0,"columnIndex":-1,"isKey":false,"isExternalId":false,"isSfIdLookup":false,"isNullable":true,"isUnique":false,"isCreateable":false,"isUpdateable":true,"isFilterable":false,"isCalculated":false,"javaType":"java.lang.String","showLabel":true,"naturalOrder":43,"linkedFields":[],"relatedInfos":[],"references":[]},{"@type":"field","id":2350332,"name":"memo","type":"string","uniqueName":"memo","label":"memo","parentObject":"VendorPayment","pcType":"NSTRING","precision":256,"scale":0,"columnIndex":-1,"isKey":false,"isExternalId":false,"isSfIdLookup":false,"isNullable":true,"isUnique":false,"isCreateable":false,"isUpdateable":true,"isFilterable":true,"isCalculated":false,"javaType":"java.lang.String","showLabel":true,"naturalOrder":44,"linkedFields":["VendorPayment_Memo","OriginalMemo"],"relatedInfos":[],"references":[]},{"@type":"field","id":2350333,"name":"subsidiary_InternalId","type":"string","uniqueName":"subsidiary_InternalId","label":"subsidiary_InternalId","parentObject":"VendorPayment","pcType":"NSTRING","precision":256,"scale":0,"columnIndex":-1,"isKey":false,"isExternalId":false,"isSfIdLookup":false,"isNullable":true,"isUnique":false,"isCreateable":false,"isUpdateable":true,"isFilterable":false,"isCalculated":false,"javaType":"java.lang.String","showLabel":true,"naturalOrder":45,"linkedFields":[],"relatedInfos":[],"references":[]},{"@type":"field","id":2350334,"name":"subsidiary_ExternalId","type":"string","uniqueName":"subsidiary_ExternalId","label":"subsidiary_ExternalId","parentObject":"VendorPayment","pcType":"NSTRING","precision":256,"scale":0,"columnIndex":-1,"isKey":false,"isExternalId":false,"isSfIdLookup":false,"isNullable":true,"isUnique":false,"isCreateable":false,"isUpdateable":true,"isFilterable":false,"isCalculated":false,"javaType":"java.lang.String","showLabel":true,"naturalOrder":46,"linkedFields":[],"relatedInfos":[],"references":[]},{"@type":"field","id":2350335,"name":"subsidiary_Type","type":"string","uniqueName":"subsidiary_Type","label":"subsidiary_Type","parentObject":"VendorPayment","pcType":"NSTRING","precision":256,"scale":0,"columnIndex":-1,"isKey":false,"isExternalId":false,"isSfIdLookup":false,"isNullable":true,"isUnique":false,"isCreateable":false,"isUpdateable":true,"isFilterable":false,"isCalculated":false,"javaType":"java.lang.String","showLabel":true,"naturalOrder":47,"linkedFields":[],"relatedInfos":[],"references":[]},{"@type":"field","id":2350336,"name":"subsidiary_Name","type":"string","uniqueName":"subsidiary_Name","label":"subsidiary_Name","parentObject":"VendorPayment","pcType":"NSTRING","precision":256,"scale":0,"columnIndex":-1,"isKey":false,"isExternalId":false,"isSfIdLookup":false,"isNullable":true,"isUnique":false,"isCreateable":false,"isUpdateable":true,"isFilterable":false,"isCalculated":false,"javaType":"java.lang.String","showLabel":true,"naturalOrder":48,"linkedFields":[],"relatedInfos":[],"references":[]},{"@type":"field","id":2350337,"name":"clazz_InternalId","type":"string","uniqueName":"clazz_InternalId","label":"clazz_InternalId","parentObject":"VendorPayment","pcType":"NSTRING","precision":256,"scale":0,"columnIndex":-1,"isKey":false,"isExternalId":false,"isSfIdLookup":false,"isNullable":true,"isUnique":false,"isCreateable":false,"isUpdateable":true,"isFilterable":false,"isCalculated":false,"javaType":"java.lang.String","showLabel":true,"naturalOrder":49,"linkedFields":[],"relatedInfos":[],"references":[]},{"@type":"field","id":2350338,"name":"clazz_ExternalId","type":"string","uniqueName":"clazz_ExternalId","label":"clazz_ExternalId","parentObject":"VendorPayment","pcType":"NSTRING","precision":256,"scale":0,"columnIndex":-1,"isKey":false,"isExternalId":false,"isSfIdLookup":false,"isNullable":true,"isUnique":false,"isCreateable":false,"isUpdateable":true,"isFilterable":false,"isCalculated":false,"javaType":"java.lang.String","showLabel":true,"naturalOrder":50,"linkedFields":[],"relatedInfos":[],"references":[]},{"@type":"field","id":2350339,"name":"clazz_Type","type":"string","uniqueName":"clazz_Type","label":"clazz_Type","parentObject":"VendorPayment","pcType":"NSTRING","precision":256,"scale":0,"columnIndex":-1,"isKey":false,"isExternalId":false,"isSfIdLookup":false,"isNullable":true,"isUnique":false,"isCreateable":false,"isUpdateable":true,"isFilterable":false,"isCalculated":false,"javaType":"java.lang.String","showLabel":true,"naturalOrder":51,"linkedFields":[],"relatedInfos":[],"references":[]},{"@type":"field","id":2350340,"name":"clazz_Name","type":"string","uniqueName":"clazz_Name","label":"clazz_Name","parentObject":"VendorPayment","pcType":"NSTRING","precision":256,"scale":0,"columnIndex":-1,"isKey":false,"isExternalId":false,"isSfIdLookup":false,"isNullable":true,"isUnique":false,"isCreateable":false,"isUpdateable":true,"isFilterable":false,"isCalculated":false,"javaType":"java.lang.String","showLabel":true,"naturalOrder":52,"linkedFields":[],"relatedInfos":[],"references":[]},{"@type":"field","id":2350341,"name":"location_InternalId","type":"string","uniqueName":"location_InternalId","label":"location_InternalId","parentObject":"VendorPayment","pcType":"NSTRING","precision":256,"scale":0,"columnIndex":-1,"isKey":false,"isExternalId":false,"isSfIdLookup":false,"isNullable":true,"isUnique":false,"isCreateable":false,"isUpdateable":true,"isFilterable":false,"isCalculated":false,"javaType":"java.lang.String","showLabel":true,"naturalOrder":53,"linkedFields":[],"relatedInfos":[],"references":[]},{"@type":"field","id":2350342,"name":"location_ExternalId","type":"string","uniqueName":"location_ExternalId","label":"location_ExternalId","parentObject":"VendorPayment","pcType":"NSTRING","precision":256,"scale":0,"columnIndex":-1,"isKey":false,"isExternalId":false,"isSfIdLookup":false,"isNullable":true,"isUnique":false,"isCreateable":false,"isUpdateable":true,"isFilterable":false,"isCalculated":false,"javaType":"java.lang.String","showLabel":true,"naturalOrder":54,"linkedFields":[],"relatedInfos":[],"references":[]},{"@type":"field","id":2350343,"name":"location_Type","type":"string","uniqueName":"location_Type","label":"location_Type","parentObject":"VendorPayment","pcType":"NSTRING","precision":256,"scale":0,"columnIndex":-1,"isKey":false,"isExternalId":false,"isSfIdLookup":false,"isNullable":true,"isUnique":false,"isCreateable":false,"isUpdateable":true,"isFilterable":false,"isCalculated":false,"javaType":"java.lang.String","showLabel":true,"naturalOrder":55,"linkedFields":[],"relatedInfos":[],"references":[]},{"@type":"field","id":2350344,"name":"location_Name","type":"string","uniqueName":"location_Name","label":"location_Name","parentObject":"VendorPayment","pcType":"NSTRING","precision":256,"scale":0,"columnIndex":-1,"isKey":false,"isExternalId":false,"isSfIdLookup":false,"isNullable":true,"isUnique":false,"isCreateable":false,"isUpdateable":true,"isFilterable":false,"isCalculated":false,"javaType":"java.lang.String","showLabel":true,"naturalOrder":56,"linkedFields":[],"relatedInfos":[],"references":[]},{"@type":"field","id":2350345,"name":"status","type":"string","uniqueName":"status","label":"status","parentObject":"VendorPayment","pcType":"NSTRING","precision":256,"scale":0,"columnIndex":-1,"isKey":false,"isExternalId":false,"isSfIdLookup":false,"isNullable":true,"isUnique":false,"isCreateable":false,"isUpdateable":true,"isFilterable":true,"isCalculated":false,"javaType":"java.lang.String","showLabel":true,"naturalOrder":57,"linkedFields":["VendorPayment_status","VendorPayment_Memo"],"relatedInfos":[],"references":[]},{"@type":"field","id":2350346,"name":"transactionNumber","type":"string","uniqueName":"transactionNumber","label":"transactionNumber","parentObject":"VendorPayment","pcType":"NSTRING","precision":256,"scale":0,"columnIndex":-1,"isKey":false,"isExternalId":false,"isSfIdLookup":false,"isNullable":true,"isUnique":false,"isCreateable":false,"isUpdateable":true,"isFilterable":true,"isCalculated":false,"javaType":"java.lang.String","showLabel":true,"naturalOrder":58,"linkedFields":[],"relatedInfos":[],"references":[]},{"@type":"field","id":2350347,"name":"billPay","type":"boolean","uniqueName":"billPay","label":"billPay","parentObject":"VendorPayment","pcType":"SMALL_INTEGER","precision":2,"scale":0,"columnIndex":-1,"isKey":false,"isExternalId":false,"isSfIdLookup":false,"isNullable":true,"isUnique":false,"isCreateable":false,"isUpdateable":true,"isFilterable":false,"isCalculated":false,"javaType":"java.lang.Boolean","showLabel":true,"naturalOrder":59,"linkedFields":[],"relatedInfos":[],"references":[]},{"@type":"field","id":2350348,"name":"internalId","type":"string","uniqueName":"internalId","label":"internalId","parentObject":"VendorPayment","pcType":"NSTRING","precision":256,"scale":0,"columnIndex":-1,"isKey":true,"isExternalId":false,"isSfIdLookup":false,"isNullable":true,"isUnique":false,"isCreateable":false,"isUpdateable":true,"isFilterable":true,"isCalculated":false,"javaType":"java.lang.String","showLabel":true,"naturalOrder":60,"linkedFields":["VendorPayment_internalId","VendorPayment_Memo","OriginalMemo"],"relatedInfos":[],"references":[]},{"@type":"field","id":2350349,"name":"externalId","type":"string","uniqueName":"externalId","label":"externalId","parentObject":"VendorPayment","pcType":"NSTRING","precision":256,"scale":0,"columnIndex":-1,"isKey":false,"isExternalId":false,"isSfIdLookup":false,"isNullable":true,"isUnique":false,"isCreateable":false,"isUpdateable":true,"isFilterable":true,"isCalculated":false,"javaType":"java.lang.String","showLabel":true,"naturalOrder":61,"linkedFields":[],"relatedInfos":[],"references":[]},{"@type":"field","id":2350350,"name":"custom_Avid_Approval_Status_InternalId","type":"string","uniqueName":"custom_Avid_Approval_Status_InternalId","label":"custom_Avid_Approval_Status_InternalId","parentObject":"VendorPayment","pcType":"NSTRING","precision":256,"scale":0,"columnIndex":-1,"isKey":false,"isExternalId":false,"isSfIdLookup":false,"isNullable":true,"isUnique":false,"isCreateable":false,"isUpdateable":true,"isFilterable":false,"isCalculated":false,"javaType":"java.lang.String","showLabel":true,"naturalOrder":62,"linkedFields":["VendorPayment_cust_ppp_approval_status"],"relatedInfos":[],"references":[]},{"@type":"field","id":2350351,"name":"custom_Avid_Approval_Status_ExternalId","type":"string","uniqueName":"custom_Avid_Approval_Status_ExternalId","label":"custom_Avid_Approval_Status_ExternalId","parentObject":"VendorPayment","pcType":"NSTRING","precision":256,"scale":0,"columnIndex":-1,"isKey":false,"isExternalId":false,"isSfIdLookup":false,"isNullable":true,"isUnique":false,"isCreateable":false,"isUpdateable":true,"isFilterable":false,"isCalculated":false,"javaType":"java.lang.String","showLabel":true,"naturalOrder":63,"linkedFields":[],"relatedInfos":[],"references":[]},{"@type":"field","id":2350352,"name":"custom_Avid_Approval_Status_TypeId","type":"string","uniqueName":"custom_Avid_Approval_Status_TypeId","label":"custom_Avid_Approval_Status_TypeId","parentObject":"VendorPayment","pcType":"NSTRING","precision":256,"scale":0,"columnIndex":-1,"isKey":false,"isExternalId":false,"isSfIdLookup":false,"isNullable":true,"isUnique":false,"isCreateable":false,"isUpdateable":true,"isFilterable":false,"isCalculated":false,"javaType":"java.lang.String","showLabel":true,"naturalOrder":64,"linkedFields":[],"relatedInfos":[],"references":[]},{"@type":"field","id":2350353,"name":"custom_Avid_Approval_Status_Name","type":"string","uniqueName":"custom_Avid_Approval_Status_Name","label":"custom_Avid_Approval_Status_Name","parentObject":"VendorPayment","pcType":"NSTRING","precision":256,"scale":0,"columnIndex":-1,"isKey":false,"isExternalId":false,"isSfIdLookup":false,"isNullable":true,"isUnique":false,"isCreateable":false,"isUpdateable":true,"isFilterable":false,"isCalculated":false,"javaType":"java.lang.String","showLabel":true,"naturalOrder":65,"linkedFields":[],"relatedInfos":[],"references":[]},{"@type":"field","id":2350354,"name":"custom_Do_Not_Process","type":"check_box","uniqueName":"custom_Do_Not_Process","label":"custom_Do_Not_Process","parentObject":"VendorPayment","pcType":"SMALL_INTEGER","precision":10,"scale":0,"columnIndex":-1,"isKey":false,"isExternalId":false,"isSfIdLookup":false,"isNullable":true,"isUnique":false,"isCreateable":false,"isUpdateable":true,"isFilterable":true,"isCalculated":false,"javaType":"java.lang.Boolean","showLabel":true,"naturalOrder":66,"linkedFields":[],"relatedInfos":[],"references":[]},{"@type":"field","id":2350355,"name":"custom_Avid_Comment","type":"string","uniqueName":"custom_Avid_Comment","label":"custom_Avid_Comment","parentObject":"VendorPayment","pcType":"NSTRING","precision":256,"scale":0,"columnIndex":-1,"isKey":false,"isExternalId":false,"isSfIdLookup":false,"isNullable":true,"isUnique":false,"isCreateable":false,"isUpdateable":true,"isFilterable":true,"isCalculated":false,"javaType":"java.lang.String","showLabel":true,"naturalOrder":67,"linkedFields":[],"relatedInfos":[],"references":[]},{"@type":"field","id":2350356,"name":"custom_Override_Signature_A","type":"string","uniqueName":"custom_Override_Signature_A","label":"custom_Override_Signature_A","parentObject":"VendorPayment","pcType":"NSTRING","precision":256,"scale":0,"columnIndex":-1,"isKey":false,"isExternalId":false,"isSfIdLookup":false,"isNullable":true,"isUnique":false,"isCreateable":false,"isUpdateable":true,"isFilterable":true,"isCalculated":false,"javaType":"java.lang.String","showLabel":true,"naturalOrder":68,"linkedFields":[],"relatedInfos":[],"references":[]},{"@type":"field","id":2350357,"name":"custom_Avid_Payment_Approved","type":"check_box","uniqueName":"custom_Avid_Payment_Approved","label":"custom_Avid_Payment_Approved","parentObject":"VendorPayment","pcType":"SMALL_INTEGER","precision":10,"scale":0,"columnIndex":-1,"isKey":false,"isExternalId":false,"isSfIdLookup":false,"isNullable":true,"isUnique":false,"isCreateable":false,"isUpdateable":true,"isFilterable":true,"isCalculated":false,"javaType":"java.lang.Boolean","showLabel":true,"naturalOrder":69,"linkedFields":[],"relatedInfos":[],"references":[]},{"@type":"field","id":2350358,"name":"custom_Avid_Reason_For_Rejection","type":"string","uniqueName":"custom_Avid_Reason_For_Rejection","label":"custom_Avid_Reason_For_Rejection","parentObject":"VendorPayment","pcType":"NSTRING","precision":256,"scale":0,"columnIndex":-1,"isKey":false,"isExternalId":false,"isSfIdLookup":false,"isNullable":true,"isUnique":false,"isCreateable":false,"isUpdateable":true,"isFilterable":true,"isCalculated":false,"javaType":"java.lang.String","showLabel":true,"naturalOrder":70,"linkedFields":[],"relatedInfos":[],"references":[]},{"@type":"field","id":2350359,"name":"custom_Avid_ACH","type":"check_box","uniqueName":"custom_Avid_ACH","label":"custom_Avid_ACH","parentObject":"VendorPayment","pcType":"SMALL_INTEGER","precision":10,"scale":0,"columnIndex":-1,"isKey":false,"isExternalId":false,"isSfIdLookup":false,"isNullable":true,"isUnique":false,"isCreateable":false,"isUpdateable":true,"isFilterable":true,"isCalculated":false,"javaType":"java.lang.Boolean","showLabel":true,"naturalOrder":71,"linkedFields":[],"relatedInfos":[],"references":[]},{"@type":"field","id":2350360,"name":"custom_Override_Signature_B","type":"string","uniqueName":"custom_Override_Signature_B","label":"custom_Override_Signature_B","parentObject":"VendorPayment","pcType":"NSTRING","precision":256,"scale":0,"columnIndex":-1,"isKey":false,"isExternalId":false,"isSfIdLookup":false,"isNullable":true,"isUnique":false,"isCreateable":false,"isUpdateable":true,"isFilterable":true,"isCalculated":false,"javaType":"java.lang.String","showLabel":true,"naturalOrder":72,"linkedFields":[],"relatedInfos":[],"references":[]},{"@type":"field","id":2350361,"name":"custom_Avid_ACH_Account_InternalId","type":"string","uniqueName":"custom_Avid_ACH_Account_InternalId","label":"custom_Avid_ACH_Account_InternalId","parentObject":"VendorPayment","pcType":"NSTRING","precision":256,"scale":0,"columnIndex":-1,"isKey":false,"isExternalId":false,"isSfIdLookup":false,"isNullable":true,"isUnique":false,"isCreateable":false,"isUpdateable":true,"isFilterable":false,"isCalculated":false,"javaType":"java.lang.String","showLabel":true,"naturalOrder":73,"linkedFields":[],"relatedInfos":[],"references":[]},{"@type":"field","id":2350362,"name":"custom_Avid_ACH_Account_ExternalId","type":"string","uniqueName":"custom_Avid_ACH_Account_ExternalId","label":"custom_Avid_ACH_Account_ExternalId","parentObject":"VendorPayment","pcType":"NSTRING","precision":256,"scale":0,"columnIndex":-1,"isKey":false,"isExternalId":false,"isSfIdLookup":false,"isNullable":true,"isUnique":false,"isCreateable":false,"isUpdateable":true,"isFilterable":false,"isCalculated":false,"javaType":"java.lang.String","showLabel":true,"naturalOrder":74,"linkedFields":[],"relatedInfos":[],"references":[]},{"@type":"field","id":2350364,"name":"custom_Avid_ACH_Account_TypeId","type":"string","uniqueName":"custom_Avid_ACH_Account_TypeId","label":"custom_Avid_ACH_Account_TypeId","parentObject":"VendorPayment","pcType":"NSTRING","precision":256,"scale":0,"columnIndex":-1,"isKey":false,"isExternalId":false,"isSfIdLookup":false,"isNullable":true,"isUnique":false,"isCreateable":false,"isUpdateable":true,"isFilterable":false,"isCalculated":false,"javaType":"java.lang.String","showLabel":true,"naturalOrder":75,"linkedFields":[],"relatedInfos":[],"references":[]},{"@type":"field","id":2350365,"name":"custom_Avid_ACH_Account_Name","type":"string","uniqueName":"custom_Avid_ACH_Account_Name","label":"custom_Avid_ACH_Account_Name","parentObject":"VendorPayment","pcType":"NSTRING","precision":256,"scale":0,"columnIndex":-1,"isKey":false,"isExternalId":false,"isSfIdLookup":false,"isNullable":true,"isUnique":false,"isCreateable":false,"isUpdateable":true,"isFilterable":false,"isCalculated":false,"javaType":"java.lang.String","showLabel":true,"naturalOrder":76,"linkedFields":[],"relatedInfos":[],"references":[]},{"@type":"field","id":2350367,"name":"custom_Avid_Is_Printed","type":"check_box","uniqueName":"custom_Avid_Is_Printed","label":"custom_Avid_Is_Printed","parentObject":"VendorPayment","pcType":"SMALL_INTEGER","precision":10,"scale":0,"columnIndex":-1,"isKey":false,"isExternalId":false,"isSfIdLookup":false,"isNullable":true,"isUnique":false,"isCreateable":false,"isUpdateable":true,"isFilterable":true,"isCalculated":false,"javaType":"java.lang.Boolean","showLabel":true,"naturalOrder":77,"linkedFields":[],"relatedInfos":[],"references":[]},{"@type":"field","id":2350368,"name":"custom_PayPal_Transaction_Status","type":"string","uniqueName":"custom_PayPal_Transaction_Status","label":"custom_PayPal_Transaction_Status","parentObject":"VendorPayment","pcType":"NSTRING","precision":256,"scale":0,"columnIndex":-1,"isKey":false,"isExternalId":false,"isSfIdLookup":false,"isNullable":true,"isUnique":false,"isCreateable":false,"isUpdateable":true,"isFilterable":true,"isCalculated":false,"javaType":"java.lang.String","showLabel":true,"naturalOrder":78,"linkedFields":[],"relatedInfos":[],"references":[]},{"@type":"field","id":2350370,"name":"custom_PayPal_Mass_Payment_InternalId","type":"string","uniqueName":"custom_PayPal_Mass_Payment_InternalId","label":"custom_PayPal_Mass_Payment_InternalId","parentObject":"VendorPayment","pcType":"NSTRING","precision":256,"scale":0,"columnIndex":-1,"isKey":false,"isExternalId":false,"isSfIdLookup":false,"isNullable":true,"isUnique":false,"isCreateable":false,"isUpdateable":true,"isFilterable":false,"isCalculated":false,"javaType":"java.lang.String","showLabel":true,"naturalOrder":79,"linkedFields":[],"relatedInfos":[],"references":[]},{"@type":"field","id":2350371,"name":"custom_PayPal_Mass_Payment_ExternalId","type":"string","uniqueName":"custom_PayPal_Mass_Payment_ExternalId","label":"custom_PayPal_Mass_Payment_ExternalId","parentObject":"VendorPayment","pcType":"NSTRING","precision":256,"scale":0,"columnIndex":-1,"isKey":false,"isExternalId":false,"isSfIdLookup":false,"isNullable":true,"isUnique":false,"isCreateable":false,"isUpdateable":true,"isFilterable":false,"isCalculated":false,"javaType":"java.lang.String","showLabel":true,"naturalOrder":80,"linkedFields":[],"relatedInfos":[],"references":[]},{"@type":"field","id":2350372,"name":"custom_PayPal_Mass_Payment_TypeId","type":"string","uniqueName":"custom_PayPal_Mass_Payment_TypeId","label":"custom_PayPal_Mass_Payment_TypeId","parentObject":"VendorPayment","pcType":"NSTRING","precision":256,"scale":0,"columnIndex":-1,"isKey":false,"isExternalId":false,"isSfIdLookup":false,"isNullable":true,"isUnique":false,"isCreateable":false,"isUpdateable":true,"isFilterable":false,"isCalculated":false,"javaType":"java.lang.String","showLabel":true,"naturalOrder":81,"linkedFields":[],"relatedInfos":[],"references":[]},{"@type":"field","id":2350374,"name":"custom_PayPal_Mass_Payment_Name","type":"string","uniqueName":"custom_PayPal_Mass_Payment_Name","label":"custom_PayPal_Mass_Payment_Name","parentObject":"VendorPayment","pcType":"NSTRING","precision":256,"scale":0,"columnIndex":-1,"isKey":false,"isExternalId":false,"isSfIdLookup":false,"isNullable":true,"isUnique":false,"isCreateable":false,"isUpdateable":true,"isFilterable":false,"isCalculated":false,"javaType":"java.lang.String","showLabel":true,"naturalOrder":82,"linkedFields":[],"relatedInfos":[],"references":[]},{"@type":"field","id":2350375,"name":"custom_PayPal_Reason_Failed_Code","type":"string","uniqueName":"custom_PayPal_Reason_Failed_Code","label":"custom_PayPal_Reason_Failed_Code","parentObject":"VendorPayment","pcType":"NSTRING","precision":256,"scale":0,"columnIndex":-1,"isKey":false,"isExternalId":false,"isSfIdLookup":false,"isNullable":true,"isUnique":false,"isCreateable":false,"isUpdateable":true,"isFilterable":true,"isCalculated":false,"javaType":"java.lang.String","showLabel":true,"naturalOrder":83,"linkedFields":[],"relatedInfos":[],"references":[]},{"@type":"field","id":2350376,"name":"custom_Avid_Payment_Method_InternalId","type":"string","uniqueName":"custom_Avid_Payment_Method_InternalId","label":"custom_Avid_Payment_Method_InternalId","parentObject":"VendorPayment","pcType":"NSTRING","precision":256,"scale":0,"columnIndex":-1,"isKey":false,"isExternalId":false,"isSfIdLookup":false,"isNullable":true,"isUnique":false,"isCreateable":false,"isUpdateable":true,"isFilterable":false,"isCalculated":false,"javaType":"java.lang.String","showLabel":true,"naturalOrder":84,"linkedFields":["VendorPayment_cust_ppp_method"],"relatedInfos":[],"references":[]},{"@type":"field","id":2350378,"name":"custom_Avid_Payment_Method_ExternalId","type":"string","uniqueName":"custom_Avid_Payment_Method_ExternalId","label":"custom_Avid_Payment_Method_ExternalId","parentObject":"VendorPayment","pcType":"NSTRING","precision":256,"scale":0,"columnIndex":-1,"isKey":false,"isExternalId":false,"isSfIdLookup":false,"isNullable":true,"isUnique":false,"isCreateable":false,"isUpdateable":true,"isFilterable":false,"isCalculated":false,"javaType":"java.lang.String","showLabel":true,"naturalOrder":85,"linkedFields":[],"relatedInfos":[],"references":[]},{"@type":"field","id":2350379,"name":"custom_Avid_Payment_Method_TypeId","type":"string","uniqueName":"custom_Avid_Payment_Method_TypeId","label":"custom_Avid_Payment_Method_TypeId","parentObject":"VendorPayment","pcType":"NSTRING","precision":256,"scale":0,"columnIndex":-1,"isKey":false,"isExternalId":false,"isSfIdLookup":false,"isNullable":true,"isUnique":false,"isCreateable":false,"isUpdateable":true,"isFilterable":false,"isCalculated":false,"javaType":"java.lang.String","showLabel":true,"naturalOrder":86,"linkedFields":[],"relatedInfos":[],"references":[]},{"@type":"field","id":2350381,"name":"custom_Avid_Payment_Method_Name","type":"string","uniqueName":"custom_Avid_Payment_Method_Name","label":"custom_Avid_Payment_Method_Name","parentObject":"VendorPayment","pcType":"NSTRING","precision":256,"scale":0,"columnIndex":-1,"isKey":false,"isExternalId":false,"isSfIdLookup":false,"isNullable":true,"isUnique":false,"isCreateable":false,"isUpdateable":true,"isFilterable":false,"isCalculated":false,"javaType":"java.lang.String","showLabel":true,"naturalOrder":87,"linkedFields":[],"relatedInfos":[],"references":[]},{"@type":"field","id":2350382,"name":"custom_PayPal_Transaction_Id","type":"string","uniqueName":"custom_PayPal_Transaction_Id","label":"custom_PayPal_Transaction_Id","parentObject":"VendorPayment","pcType":"NSTRING","precision":256,"scale":0,"columnIndex":-1,"isKey":false,"isExternalId":false,"isSfIdLookup":false,"isNullable":true,"isUnique":false,"isCreateable":false,"isUpdateable":true,"isFilterable":true,"isCalculated":false,"javaType":"java.lang.String","showLabel":true,"naturalOrder":88,"linkedFields":[],"relatedInfos":[],"references":[]},{"@type":"field","id":2350384,"name":"custom_APN_Check_Number","type":"string","uniqueName":"custom_APN_Check_Number","label":"custom_APN_Check_Number","parentObject":"VendorPayment","pcType":"NSTRING","precision":256,"scale":0,"columnIndex":-1,"isKey":false,"isExternalId":false,"isSfIdLookup":false,"isNullable":true,"isUnique":false,"isCreateable":false,"isUpdateable":true,"isFilterable":true,"isCalculated":false,"javaType":"java.lang.String","showLabel":true,"naturalOrder":89,"linkedFields":[],"relatedInfos":[],"references":[]},{"@type":"field","id":2350386,"name":"custom_APN_Payment_Method","type":"string","uniqueName":"custom_APN_Payment_Method","label":"custom_APN_Payment_Method","parentObject":"VendorPayment","pcType":"NSTRING","precision":256,"scale":0,"columnIndex":-1,"isKey":false,"isExternalId":false,"isSfIdLookup":false,"isNullable":true,"isUnique":false,"isCreateable":false,"isUpdateable":true,"isFilterable":true,"isCalculated":false,"javaType":"java.lang.String","showLabel":true,"naturalOrder":90,"linkedFields":[],"relatedInfos":[],"references":[]},{"@type":"field","id":2350387,"name":"custom_AvidPay_Reason_For_Exception","type":"string","uniqueName":"custom_AvidPay_Reason_For_Exception","label":"custom_AvidPay_Reason_For_Exception","parentObject":"VendorPayment","pcType":"NSTRING","precision":256,"scale":0,"columnIndex":-1,"isKey":false,"isExternalId":false,"isSfIdLookup":false,"isNullable":true,"isUnique":false,"isCreateable":false,"isUpdateable":true,"isFilterable":true,"isCalculated":false,"javaType":"java.lang.String","showLabel":true,"naturalOrder":91,"linkedFields":[],"relatedInfos":[],"references":[]},{"@type":"field","id":2350389,"name":"custom_AvidPay_Payment_Status","type":"string","uniqueName":"custom_AvidPay_Payment_Status","label":"custom_AvidPay_Payment_Status","parentObject":"VendorPayment","pcType":"NSTRING","precision":256,"scale":0,"columnIndex":-1,"isKey":false,"isExternalId":false,"isSfIdLookup":false,"isNullable":true,"isUnique":false,"isCreateable":false,"isUpdateable":true,"isFilterable":true,"isCalculated":false,"javaType":"java.lang.String","showLabel":true,"naturalOrder":92,"linkedFields":[],"relatedInfos":[],"references":[]},{"@type":"field","id":2350390,"name":"custom_APN_Payment_Batch_InternalId","type":"string","uniqueName":"custom_APN_Payment_Batch_InternalId","label":"custom_APN_Payment_Batch_InternalId","parentObject":"VendorPayment","pcType":"NSTRING","precision":256,"scale":0,"columnIndex":-1,"isKey":false,"isExternalId":false,"isSfIdLookup":false,"isNullable":true,"isUnique":false,"isCreateable":false,"isUpdateable":true,"isFilterable":false,"isCalculated":false,"javaType":"java.lang.String","showLabel":true,"naturalOrder":93,"linkedFields":[],"relatedInfos":[],"references":[]},{"@type":"field","id":2350392,"name":"custom_APN_Payment_Batch_ExternalId","type":"string","uniqueName":"custom_APN_Payment_Batch_ExternalId","label":"custom_APN_Payment_Batch_ExternalId","parentObject":"VendorPayment","pcType":"NSTRING","precision":256,"scale":0,"columnIndex":-1,"isKey":false,"isExternalId":false,"isSfIdLookup":false,"isNullable":true,"isUnique":false,"isCreateable":false,"isUpdateable":true,"isFilterable":false,"isCalculated":false,"javaType":"java.lang.String","showLabel":true,"naturalOrder":94,"linkedFields":[],"relatedInfos":[],"references":[]},{"@type":"field","id":2350393,"name":"custom_APN_Payment_Batch_TypeId","type":"string","uniqueName":"custom_APN_Payment_Batch_TypeId","label":"custom_APN_Payment_Batch_TypeId","parentObject":"VendorPayment","pcType":"NSTRING","precision":256,"scale":0,"columnIndex":-1,"isKey":false,"isExternalId":false,"isSfIdLookup":false,"isNullable":true,"isUnique":false,"isCreateable":false,"isUpdateable":true,"isFilterable":false,"isCalculated":false,"javaType":"java.lang.String","showLabel":true,"naturalOrder":95,"linkedFields":[],"relatedInfos":[],"references":[]},{"@type":"field","id":2350395,"name":"custom_APN_Payment_Batch_Name","type":"string","uniqueName":"custom_APN_Payment_Batch_Name","label":"custom_APN_Payment_Batch_Name","parentObject":"VendorPayment","pcType":"NSTRING","precision":256,"scale":0,"columnIndex":-1,"isKey":false,"isExternalId":false,"isSfIdLookup":false,"isNullable":true,"isUnique":false,"isCreateable":false,"isUpdateable":true,"isFilterable":false,"isCalculated":false,"javaType":"java.lang.String","showLabel":true,"naturalOrder":96,"linkedFields":[],"relatedInfos":[],"references":[]},{"@type":"field","id":2350396,"name":"custom_EFT_Payee_Email_Address","type":"string","uniqueName":"custom_EFT_Payee_Email_Address","label":"custom_EFT_Payee_Email_Address","parentObject":"VendorPayment","pcType":"NSTRING","precision":256,"scale":0,"columnIndex":-1,"isKey":false,"isExternalId":false,"isSfIdLookup":false,"isNullable":true,"isUnique":false,"isCreateable":false,"isUpdateable":true,"isFilterable":true,"isCalculated":false,"javaType":"java.lang.String","showLabel":true,"naturalOrder":97,"linkedFields":[],"relatedInfos":[],"references":[]},{"@type":"field","id":2350398,"name":"custom_Coupa_Invoice__","type":"string","uniqueName":"custom_Coupa_Invoice__","label":"custom_Coupa_Invoice__","parentObject":"VendorPayment","pcType":"NSTRING","precision":256,"scale":0,"columnIndex":-1,"isKey":false,"isExternalId":false,"isSfIdLookup":false,"isNullable":true,"isUnique":false,"isCreateable":false,"isUpdateable":true,"isFilterable":true,"isCalculated":false,"javaType":"java.lang.String","showLabel":true,"naturalOrder":98,"linkedFields":[],"relatedInfos":[],"references":[]},{"@type":"field","id":2350400,"name":"custom_APN_Payment_Id","type":"string","uniqueName":"custom_APN_Payment_Id","label":"custom_APN_Payment_Id","parentObject":"VendorPayment","pcType":"NSTRING","precision":256,"scale":0,"columnIndex":-1,"isKey":false,"isExternalId":false,"isSfIdLookup":false,"isNullable":true,"isUnique":false,"isCreateable":false,"isUpdateable":true,"isFilterable":true,"isCalculated":false,"javaType":"java.lang.String","showLabel":true,"naturalOrder":99,"linkedFields":[],"relatedInfos":[],"references":[]},{"@type":"field","id":2350401,"name":"apply","type":"boolean","uniqueName":"apply","label":"apply","parentObject":"VendorPaymentApplyList","pcType":"SMALL_INTEGER","precision":2,"scale":0,"columnIndex":-1,"isKey":false,"isExternalId":false,"isSfIdLookup":false,"isNullable":true,"isUnique":false,"isCreateable":false,"isUpdateable":true,"isFilterable":false,"isCalculated":false,"javaType":"java.lang.Boolean","showLabel":true,"naturalOrder":0,"linkedFields":[],"relatedInfos":[],"references":[]},{"@type":"field","id":2350403,"name":"doc","type":"long","uniqueName":"doc","label":"doc","parentObject":"VendorPaymentApplyList","pcType":"BIGINT","precision":15,"scale":0,"columnIndex":-1,"isKey":false,"isExternalId":false,"isSfIdLookup":false,"isNullable":true,"isUnique":false,"isCreateable":false,"isUpdateable":true,"isFilterable":false,"isCalculated":false,"javaType":"java.lang.Long","showLabel":true,"naturalOrder":1,"linkedFields":["VendorPaymentApplyList_doc","VendorPayment_Memo","OriginalMemo"],"relatedInfos":[],"references":[]},{"@type":"field","id":2350404,"name":"line","type":"long","uniqueName":"line","label":"line","parentObject":"VendorPaymentApplyList","pcType":"BIGINT","precision":15,"scale":0,"columnIndex":-1,"isKey":false,"isExternalId":false,"isSfIdLookup":false,"isNullable":true,"isUnique":false,"isCreateable":false,"isUpdateable":true,"isFilterable":false,"isCalculated":false,"javaType":"java.lang.Long","showLabel":true,"naturalOrder":2,"linkedFields":["VendorPaymentApplyList_line"],"relatedInfos":[],"references":[]},{"@type":"field","id":2350406,"name":"job","type":"string","uniqueName":"job","label":"job","parentObject":"VendorPaymentApplyList","pcType":"NSTRING","precision":256,"scale":0,"columnIndex":-1,"isKey":false,"isExternalId":false,"isSfIdLookup":false,"isNullable":true,"isUnique":false,"isCreateable":false,"isUpdateable":true,"isFilterable":false,"isCalculated":false,"javaType":"java.lang.String","showLabel":true,"naturalOrder":3,"linkedFields":[],"relatedInfos":[],"references":[]},{"@type":"field","id":2350407,"name":"applyDate","type":"datetime","uniqueName":"applyDate","label":"applyDate","parentObject":"VendorPaymentApplyList","pcType":"TOOLKIT_DATETIME","precision":19,"scale":0,"columnIndex":-1,"isKey":false,"isExternalId":false,"isSfIdLookup":false,"isNullable":true,"isUnique":false,"isCreateable":false,"isUpdateable":true,"isFilterable":false,"isCalculated":false,"javaType":"java.sql.Timestamp","showLabel":true,"naturalOrder":4,"linkedFields":["VendorPaymentApplyList_applyDate"],"relatedInfos":[],"references":[]},{"@type":"field","id":2350409,"name":"type","type":"string","uniqueName":"type","label":"type","parentObject":"VendorPaymentApplyList","pcType":"NSTRING","precision":256,"scale":0,"columnIndex":-1,"isKey":false,"isExternalId":false,"isSfIdLookup":false,"isNullable":true,"isUnique":false,"isCreateable":false,"isUpdateable":true,"isFilterable":true,"isCalculated":false,"javaType":"java.lang.String","showLabel":true,"naturalOrder":5,"linkedFields":["VendorPaymentApplyList_type"],"relatedInfos":[],"references":[]},{"@type":"field","id":2350411,"name":"refNum","type":"string","uniqueName":"refNum","label":"refNum","parentObject":"VendorPaymentApplyList","pcType":"NSTRING","precision":256,"scale":0,"columnIndex":-1,"isKey":false,"isExternalId":false,"isSfIdLookup":false,"isNullable":true,"isUnique":false,"isCreateable":false,"isUpdateable":true,"isFilterable":false,"isCalculated":false,"javaType":"java.lang.String","showLabel":true,"naturalOrder":6,"linkedFields":["VendorPaymentApplyList_refNum","VendorPayment_Memo","OriginalMemo"],"relatedInfos":[],"references":[]},{"@type":"field","id":2350412,"name":"total","type":"double","uniqueName":"total2","label":"total","parentObject":"VendorPaymentApplyList","pcType":"DECIMAL","precision":15,"scale":0,"columnIndex":-1,"isKey":false,"isExternalId":false,"isSfIdLookup":false,"isNullable":true,"isUnique":false,"isCreateable":false,"isUpdateable":true,"isFilterable":false,"isCalculated":false,"javaType":"java.math.BigDecimal","showLabel":true,"naturalOrder":7,"linkedFields":[],"relatedInfos":[],"references":[]},{"@type":"field","id":2350414,"name":"due","type":"double","uniqueName":"due","label":"due","parentObject":"VendorPaymentApplyList","pcType":"DECIMAL","precision":15,"scale":0,"columnIndex":-1,"isKey":false,"isExternalId":false,"isSfIdLookup":false,"isNullable":true,"isUnique":false,"isCreateable":false,"isUpdateable":true,"isFilterable":false,"isCalculated":false,"javaType":"java.math.BigDecimal","showLabel":true,"naturalOrder":8,"linkedFields":[],"relatedInfos":[],"references":[]},{"@type":"field","id":2350415,"name":"currency","type":"string","uniqueName":"currency","label":"currency","parentObject":"VendorPaymentApplyList","pcType":"NSTRING","precision":256,"scale":0,"columnIndex":-1,"isKey":false,"isExternalId":false,"isSfIdLookup":false,"isNullable":true,"isUnique":false,"isCreateable":false,"isUpdateable":true,"isFilterable":false,"isCalculated":false,"javaType":"java.lang.String","showLabel":true,"naturalOrder":9,"linkedFields":[],"relatedInfos":[],"references":[]},{"@type":"field","id":2350417,"name":"discDate","type":"datetime","uniqueName":"discDate","label":"discDate","parentObject":"VendorPaymentApplyList","pcType":"TOOLKIT_DATETIME","precision":19,"scale":0,"columnIndex":-1,"isKey":false,"isExternalId":false,"isSfIdLookup":false,"isNullable":true,"isUnique":false,"isCreateable":false,"isUpdateable":true,"isFilterable":false,"isCalculated":false,"javaType":"java.sql.Timestamp","showLabel":true,"naturalOrder":10,"linkedFields":[],"relatedInfos":[],"references":[]},{"@type":"field","id":2350418,"name":"discAmt","type":"double","uniqueName":"discAmt","label":"discAmt","parentObject":"VendorPaymentApplyList","pcType":"DECIMAL","precision":15,"scale":0,"columnIndex":-1,"isKey":false,"isExternalId":false,"isSfIdLookup":false,"isNullable":true,"isUnique":false,"isCreateable":false,"isUpdateable":true,"isFilterable":false,"isCalculated":false,"javaType":"java.math.BigDecimal","showLabel":true,"naturalOrder":11,"linkedFields":[],"relatedInfos":[],"references":[]},{"@type":"field","id":2350420,"name":"disc","type":"double","uniqueName":"disc","label":"disc","parentObject":"VendorPaymentApplyList","pcType":"DECIMAL","precision":15,"scale":0,"columnIndex":-1,"isKey":false,"isExternalId":false,"isSfIdLookup":false,"isNullable":true,"isUnique":false,"isCreateable":false,"isUpdateable":true,"isFilterable":false,"isCalculated":false,"javaType":"java.math.BigDecimal","showLabel":true,"naturalOrder":12,"linkedFields":[],"relatedInfos":[],"references":[]},{"@type":"field","id":2350422,"name":"amount","type":"double","uniqueName":"amount","label":"amount","parentObject":"VendorPaymentApplyList","pcType":"DECIMAL","precision":15,"scale":0,"columnIndex":-1,"isKey":false,"isExternalId":false,"isSfIdLookup":false,"isNullable":true,"isUnique":false,"isCreateable":false,"isUpdateable":true,"isFilterable":true,"isCalculated":false,"javaType":"java.math.BigDecimal","showLabel":true,"naturalOrder":13,"linkedFields":["VendorPaymentApplyList_amount"],"relatedInfos":[],"references":[]}],"sortFields":[],"groupFields":[]}]