[{"@type":"mappingTemplate","id":"@1","name":"m_SFDC_To_LMS_SFTP_TUM_Vouchers_Activity","description":"","bundleVersion":"0","templateId":"@3","deployTime":1576627949000,"hasParameters":false,"valid":true,"fixedConnection":true,"hasParametersDeployed":false,"fixedConnectionDeployed":true,"tasks":1,"mappingPreviewFileRecordId":"@2","documentType":"","references":[{"@type":"reference","refObjectId":"@8Qp1Vvtik7ejRmnNM3lSiT","refType":"connection"},{"@type":"reference","refObjectId":"@2CjV79tAT4nicr3VedQp4y","refType":"connection"}]}]