[{"@type":"mtTask","id":"@1","name":"mct_RevProFile_To_NetSuite_LoadJournalEntries","description":"","runtimeEnvironmentId":"@3qLOIwmEi8HlSgV9ggzWkn","preProcessingCmd":"cp -f /dev/null $PMRootDir/success/FF_Netsuite_JournalEntries_FromRevPro_Success.csv & cp -f /dev/null $PMRootDir/error/FF_Netsuite_JournalEntries_FromRevPro_Errors.csv & cp -f /opt/infaagent/apps/Data_Integration_Server/data/stage/ICRT/RevPro/FF_TransferBatchFile_RP_JournalEntries_*.csv /opt/infaagent/apps/Data_Integration_Server/data/stage/Archive/RevPro/ && cat /opt/infaagent/apps/Data_Integration_Server/data/stage/ICRT/RevPro/FF_TransferBatchFile_RP_JournalEntries_*.csv > /opt/infaagent/apps/Data_Integration_Server/data/stage/FF_JournalEntries_FromRevPro_To_Netsuite.csv && cp /opt/infaagent/apps/Data_Integration_Server/data/stage/FF_JournalEntries_FromRevPro_To_Netsuite.csv /opt/infaagent/apps/Data_Integration_Server/data/stage/FF_JournalEntries_FromRevPro_To_Netsuite_temp.csv && cat /opt/infaagent/apps/Data_Integration_Server/data/stage/FF_JournalEntries_FromRevPro_HeaderFile.csv /opt/infaagent/apps/Data_Integration_Server/data/stage/FF_JournalEntries_FromRevPro_To_Netsuite_temp.csv > /opt/infaagent/apps/Data_Integration_Server/data/stage/FF_JournalEntries_FromRevPro_To_Netsuite.csv && rm -f /opt/infaagent/apps/Data_Integration_Server/data/stage/FF_JournalEntries_FromRevPro_To_Netsuite_temp.csv","postProcessingCmd":"mv /opt/infaagent/apps/Data_Integration_Server/data/stage/FF_JournalEntries_FromRevPro_To_Netsuite.csv /opt/infaagent/apps/Data_Integration_Server/data/stage/Archive/RevPro/\"FF_JournalEntries_FromRevPro_To_Netsuite_$(date +%Y%m%d%H%M%S).csv\" && cp -f $PMRootDir/stage/FF_JournalEntries_FromRevPro_HeaderFile.csv $PMRootDir/stage/FF_JournalEntries_FromRevPro_To_Netsuite.csv","maxLogs":1,"verbose":false,"lastRunTime":1585330050000,"mappingId":"@aBlkH8tZGE9lssS07LuskE","shortDescription":"","sessionProperties":{"On Pre-session command task error":"Stop"},"enableCrossSchemaPushdown":false,"parameters":[{"@type":"mtTaskParameter","id":53546676,"name":"$Src_File_JournalEntries_From_RevPro$","type":"EXTENDED_SOURCE","label":"Src_File_JournalEntries_From_RevPro","uiProperties":{"connectionParameterized":"false","isMsrcFilterParameterized":"false","isMsrcSortParameterized":"false","objectParameterized":"false","visible":"false"},"sourceConnectionId":"@8Qp1Vvtik7ejRmnNM3lSiT","newFlatFile":false,"newObject":false,"showBusinessNames":false,"naturalOrder":true,"truncateTarget":false,"bulkApiDBTarget":false,"srcFFAttrs":{"@type":"flatFileAttrs","id":803357,"delimiter":",","textQualifier":"\"","escapeChar":"","headerLineNo":1,"firstDataRow":2},"customFuncCfg":{"@type":"customFuncConfig","id":-1,"connections":[],"inputMap":[],"outputFields":[]},"tgtFieldRefs":{},"targetUpdateColumns":[],"extendedObject":{"@type":"extendedObject","object":{"@type":"mObject","name":"FF_JournalEntries_FromRevPro_To_Netsuite.csv","label":"FF_JournalEntries_FromRevPro_To_Netsuite.csv","metadataUpdated":false,"relations":[],"children":[]},"filters":[],"sortFields":[]},"runtimeAttrs":{},"isRESTModernSource":true,"isFileList":false,"handleSpecialChars":false,"frsAsset":false,"tgtObjectAttributes":{},"runtimeParameterData":{"@type":"mtTaskRuntimeParameterData","isConnectionRuntimeParameter":false,"isObjectRuntimeParameter":false},"overriddenFields":[]},{"@type":"mtTaskParameter","id":53546677,"name":"$Tgt_NetSuite_JournalEntryAndLine_Upsert$","type":"TARGET","label":"Tgt_NetSuite_JournalEntryAndLine_Upsert","uiProperties":{"connectionParameterized":"false","objectParameterized":"false","visible":"false","defaultTargetUpdateColumns":""},"targetConnectionId":"@2HkgXY792eLcO5miPnn8me","targetObject":"JournalEntry","targetObjectLabel":"JournalEntry","newFlatFile":false,"newObject":false,"showBusinessNames":false,"naturalOrder":true,"truncateTarget":false,"bulkApiDBTarget":false,"operationType":"Upsert","customFuncCfg":{"@type":"customFuncConfig","id":-1,"connections":[],"inputMap":[],"outputFields":[]},"tgtFieldRefs":{},"targetUpdateColumns":[],"extendedObject":{"@type":"extendedObject","object":{"@type":"mObject","name":"JournalEntryLineList","label":"JournalEntryLineList","metadataUpdated":false,"relations":[],"children":[]},"filters":[],"sortFields":[]},"runtimeAttrs":{},"isRESTModernSource":true,"isFileList":false,"handleSpecialChars":false,"frsAsset":false,"tgtObjectAttributes":{},"runtimeParameterData":{"@type":"mtTaskRuntimeParameterData","isConnectionRuntimeParameter":false,"isObjectRuntimeParameter":false},"overriddenFields":[]},{"@type":"mtTaskParameter","id":53546678,"name":"$Lkp_FF_AccountPostingPeriods_FromNetSuite_ForRevProJE$","type":"LOOKUP","label":"Lkp_FF_AccountPostingPeriods_FromNetSuite_ForRevProJE","uiProperties":{"connectionParameterized":"false","isCachedLookup":"true","objectParameterized":"false","visible":"false"},"lookupConnectionId":"@8Qp1Vvtik7ejRmnNM3lSiT","lookupObject":"FF_AccountPostingPeriods_FromNetSuite_ForRevProJE.csv","lookupObjectLabel":"FF_AccountPostingPeriods_FromNetSuite_ForRevProJE.csv","newFlatFile":false,"newObject":false,"showBusinessNames":false,"naturalOrder":true,"truncateTarget":false,"bulkApiDBTarget":false,"lkpFFAttrs":{"@type":"flatFileAttrs","id":803358,"delimiter":",","textQualifier":"\"","escapeChar":"","headerLineNo":1,"firstDataRow":2},"customFuncCfg":{"@type":"customFuncConfig","id":-1,"connections":[],"inputMap":[],"outputFields":[]},"tgtFieldRefs":{},"targetUpdateColumns":[],"runtimeAttrs":{},"isRESTModernSource":true,"isFileList":false,"handleSpecialChars":false,"frsAsset":false,"tgtObjectAttributes":{},"runtimeParameterData":{"@type":"mtTaskRuntimeParameterData","isConnectionRuntimeParameter":false,"isObjectRuntimeParameter":false},"overriddenFields":[]},{"@type":"mtTaskParameter","id":53546679,"name":"$Lkp_FF_Accounts_FromNetSuite_ForRevProJE$","type":"LOOKUP","label":"Lkp_FF_Accounts_FromNetSuite_ForRevProJE","uiProperties":{"connectionParameterized":"false","objectParameterized":"false","visible":"false"},"lookupConnectionId":"@8Qp1Vvtik7ejRmnNM3lSiT","lookupObject":"FF_Accounts_FromNetSuite_ForRevProJE.csv","lookupObjectLabel":"FF_Accounts_FromNetSuite_ForRevProJE.csv","newFlatFile":false,"newObject":false,"showBusinessNames":false,"naturalOrder":true,"truncateTarget":false,"bulkApiDBTarget":false,"lkpFFAttrs":{"@type":"flatFileAttrs","id":803359,"delimiter":",","textQualifier":"\"","escapeChar":"","headerLineNo":1,"firstDataRow":2},"customFuncCfg":{"@type":"customFuncConfig","id":-1,"connections":[],"inputMap":[],"outputFields":[]},"tgtFieldRefs":{},"targetUpdateColumns":[],"runtimeAttrs":{},"isRESTModernSource":true,"isFileList":false,"handleSpecialChars":false,"frsAsset":false,"tgtObjectAttributes":{},"runtimeParameterData":{"@type":"mtTaskRuntimeParameterData","isConnectionRuntimeParameter":false,"isObjectRuntimeParameter":false},"overriddenFields":[]},{"@type":"mtTaskParameter","id":53546680,"name":"$Lkp_FF_CurrencyCodes_FromNetSuite_ForRevProJE$","type":"LOOKUP","label":"Lkp_FF_CurrencyCodes_FromNetSuite_ForRevProJE","uiProperties":{"connectionParameterized":"false","objectParameterized":"false","visible":"false"},"lookupConnectionId":"@8Qp1Vvtik7ejRmnNM3lSiT","lookupObject":"FF_CurrencyCodes_FromNetSuite_ForRevProJE.csv","lookupObjectLabel":"FF_CurrencyCodes_FromNetSuite_ForRevProJE.csv","newFlatFile":false,"newObject":false,"showBusinessNames":false,"naturalOrder":true,"truncateTarget":false,"bulkApiDBTarget":false,"lkpFFAttrs":{"@type":"flatFileAttrs","id":803360,"delimiter":",","textQualifier":"\"","escapeChar":"","headerLineNo":1,"firstDataRow":2},"customFuncCfg":{"@type":"customFuncConfig","id":-1,"connections":[],"inputMap":[],"outputFields":[]},"tgtFieldRefs":{},"targetUpdateColumns":[],"runtimeAttrs":{},"isRESTModernSource":true,"isFileList":false,"handleSpecialChars":false,"frsAsset":false,"tgtObjectAttributes":{},"runtimeParameterData":{"@type":"mtTaskRuntimeParameterData","isConnectionRuntimeParameter":false,"isObjectRuntimeParameter":false},"overriddenFields":[]},{"@type":"mtTaskParameter","id":53546681,"name":"$Lkp_FF_Departments_FromNetSuite_ForRevProJE$","type":"LOOKUP","label":"Lkp_FF_Departments_FromNetSuite_ForRevProJE","uiProperties":{"connectionParameterized":"false","objectParameterized":"false","visible":"false"},"lookupConnectionId":"@8Qp1Vvtik7ejRmnNM3lSiT","lookupObject":"FF_Departments_FromNetSuite_ForRevProJE.csv","lookupObjectLabel":"FF_Departments_FromNetSuite_ForRevProJE.csv","newFlatFile":false,"newObject":false,"showBusinessNames":false,"naturalOrder":true,"truncateTarget":false,"bulkApiDBTarget":false,"lkpFFAttrs":{"@type":"flatFileAttrs","id":803361,"delimiter":",","textQualifier":"\"","escapeChar":"","headerLineNo":1,"firstDataRow":2},"customFuncCfg":{"@type":"customFuncConfig","id":-1,"connections":[],"inputMap":[],"outputFields":[]},"tgtFieldRefs":{},"targetUpdateColumns":[],"runtimeAttrs":{},"isRESTModernSource":true,"isFileList":false,"handleSpecialChars":false,"frsAsset":false,"tgtObjectAttributes":{},"runtimeParameterData":{"@type":"mtTaskRuntimeParameterData","isConnectionRuntimeParameter":false,"isObjectRuntimeParameter":false},"overriddenFields":[]},{"@type":"mtTaskParameter","id":53546682,"name":"$Lkp_FF_RevPro_To_Netsuite_AlreadySentJournalEntries$","type":"LOOKUP","label":"Lkp_FF_RevPro_To_Netsuite_AlreadySentJournalEntries","uiProperties":{"connectionParameterized":"false","objectParameterized":"false","visible":"false"},"lookupConnectionId":"@8Qp1Vvtik7ejRmnNM3lSiT","lookupObject":"FF_RevPro_To_Netsuite_AlreadySentJournalEntries.csv","lookupObjectLabel":"FF_RevPro_To_Netsuite_AlreadySentJournalEntries.csv","newFlatFile":false,"newObject":false,"showBusinessNames":false,"naturalOrder":true,"truncateTarget":false,"bulkApiDBTarget":false,"lkpFFAttrs":{"@type":"flatFileAttrs","id":803362,"delimiter":",","textQualifier":"\"","escapeChar":"","headerLineNo":1,"firstDataRow":2},"customFuncCfg":{"@type":"customFuncConfig","id":-1,"connections":[],"inputMap":[],"outputFields":[]},"tgtFieldRefs":{},"targetUpdateColumns":[],"runtimeAttrs":{},"isRESTModernSource":true,"isFileList":false,"handleSpecialChars":false,"frsAsset":false,"tgtObjectAttributes":{},"runtimeParameterData":{"@type":"mtTaskRuntimeParameterData","isConnectionRuntimeParameter":false,"isObjectRuntimeParameter":false},"overriddenFields":[]}],"sequences":[],"inOutParameters":[],"connRuntimeAttrs":[]}]