[{"@type":"dssTask","id":"@1","name":"DSS_Invoices_GET_Rest_Coupa_To_File","description":"","errorTaskEmail":{"@type":"taskEmail","id":319520,"emails":"sri.battu@appdynamics.com","emailType":"ERROR"},"successTaskEmail":{"@type":"taskEmail","id":319521,"emails":"sri.battu@appdynamics.com","emailType":"SUCCESS"},"warningTaskEmail":{"@type":"taskEmail","id":319522,"emails":"sri.battu@appdynamics.com","emailType":"WARNING"},"maxLogs":10,"sourceConnectionId":"@0AlX2zGDQCngoZU3AVan63","targetConnectionId":"@6ey2Cmo3PaHcsThnJ0TYui","targetObject":"FF_InvoicesOk2Pay_REST_FromCoupa.csv","targetObjectLabel":"FF_InvoicesOk2Pay_REST_FromCoupa.csv","operation":"Insert","maxRows":0,"truncateTarget":false,"bulkApiDBTarget":false,"verbose":false,"tgtFlatFileAttrs":{"@type":"flatFileAttrs","id":1857130,"delimiter":",","textQualifier":"\"","escapeChar":"","headerLineNo":1,"firstDataRow":2},"targetMetadataUpdated":false,"modelVersion":"V3-R600","queryAll":false,"srcSettings":{"@type":"taskDataSourceSetting","isShowLabels":true,"isNaturalOrder":true},"tgtSettings":{"@type":"taskDataSourceSetting","isShowLabels":false,"isNaturalOrder":true},"cfSettings":{"@type":"taskDataSourceSetting","isShowLabels":false,"isNaturalOrder":false},"bulkApi":false,"bulkApiSerialMode":false,"bulkApiMonitor":false,"isTargetObjectSfCustom":false,"allowNullUpdates":false,"targetBatchSize":200,"assignmentRuleId":"-1","assignmentRuleType":"None","createSuccessFile":false,"bulkApiHardDelete":false,"srcRuntimeAttrs":{"@type":"taskRuntimeAttrs","attrs":{"Time delay in ms":"0","Retry Count":"0"}},"tgtRuntimeAttrs":{"@type":"taskRuntimeAttrs","attrs":{}},"parameterFileEncoding":"UTF-8","sourceObjects":[{"@type":"mObject","name":"invoice_header","label":"","metadataUpdated":false,"relations":[],"children":[]}],"advancedFilters":[],"filters":[{"@type":"filter","objectName":"invoice_header","objectLabel":"","field":"_FLT_URL_Input_Parameters_Config_File_Path","fieldLabel":"_FLT_URL_Input_Parameters_Config_File_Path","type":"STRING","operator":"equals","value":"/opt/infaagent/apps/Data_Integration_Server/data/stage/Coupa/Config/URLParametersInvoicesOk2PayGET.csv"},{"@type":"filter","objectName":"invoice_header","objectLabel":"","field":"_FLT_HEADER_Input_Parameters_Config_File_Path","fieldLabel":"_FLT_HEADER_Input_Parameters_Config_File_Path","type":"STRING","operator":"equals","value":"/opt/infaagent/apps/Data_Integration_Server/data/stage/Coupa/Config/CoupaHeaderInput.csv"}],"fieldMaps":[{"@type":"fieldMap","id":"6255366","targetField":{"@type":"field","id":19121196,"name":"COUPA_ID","type":"nstring","uniqueName":"COUPA_ID","label":"COUPA_ID","parentObject":"FF_InvoicesOk2Pay_REST_FromCoupa.csv","pcType":"UNISTRING","precision":255,"scale":0,"columnIndex":0,"isKey":false,"isExternalId":false,"isSfIdLookup":false,"isNullable":true,"isUnique":false,"isCreateable":false,"isUpdateable":true,"isFilterable":true,"isCalculated":false,"showLabel":false,"naturalOrder":0,"linkedFields":["id"],"relatedInfos":[],"references":[]},"expression":"id"},{"@type":"fieldMap","id":"6255369","targetField":{"@type":"field","id":19121199,"name":"SUPPLIER_TX_CNTRY","type":"nstring","uniqueName":"SUPPLIER_TX_CNTRY","label":"SUPPLIER_TX_CNTRY","parentObject":"FF_InvoicesOk2Pay_REST_FromCoupa.csv","pcType":"UNISTRING","precision":255,"scale":0,"columnIndex":1,"isKey":false,"isExternalId":false,"isSfIdLookup":false,"isNullable":true,"isUnique":false,"isCreateable":false,"isUpdateable":true,"isFilterable":true,"isCalculated":false,"showLabel":false,"naturalOrder":0,"linkedFields":["supplier_tax_registration_country_code"],"relatedInfos":[],"references":[]},"expression":"supplier_tax_registration_country_code"},{"@type":"fieldMap","id":"6255370","targetField":{"@type":"field","id":19121200,"name":"BUYER_TX_CNTRY","type":"nstring","uniqueName":"BUYER_TX_CNTRY","label":"BUYER_TX_CNTRY","parentObject":"FF_InvoicesOk2Pay_REST_FromCoupa.csv","pcType":"UNISTRING","precision":255,"scale":0,"columnIndex":2,"isKey":false,"isExternalId":false,"isSfIdLookup":false,"isNullable":true,"isUnique":false,"isCreateable":false,"isUpdateable":true,"isFilterable":true,"isCalculated":false,"showLabel":false,"naturalOrder":0,"linkedFields":["buyer_tax_registration_country_code"],"relatedInfos":[],"references":[]},"expression":"buyer_tax_registration_country_code"},{"@type":"fieldMap","id":"6255371","targetField":{"@type":"field","id":19121201,"name":"LINE_LEVEL_TAX","type":"nstring","uniqueName":"LINE_LEVEL_TAX","label":"LINE_LEVEL_TAX","parentObject":"FF_InvoicesOk2Pay_REST_FromCoupa.csv","pcType":"UNISTRING","precision":255,"scale":0,"columnIndex":3,"isKey":false,"isExternalId":false,"isSfIdLookup":false,"isNullable":true,"isUnique":false,"isCreateable":false,"isUpdateable":true,"isFilterable":true,"isCalculated":false,"showLabel":false,"naturalOrder":0,"linkedFields":["line_level_taxation"],"relatedInfos":[],"references":[]},"expression":"line_level_taxation"},{"@type":"fieldMap","id":"6255373","targetField":{"@type":"field","id":19121203,"name":"SUPPLIER_GL_ACCT","type":"nstring","uniqueName":"SUPPLIER_GL_ACCT","label":"SUPPLIER_GL_ACCT","parentObject":"FF_InvoicesOk2Pay_REST_FromCoupa.csv","pcType":"UNISTRING","precision":255,"scale":0,"columnIndex":4,"isKey":false,"isExternalId":false,"isSfIdLookup":false,"isNullable":true,"isUnique":false,"isCreateable":false,"isUpdateable":true,"isFilterable":true,"isCalculated":false,"showLabel":false,"naturalOrder":0,"linkedFields":["supplier_custom_fields_gl_account_"],"relatedInfos":[],"references":[]},"expression":"supplier_custom_fields_gl_account_"},{"@type":"fieldMap","id":"6260875","targetField":{"@type":"field","id":19134950,"name":"SUPPLIER_VAT_CNTRY","type":"nstring","uniqueName":"SUPPLIER_VAT_CNTRY","label":"SUPPLIER_VAT_CNTRY","parentObject":"FF_InvoicesOk2Pay_REST_FromCoupa.csv","pcType":"UNISTRING","precision":255,"scale":0,"columnIndex":5,"isKey":false,"isExternalId":false,"isSfIdLookup":false,"isNullable":true,"isUnique":false,"isCreateable":false,"isUpdateable":true,"isFilterable":true,"isCalculated":false,"showLabel":false,"naturalOrder":0,"linkedFields":["supplier_primary_address_vat_country_code"],"relatedInfos":[],"references":[]},"expression":"supplier_primary_address_vat_country_code"}],"sourceFields":[{"@type":"field","id":19153817,"name":"_FLT_URL_Input_Parameters_Config_File_Path","type":"string","uniqueName":"_FLT_URL_Input_Parameters_Config_File_Path","label":"_FLT_URL_Input_Parameters_Config_File_Path","parentObject":"invoice_header","pcType":"NSTRING","precision":255,"scale":0,"columnIndex":-1,"isKey":false,"isExternalId":false,"isSfIdLookup":false,"isNullable":true,"isUnique":false,"isCreateable":false,"isUpdateable":true,"isFilterable":true,"isCalculated":false,"javaType":"java.lang.String","showLabel":true,"naturalOrder":0,"linkedFields":[],"relatedInfos":[],"references":[]},{"@type":"field","id":19153818,"name":"_FLT_FORM_Input_Parameters_Config_File_Path","type":"string","uniqueName":"_FLT_FORM_Input_Parameters_Config_File_Path","label":"_FLT_FORM_Input_Parameters_Config_File_Path","parentObject":"invoice_header","pcType":"NSTRING","precision":255,"scale":0,"columnIndex":-1,"isKey":false,"isExternalId":false,"isSfIdLookup":false,"isNullable":true,"isUnique":false,"isCreateable":false,"isUpdateable":true,"isFilterable":true,"isCalculated":false,"javaType":"java.lang.String","showLabel":true,"naturalOrder":1,"linkedFields":[],"relatedInfos":[],"references":[]},{"@type":"field","id":19153819,"name":"_FLT_HEADER_Input_Parameters_Config_File_Path","type":"string","uniqueName":"_FLT_HEADER_Input_Parameters_Config_File_Path","label":"_FLT_HEADER_Input_Parameters_Config_File_Path","parentObject":"invoice_header","pcType":"NSTRING","precision":255,"scale":0,"columnIndex":-1,"isKey":false,"isExternalId":false,"isSfIdLookup":false,"isNullable":true,"isUnique":false,"isCreateable":false,"isUpdateable":true,"isFilterable":true,"isCalculated":false,"javaType":"java.lang.String","showLabel":true,"naturalOrder":2,"linkedFields":[],"relatedInfos":[],"references":[]},{"@type":"field","id":19153820,"name":"id","type":"string","uniqueName":"id","label":"id","parentObject":"invoice_header","pcType":"NSTRING","precision":255,"scale":0,"columnIndex":-1,"isKey":false,"isExternalId":false,"isSfIdLookup":false,"isNullable":true,"isUnique":false,"isCreateable":false,"isUpdateable":true,"isFilterable":false,"isCalculated":false,"javaType":"java.lang.String","showLabel":true,"naturalOrder":3,"linkedFields":["COUPA_ID"],"relatedInfos":[],"references":[]},{"@type":"field","id":19153821,"name":"supplier_primary_address_vat_country_code","type":"string","uniqueName":"supplier_primary_address_vat_country_code","label":"supplier_primary_address_vat_country_code","parentObject":"invoice_header","pcType":"NSTRING","precision":255,"scale":0,"columnIndex":-1,"isKey":false,"isExternalId":false,"isSfIdLookup":false,"isNullable":true,"isUnique":false,"isCreateable":false,"isUpdateable":true,"isFilterable":false,"isCalculated":false,"javaType":"java.lang.String","showLabel":true,"naturalOrder":4,"linkedFields":["SUPPLIER_VAT_CNTRY"],"relatedInfos":[],"references":[]},{"@type":"field","id":19153822,"name":"line_level_taxation","type":"string","uniqueName":"line_level_taxation","label":"line_level_taxation","parentObject":"invoice_header","pcType":"NSTRING","precision":255,"scale":0,"columnIndex":-1,"isKey":false,"isExternalId":false,"isSfIdLookup":false,"isNullable":true,"isUnique":false,"isCreateable":false,"isUpdateable":true,"isFilterable":false,"isCalculated":false,"javaType":"java.lang.String","showLabel":true,"naturalOrder":5,"linkedFields":["LINE_LEVEL_TAX"],"relatedInfos":[],"references":[]},{"@type":"field","id":19153823,"name":"supplier_custom_fields_gl_account_","type":"string","uniqueName":"supplier_custom_fields_gl_account_","label":"supplier_custom_fields_gl_account_","parentObject":"invoice_header","pcType":"NSTRING","precision":255,"scale":0,"columnIndex":-1,"isKey":false,"isExternalId":false,"isSfIdLookup":false,"isNullable":true,"isUnique":false,"isCreateable":false,"isUpdateable":true,"isFilterable":false,"isCalculated":false,"javaType":"java.lang.String","showLabel":true,"naturalOrder":6,"linkedFields":["SUPPLIER_GL_ACCT"],"relatedInfos":[],"references":[]},{"@type":"field","id":19153824,"name":"buyer_tax_registration_country_code","type":"string","uniqueName":"buyer_tax_registration_country_code","label":"buyer_tax_registration_country_code","parentObject":"invoice_header","pcType":"NSTRING","precision":255,"scale":0,"columnIndex":-1,"isKey":false,"isExternalId":false,"isSfIdLookup":false,"isNullable":true,"isUnique":false,"isCreateable":false,"isUpdateable":true,"isFilterable":false,"isCalculated":false,"javaType":"java.lang.String","showLabel":true,"naturalOrder":7,"linkedFields":["BUYER_TX_CNTRY"],"relatedInfos":[],"references":[]},{"@type":"field","id":19153825,"name":"supplier_tax_registration_country_code","type":"string","uniqueName":"supplier_tax_registration_country_code","label":"supplier_tax_registration_country_code","parentObject":"invoice_header","pcType":"NSTRING","precision":255,"scale":0,"columnIndex":-1,"isKey":false,"isExternalId":false,"isSfIdLookup":false,"isNullable":true,"isUnique":false,"isCreateable":false,"isUpdateable":true,"isFilterable":false,"isCalculated":false,"javaType":"java.lang.String","showLabel":true,"naturalOrder":8,"linkedFields":["SUPPLIER_TX_CNTRY"],"relatedInfos":[],"references":[]},{"@type":"field","id":19153826,"name":"XFK_invoice_headers","type":"string","uniqueName":"XFK_invoice_headers","label":"XFK_invoice_headers","parentObject":"invoice_header","pcType":"NSTRING","precision":255,"scale":0,"columnIndex":-1,"isKey":true,"isExternalId":false,"isSfIdLookup":false,"isNullable":true,"isUnique":false,"isCreateable":false,"isUpdateable":true,"isFilterable":false,"isCalculated":false,"javaType":"java.lang.String","showLabel":true,"naturalOrder":9,"linkedFields":[],"relatedInfos":[],"references":[]},{"@type":"field","id":19153827,"name":"XPK_invoice_header","type":"string","uniqueName":"XPK_invoice_header","label":"XPK_invoice_header","parentObject":"invoice_header","pcType":"NSTRING","precision":255,"scale":0,"columnIndex":-1,"isKey":true,"isExternalId":false,"isSfIdLookup":false,"isNullable":false,"isUnique":false,"isCreateable":false,"isUpdateable":true,"isFilterable":false,"isCalculated":false,"javaType":"java.lang.String","showLabel":true,"naturalOrder":10,"linkedFields":[],"relatedInfos":[],"references":[]}],"sortFields":[],"groupFields":[]}]