[{"@type":"workflow","id":"@1","name":"TF_SFDC_TUMVouchers_To_LMS_SFTP","description":"Voucher Activity from SFDC to SumTotal","maxLogs":10,"references":[{"@type":"reference","refObjectId":"@jjqiOQqSDeXgMbnvSnweSs","refType":"mtTask"},{"@type":"reference","refObjectId":"@5CCV2IHMCYrgbGkawlbNCB","refType":"dssTask"}],"tasks":[{"@type":"workflowTask","taskId":"@jjqiOQqSDeXgMbnvSnweSs","type":"MTT","name":"mct_SFDC_To_LMS_SFTP_TUM_Vouchers_Activity","stopOnError":true,"stopOnWarning":false},{"@type":"workflowTask","taskId":"@5CCV2IHMCYrgbGkawlbNCB","type":"DSS","name":"dss_SFDC_TUMVouchers_SFTP_PUT_To_LMS_Activity","stopOnError":true,"stopOnWarning":false}]}]