[{"@type":"mtTask","id":"@1","name":"mct_Salesforce_To_RevProFile_LoadEvents_TimeCards","description":"","runtimeEnvironmentId":"@3qLOIwmEi8HlSgV9ggzWkn","postProcessingCmd":"cp -f $PMRootDir/stage/FF_SFDC_To_RevProFile_606_Events.csv $PMRootDir/stage/Archive/RevPro/FF_SFDC_To_RevProFile_606_Events_$(date +%Y%m%d%H%M%S).csv && cp -f $PMRootDir/stage/FF_SFDC_To_RevProFile_606_Events.csv $PMRootDir/stage/ICRT/","maxLogs":10,"verbose":false,"lastRunTime":1585688513000,"mappingId":"@8gMIqLneYO8bCuNE4T1hsJ","shortDescription":"","sessionProperties":{},"enableCrossSchemaPushdown":false,"parameters":[{"@type":"mtTaskParameter","id":73673732,"name":"$Src_SFDC_BillingEventItem_TimeCardSplit$","type":"EXTENDED_SOURCE","label":"Src_SFDC_BillingEventItem_TimeCardSplit","uiProperties":{"connectionParameterized":"false","isMsrcFilterParameterized":"false","isMsrcSortParameterized":"false","objectParameterized":"false","visible":"false"},"sourceConnectionId":"@2CjV79tAT4nicr3VedQp4y","newFlatFile":false,"newObject":false,"showBusinessNames":false,"naturalOrder":true,"truncateTarget":false,"bulkApiDBTarget":false,"customFuncCfg":{"@type":"customFuncConfig","id":-1,"connections":[],"inputMap":[],"outputFields":[]},"tgtFieldRefs":{},"targetUpdateColumns":[],"extendedObject":{"@type":"extendedObject","object":{"@type":"mObject","name":"pse__Billing_Event_Item__c","label":"Billing Event Item","metadataUpdated":false,"relations":[],"children":[{"@type":"mObject","name":"pse__Timecard__c","label":"pse__Timecard__c","metadataUpdated":false,"relations":[{"@type":"objectRelation","object1":"pse__Timecard__c","object2":"pse__Billing_Event_Item__c","field1":"Id","field2":"pse__Timecard_Split__c","relationshipName":"pse__Timecard_Split__r","relationshipType":"Child","joinType":"INNER","joinOperator":"EQUALS"}],"children":[{"@type":"mObject","name":"pse__Milestone__c","label":"pse__Milestone__c","metadataUpdated":false,"relations":[{"@type":"objectRelation","object1":"pse__Milestone__c","object2":"pse__Timecard__c","field1":"Id","field2":"pse__Milestone__c","relationshipName":"pse__Milestone__r","relationshipType":"Child","joinType":"INNER","joinOperator":"EQUALS"}],"children":[{"@type":"mObject","name":"OrderItem","label":"OrderItem","metadataUpdated":false,"relations":[{"@type":"objectRelation","object1":"OrderItem","object2":"pse__Milestone__c","field1":"Id","field2":"Order_Product__c","relationshipName":"Order_Product__r","relationshipType":"Child","joinType":"INNER","joinOperator":"EQUALS"}],"children":[]}]},{"@type":"mObject","name":"pse__Proj__c","label":"pse__Proj__c","metadataUpdated":false,"relations":[{"@type":"objectRelation","object1":"pse__Proj__c","object2":"pse__Timecard__c","field1":"Id","field2":"pse__Project__c","relationshipName":"pse__Project__r","relationshipType":"Child","joinType":"INNER","joinOperator":"EQUALS"}],"children":[]}]}]},"filters":[],"sortFields":[]},"runtimeAttrs":{},"isRESTModernSource":true,"isFileList":false,"handleSpecialChars":false,"frsAsset":false,"tgtObjectAttributes":{},"runtimeParameterData":{"@type":"mtTaskRuntimeParameterData","isConnectionRuntimeParameter":false,"isObjectRuntimeParameter":false},"overriddenFields":[]},{"@type":"mtTaskParameter","id":73673733,"name":"$Tgt_FF_SFDC_BillingEventItems_SentToRevPro$","type":"TARGET","label":"Tgt_FF_SFDC_BillingEventItems_SentToRevPro","uiProperties":{"connectionParameterized":"false","objectParameterized":"false","visible":"false","defaultTargetUpdateColumns":""},"targetConnectionId":"@8Qp1Vvtik7ejRmnNM3lSiT","targetObject":"FF_SFDC_BillingEventItems_SentToRevPro.csv","targetObjectLabel":"FF_SFDC_BillingEventItems_SentToRevPro.csv","newFlatFile":false,"newObject":false,"showBusinessNames":false,"naturalOrder":true,"truncateTarget":false,"bulkApiDBTarget":false,"operationType":"Insert","tgtFFAttrs":{"@type":"flatFileAttrs","id":1225387,"delimiter":",","textQualifier":"\"","escapeChar":"","headerLineNo":1},"customFuncCfg":{"@type":"customFuncConfig","id":-1,"connections":[],"inputMap":[],"outputFields":[]},"tgtFieldRefs":{},"targetUpdateColumns":[],"extendedObject":{"@type":"extendedObject","filters":[],"sortFields":[]},"runtimeAttrs":{},"isRESTModernSource":true,"isFileList":false,"handleSpecialChars":false,"frsAsset":false,"tgtObjectAttributes":{},"runtimeParameterData":{"@type":"mtTaskRuntimeParameterData","isConnectionRuntimeParameter":false,"isObjectRuntimeParameter":false},"overriddenFields":[]},{"@type":"mtTaskParameter","id":73673734,"name":"$Tgt_FF_SFDC_To_RevProFile_606_Events$","type":"TARGET","label":"Tgt_FF_SFDC_To_RevProFile_606_Events","uiProperties":{"connectionParameterized":"false","objectParameterized":"false","visible":"false","defaultTargetUpdateColumns":""},"targetConnectionId":"@8Qp1Vvtik7ejRmnNM3lSiT","targetObject":"FF_SFDC_To_RevProFile_606_Events.csv","targetObjectLabel":"FF_SFDC_To_RevProFile_606_Events.csv","newFlatFile":false,"newObject":false,"showBusinessNames":false,"naturalOrder":true,"truncateTarget":false,"bulkApiDBTarget":false,"operationType":"Insert","tgtFFAttrs":{"@type":"flatFileAttrs","id":1225388,"delimiter":",","textQualifier":"\"","escapeChar":"","headerLineNo":1},"customFuncCfg":{"@type":"customFuncConfig","id":-1,"connections":[],"inputMap":[],"outputFields":[]},"tgtFieldRefs":{},"targetUpdateColumns":[],"extendedObject":{"@type":"extendedObject","filters":[],"sortFields":[]},"runtimeAttrs":{},"isRESTModernSource":true,"isFileList":false,"handleSpecialChars":false,"frsAsset":false,"tgtObjectAttributes":{},"runtimeParameterData":{"@type":"mtTaskRuntimeParameterData","isConnectionRuntimeParameter":false,"isObjectRuntimeParameter":false},"overriddenFields":[]}],"sequences":[],"inOutParameters":[],"connRuntimeAttrs":[]}]