[{"@type":"workflow","id":"@1","name":"TF_Users_Access_Netsuite_To_Coupa_Update","maxLogs":10,"scheduleId":"@2","references":[{"@type":"reference","refObjectId":"@bt8R7Ov32itlGjyJmtEaw0","refType":"dssTask"},{"@type":"reference","refObjectId":"@aRTFrEwmU0kgp41wedbcki","refType":"mtTask"},{"@type":"reference","refObjectId":"@5vYW0vkmWcekjgORaOmgiy","refType":"dssTask"},{"@type":"reference","refObjectId":"@5qtunv9RJlvh7CSHdHS0aG","refType":"dssTask"},{"@type":"reference","refObjectId":"@5SOqqfRuX4ofIcs34vca4n","refType":"dssTask"}],"tasks":[{"@type":"workflowTask","taskId":"@bt8R7Ov32itlGjyJmtEaw0","type":"DSS","name":"DSS_00_Users_Coupa_To_File","stopOnError":false,"stopOnWarning":false},{"@type":"workflowTask","taskId":"@aRTFrEwmU0kgp41wedbcki","type":"MTT","name":"mct_Coupa_Users_Update_File","stopOnError":false,"stopOnWarning":false},{"@type":"workflowTask","taskId":"@5vYW0vkmWcekjgORaOmgiy","type":"DSS","name":"DSS_Users_01_PUT_File_To_XMLCreate.","stopOnError":false,"stopOnWarning":false},{"@type":"workflowTask","taskId":"@5qtunv9RJlvh7CSHdHS0aG","type":"DSS","name":"DSS_Users_02_PUT_File_To_XMLClean","stopOnError":false,"stopOnWarning":false},{"@type":"workflowTask","taskId":"@5SOqqfRuX4ofIcs34vca4n","type":"DSS","name":"DSS_Users_03_PUT_XMLFile_To_Coupa","stopOnError":false,"stopOnWarning":false}]}]