[{"@type":"mtTask","id":"@1","name":"mct_Netsuite_Custom_Table_Data_Load_SO_Line_Action_Items_FF","description":"","errorTaskEmail":{"@type":"taskEmail","id":327119,"emails":"sri.battu@appdynamics.com","emailType":"ERROR"},"successTaskEmail":{"@type":"taskEmail","id":327120,"emails":"sri.battu@appdynamics.com","emailType":"SUCCESS"},"warningTaskEmail":{"@type":"taskEmail","id":327121,"emails":"sri.battu@appdynamics.com","emailType":"WARNING"},"runtimeEnvironmentId":"@1KKuSUw1Rkfbzmz4wJo8eb","maxLogs":10,"verbose":false,"lastRunTime":1604520913000,"mappingId":"@cHODfSs7aEQf52BkohJqK1","shortDescription":"","sessionProperties":{},"enableCrossSchemaPushdown":true,"autoTunedApplied":false,"parameterFileEncoding":"UTF-8","parameters":[{"@type":"mtTaskParameter","id":105630407,"name":"$src_Netsuite_Query_Data$","type":"SOURCE","label":"src_Netsuite_Query_Data","uiProperties":{"connectionParameterized":"false","objectParameterized":"false","visible":"false"},"sourceConnectionId":"@lswrXZZ7IoKlAAwKXY4u6P","sourceObject":"DUMMY_src_Netsuite_Query_Data","newFlatFile":false,"newObject":false,"showBusinessNames":false,"naturalOrder":true,"truncateTarget":false,"bulkApiDBTarget":false,"customFuncCfg":{"@type":"customFuncConfig","id":-1,"connections":[],"inputMap":[],"outputFields":[]},"tgtFieldRefs":{},"targetUpdateColumns":[],"runtimeAttrs":{},"isRESTModernSource":true,"customQuery":"select distinct A.tranid, A.transaction_id, A.status, E.name, B.transaction_line_id line_id, \n      B.Billing_Schedule_ID,\n        B.qty, to_char(A.create_date, 'YYYY/MM/DD HH:MI:SS') create_date, \n        to_char(A.start_date, 'YYYY/MM/DD HH:MI:SS') start_date , \n        to_char(A.end_date, 'YYYY/MM/DD HH:MI:SS') end_date , abs(B.amount_foreign) \n          amount,\n           abs((select sum(c.amount_foreign) from transaction_lines c , transactions d  \n                   where \n                   d.created_from_id = A.transaction_id\n                   and d.transaction_type = 'Invoice'\n                   and to_date(d.trandate,'MM/DD/YYYY') <=  current_date()\n                   and d.transaction_id = c.transaction_id \n                  and c.so_line_number = B.transaction_line_id\n                  group by c.so_line_number)) sum_invoice_amount ,\n            (select sum(c.qty) from transaction_lines c , transactions d  \n                   where \n                   d.created_from_id = A.transaction_id\n                   and d.transaction_type = 'Invoice'\n                   and to_date(d.trandate,'MM/DD/YYYY') <=  current_date()\n                   and d.transaction_id = c.transaction_id \n                  and c.so_line_number = B.transaction_line_id\n                  group by c.so_line_number) sum_invoice_qty,\n            abs((select sum(c.amount_foreign) from transaction_lines c , transactions d  \n                   where \n                   d.created_from_id = A.transaction_id\n                   and d.transaction_type = 'Invoice'\n                   and to_date(d.trandate,'MM/DD/YYYY') > current_date()\n                   and d.transaction_id = c.transaction_id \n                  and c.so_line_number = B.transaction_line_id\n                  group by c.so_line_number)) sum_invoice_amount_after,\n             (select sum(c.qty) from transaction_lines c , transactions d  \n                   where \n                   d.created_from_id = A.transaction_id\n                   and d.transaction_type = 'Invoice'\n                   and to_date(d.trandate,'MM/DD/YYYY') > current_date()\n                   and d.transaction_id = c.transaction_id \n                  and c.so_line_number = B.transaction_line_id\n                  group by c.so_line_number) sum_invoice_qty_after,\n            (select sum(c.amount_foreign) from transaction_lines c , transactions d  \n              where \n              d.created_from_id = A.transaction_id\n             and d.transaction_type = 'Return Authorization'\n             and d.status not in ('Pending Approval', 'Cancelled', 'Closed')\n             and d.transaction_id = c.transaction_id \n             and c.so_line_number = B.transaction_line_id\n              group by c.so_line_number) sum_RA_amount,\n          (select sum(abs(c.amount_foreign))\n            from transaction_lines c,  transactions d\n            where d.created_from_id = F.transaction_id\n              and  d.transaction_type = 'Credit Memo' \n              and d.transaction_id = c.transaction_id  \n              and c.so_line_number = B.transaction_line_id\n         group by c.so_line_number) sum_CM_amount,\n         (select sum(abs(c.qty))\n            from transaction_lines c,  transactions d\n            where d.created_from_id = F.transaction_id\n              and  d.transaction_type = 'Credit Memo' \n              and d.transaction_id = c.transaction_id  \n              and c.so_line_number = B.transaction_line_id\n         group by c.so_line_number) sum_CM_Qty, \n(select sum(abs(c.amount_foreign))\n            from transaction_lines c,  transactions d, transactions e, transactions f\n            where d.created_from_id = e.transaction_id\n              and  d.transaction_type = 'Credit Memo' \n              and e.transaction_type = 'Return Authorization'\n              and e.created_from_id = f.transaction_id\n              and f.transaction_type = 'Invoice'\n              and f.created_from_id = A.transaction_id\n              and d.transaction_id = c.transaction_id  \n              and c.so_line_number = B.transaction_line_id\n         group by c.so_line_number) sum_CM_C_amount,\n         (select sum(abs(c.qty))\n            from transaction_lines c,  transactions d, transactions e, transactions f\n            where d.created_from_id = e.transaction_id\n              and  d.transaction_type = 'Credit Memo' \n              and e.transaction_type = 'Return Authorization'\n              and e.created_from_id = f.transaction_id\n              and f.transaction_type = 'Invoice'\n              and f.created_from_id = A.transaction_id\n              and d.transaction_id = c.transaction_id  \n              and c.so_line_number = B.transaction_line_id\n         group by c.so_line_number) sum_CM_C_quantity,\n        (select sum(c.qty) from transaction_lines c , transactions d  \n         where \n          d.created_from_id = A.transaction_id\n          and d.transaction_type = 'Return Authorization'\n          and d.status not in ('Pending Approval', 'Cancelled', 'Closed')\n          and d.transaction_id = c.transaction_id \n          and c.so_line_number = B.transaction_line_id\n        group by c.so_line_number) ra_quantity ,\n       B.sfdc_order_line_id, B.sfdc_parent_line_id\n   from transactions A, transaction_lines B , items E, transactions F\n    where A.transaction_id = B.transaction_id \n    and A.transaction_type = 'Sales Order' \n     and A.transaction_id  =  F.created_from_id\n     and F.transaction_type = 'Return Authorization' \n  -- and A.transaction_id in \n --  (select transaction_id from transactions where transaction_id in  \n   --  (select distinct(created_from_id) from transactions where transaction_type='Return Authorization')\n    --   and transaction_type = 'Sales Order') \n     and  B.transaction_line_id != '0'\n     -- and A.tranid in ('SO020-6414','SO010-9022','SO010-8958')\n     and  B.product_name is not null \n     and  B.item_id = E.item_id","isFileList":false,"handleSpecialChars":false,"frsAsset":false,"dynamicFileName":false,"tgtObjectAttributes":{},"runtimeParameterData":{"@type":"mtTaskRuntimeParameterData","isConnectionRuntimeParameter":false,"isObjectRuntimeParameter":false},"overriddenFields":[]},{"@type":"mtTaskParameter","id":105630408,"name":"$tgt_FF_CON_SO_RA$","type":"TARGET","label":"tgt_FF_CON_SO_RA","uiProperties":{"connectionParameterized":"false","objectParameterized":"false","visible":"false","defaultTargetUpdateColumns":""},"targetConnectionId":"@8Qp1Vvtik7ejRmnNM3lSiT","targetObject":"FF_NS_SB_CON_SO_RA_ACTION_AD.csv","targetObjectLabel":"FF_NS_SB_CON_SO_RA_ACTION_AD.csv","newFlatFile":false,"newObject":false,"showBusinessNames":false,"naturalOrder":true,"truncateTarget":false,"bulkApiDBTarget":false,"operationType":"Insert","tgtFFAttrs":{"@type":"flatFileAttrs","id":2119024,"delimiter":",","textQualifier":"\"","escapeChar":"","headerLineNo":1},"customFuncCfg":{"@type":"customFuncConfig","id":-1,"connections":[],"inputMap":[],"outputFields":[]},"tgtFieldRefs":{},"targetUpdateColumns":[],"extendedObject":{"@type":"extendedObject","filters":[],"sortFields":[]},"runtimeAttrs":{},"isRESTModernSource":true,"isFileList":false,"handleSpecialChars":false,"frsAsset":false,"dynamicFileName":false,"tgtObjectAttributes":{},"runtimeParameterData":{"@type":"mtTaskRuntimeParameterData","isConnectionRuntimeParameter":false,"isObjectRuntimeParameter":false},"overriddenFields":[]}],"sequences":[],"inOutParameters":[],"connRuntimeAttrs":[]}]