[{"@type":"mappingTemplate","id":"@1","name":"m_FF_Netsuite_Custom_Table_Data_Load_SO_Line_Action_Items","description":"","bundleVersion":"0","templateId":"@3","deployTime":1601318971000,"hasParameters":false,"valid":true,"fixedConnection":true,"hasParametersDeployed":false,"fixedConnectionDeployed":true,"tasks":1,"mappingPreviewFileRecordId":"@2","documentType":"","references":[{"@type":"reference","refObjectId":"@5j4ehxAm3tgkgGpL1UKFWC","refType":"connection"},{"@type":"reference","refObjectId":"@8Qp1Vvtik7ejRmnNM3lSiT","refType":"connection"},{"@type":"reference","refObjectId":"@lswrXZZ7IoKlAAwKXY4u6P","refType":"connection"}]}]