[{"@type":"mtTask","id":"@1","name":"mct_Invoice_Ok2Pay_00_File_To_File_Get_LatestOpenAccountPostingPeriod","description":"","runtimeEnvironmentId":"@3qLOIwmEi8HlSgV9ggzWkn","maxLogs":10,"verbose":false,"lastRunTime":1586979345000,"mappingId":"@9AdofvM5tKveo1BBIzoEMv","shortDescription":"","sessionProperties":{},"enableCrossSchemaPushdown":false,"parameters":[{"@type":"mtTaskParameter","id":198608,"name":"$FF_AccountPostingPeriods_FromNetSuite$","type":"EXTENDED_SOURCE","label":"FF_AccountPostingPeriods_FromNetSuite","uiProperties":{"connectionParameterized":"false","isMsrcFilterParameterized":"false","isMsrcSortParameterized":"false","objectParameterized":"false","visible":"false"},"sourceConnectionId":"@6ey2Cmo3PaHcsThnJ0TYui","newFlatFile":false,"newObject":false,"showBusinessNames":false,"naturalOrder":true,"truncateTarget":false,"bulkApiDBTarget":false,"srcFFAttrs":{"@type":"flatFileAttrs","id":44617,"delimiter":",","textQualifier":"\"","escapeChar":"","headerLineNo":1,"firstDataRow":2},"customFuncCfg":{"@type":"customFuncConfig","id":-1,"connections":[],"inputMap":[],"outputFields":[]},"tgtFieldRefs":{},"targetUpdateColumns":[],"extendedObject":{"@type":"extendedObject","object":{"@type":"mObject","name":"FF_AccountPostingPeriods_FromNetSuite.csv","label":"FF_AccountPostingPeriods_FromNetSuite.csv","metadataUpdated":false,"relations":[],"children":[]},"filters":[],"sortFields":[]},"runtimeAttrs":{},"isRESTModernSource":true,"isFileList":false,"handleSpecialChars":false,"frsAsset":false,"fetchMode":"ORIGINAL","tgtObjectAttributes":{},"runtimeParameterData":{"@type":"mtTaskRuntimeParameterData","isConnectionRuntimeParameter":false,"isObjectRuntimeParameter":false},"overriddenFields":[]},{"@type":"mtTaskParameter","id":198609,"name":"$FF_AccountPostingPeriods_FromNetSuite_LatestOpenPeriod$","type":"TARGET","label":"FF_AccountPostingPeriods_FromNetSuite_LatestOpenPeriod","uiProperties":{"connectionParameterized":"false","objectParameterized":"false","visible":"false","defaultTargetUpdateColumns":""},"targetConnectionId":"@6ey2Cmo3PaHcsThnJ0TYui","targetObject":"FF_AccountPostingPeriods_FromNetSuite_LatestOpenPeriod.csv","targetObjectLabel":"FF_AccountPostingPeriods_FromNetSuite_LatestOpenPeriod.csv","newFlatFile":false,"newObject":false,"showBusinessNames":false,"naturalOrder":true,"truncateTarget":false,"bulkApiDBTarget":false,"operationType":"Insert","tgtFFAttrs":{"@type":"flatFileAttrs","id":44618,"delimiter":",","textQualifier":"\"","escapeChar":"","headerLineNo":1},"customFuncCfg":{"@type":"customFuncConfig","id":-1,"connections":[],"inputMap":[],"outputFields":[]},"tgtFieldRefs":{},"targetUpdateColumns":[],"extendedObject":{"@type":"extendedObject","filters":[],"sortFields":[]},"runtimeAttrs":{},"isRESTModernSource":true,"isFileList":false,"handleSpecialChars":false,"frsAsset":false,"fetchMode":"ORIGINAL","tgtObjectAttributes":{},"runtimeParameterData":{"@type":"mtTaskRuntimeParameterData","isConnectionRuntimeParameter":false,"isObjectRuntimeParameter":false},"overriddenFields":[]}],"sequences":[],"inOutParameters":[],"connRuntimeAttrs":[]}]