[{"@type":"workflow","id":"@1","name":"TF_EmployeeSync_FromCiscoART_To_Netsuite","maxLogs":10,"references":[{"@type":"reference","refObjectId":"@5jOGU1OGGCwf4UvD0iEVSk","refType":"dssTask"},{"@type":"reference","refObjectId":"@4TzgY7gOQwiddGX7ujqyiP","refType":"dssTask"},{"@type":"reference","refObjectId":"@0B80tosKVRxhkS4yfWAFOk","refType":"mtTask"},{"@type":"reference","refObjectId":"@2ML0nCLVWAtlxTgStID9WO","refType":"mtTask"},{"@type":"reference","refObjectId":"@8I5akWOqn6rcRU73nE2gyf","refType":"mtTask"},{"@type":"reference","refObjectId":"@0rbGebiAdIvgupxJFfr7kA","refType":"mtTask"},{"@type":"reference","refObjectId":"@1ht3LDUWmlrhe3Af58vz2d","refType":"mtTask"},{"@type":"reference","refObjectId":"@9WVKFb3hnpXgyb5XXXBgi7","refType":"mtTask"},{"@type":"reference","refObjectId":"@jsK7VLJDjuRd9tWDk3r9A8","refType":"mtTask"},{"@type":"reference","refObjectId":"@1xr2RLK4ERbhoBB4QxhVA7","refType":"mtTask"}],"tasks":[{"@type":"workflowTask","taskId":"@5jOGU1OGGCwf4UvD0iEVSk","type":"DSS","name":"DSS_EmployeeSync_FromCiscoART_01_SFTP_GetFile","stopOnError":true,"stopOnWarning":false},{"@type":"workflowTask","taskId":"@4TzgY7gOQwiddGX7ujqyiP","type":"DSS","name":"DSS_EmployeeSync_FromCiscoART_02_PGP_FileDecryption","stopOnError":true,"stopOnWarning":false},{"@type":"workflowTask","taskId":"@0B80tosKVRxhkS4yfWAFOk","type":"MTT","name":"mct_EmployeeSync_FromCiscoART_03_ExtractNetsuiteEmployees","stopOnError":true,"stopOnWarning":false},{"@type":"workflowTask","taskId":"@2ML0nCLVWAtlxTgStID9WO","type":"MTT","name":"mct_EmployeeSync_FromCiscoART_04_ExtractCiscoDeptLookupTable","stopOnError":true,"stopOnWarning":false},{"@type":"workflowTask","taskId":"@8I5akWOqn6rcRU73nE2gyf","type":"MTT","name":"mct_EmployeeSync_FromCiscoART_05_CreateNetsuiteFile","stopOnError":true,"stopOnWarning":false},{"@type":"workflowTask","taskId":"@0rbGebiAdIvgupxJFfr7kA","type":"MTT","name":"mct_EmployeeSync_FromCiscoART_06a_File_To_Netsuite_Upsert","stopOnError":true,"stopOnWarning":false},{"@type":"workflowTask","taskId":"@1ht3LDUWmlrhe3Af58vz2d","type":"MTT","name":"mct_EmployeeSync_FromCiscoART_06b_File_To_Netsuite_UpsertErrors","stopOnError":true,"stopOnWarning":false},{"@type":"workflowTask","taskId":"@9WVKFb3hnpXgyb5XXXBgi7","type":"MTT","name":"mct_EmployeeSync_FromCiscoART_07_ExtractNetsuiteEmployees_ForHierarchy","stopOnError":true,"stopOnWarning":false},{"@type":"workflowTask","taskId":"@jsK7VLJDjuRd9tWDk3r9A8","type":"MTT","name":"mct_EmployeeSync_FromCiscoART_08_File_To_Netsuite_SupervisorUpdate","stopOnError":true,"stopOnWarning":false},{"@type":"workflowTask","taskId":"@1xr2RLK4ERbhoBB4QxhVA7","type":"MTT","name":"mct_EmployeeSync_FromCiscoART_09_File_To_Netsuite_SupervisorUpdateErrors","stopOnError":true,"stopOnWarning":false}]}]