[{"@type":"mappingTemplate","id":"@1","name":"m_Netsuite_Active_Employee_FF_Extract","description":"","bundleVersion":"0","templateId":"@3","deployTime":1539492480000,"hasParameters":false,"valid":true,"fixedConnection":true,"hasParametersDeployed":false,"fixedConnectionDeployed":true,"tasks":1,"mappingPreviewFileRecordId":"@2","references":[{"@type":"reference","refObjectId":"@9RseCyX0NqsgPU58Naun8Y","refType":"connection"},{"@type":"reference","refObjectId":"@brwXcX8SFwdiPZrkZpvZQG","refType":"connection"}]}]