[{"@type":"mappingTemplate","id":"@1","name":"m_Netsuite_To_RevProFile_LoadTransactions_SalesOrder_RA_UpdateExportedFlag","description":"As of Now, only update the exported flag for Return Authorization created from SO","bundleVersion":"0","templateId":"@3","deployTime":1570015994000,"hasParameters":false,"valid":true,"fixedConnection":true,"hasParametersDeployed":false,"fixedConnectionDeployed":true,"tasks":1,"mappingPreviewFileRecordId":"@2","documentType":"","references":[{"@type":"reference","refObjectId":"@b3U4nPCAkmZgKaHvUiQ8w2","refType":"connection"},{"@type":"reference","refObjectId":"@8Qp1Vvtik7ejRmnNM3lSiT","refType":"connection"}]}]