[{"@type":"mappingTemplate","id":"@1","name":"m_SFDC_FF_Int_Queue_Extract","description":"","bundleVersion":"0","templateId":"@3","deployTime":1526700719000,"hasParameters":false,"valid":true,"fixedConnection":true,"hasParametersDeployed":false,"fixedConnectionDeployed":true,"tasks":1,"mappingPreviewFileRecordId":"@2","references":[{"@type":"reference","refObjectId":"@2CjV79tAT4nicr3VedQp4y","refType":"connection"},{"@type":"reference","refObjectId":"@98kzFBZXpmde7mTm99zZwU","refType":"connection"}]}]