[{"@type":"workflow","id":"@1","name":"TF_Netsuite_To_RevProFile_LoadTransactions_Invoice","description":"Invoices from Netsuite to RevPro","maxLogs":10,"references":[{"@type":"reference","refObjectId":"@a6BDxLjk74dbetdImXzYqA","refType":"mtTask"},{"@type":"reference","refObjectId":"@5pAwRm21MslcT0wl6amWQt","refType":"mtTask"}],"tasks":[{"@type":"workflowTask","taskId":"@a6BDxLjk74dbetdImXzYqA","type":"MTT","name":"mct_Netsuite_To_RevProFile_LoadTransactions_Invoice","stopOnError":true,"stopOnWarning":true},{"@type":"workflowTask","taskId":"@5pAwRm21MslcT0wl6amWQt","type":"MTT","name":"mct_Netsuite_To_RevProFile_LoadTransactions_Invoice_UpdateExportedFlag","stopOnError":true,"stopOnWarning":false}]}]