[{"@type":"workflow","id":"@1","name":"TF_Salesforce_To_RevProFile_LoadEvents_Milestones","maxLogs":10,"references":[{"@type":"reference","refObjectId":"@4zUkAczqIQib4c7cevzgud","refType":"mtTask"},{"@type":"reference","refObjectId":"@32WK4gvpc0wha5LtUDPki0","refType":"mtTask"}],"tasks":[{"@type":"workflowTask","taskId":"@4zUkAczqIQib4c7cevzgud","type":"MTT","name":"mct_Salesforce_To_RevProFile_LoadEvents_MileStones","stopOnError":true,"stopOnWarning":true},{"@type":"workflowTask","taskId":"@32WK4gvpc0wha5LtUDPki0","type":"MTT","name":"mct_Salesforce_To_RevProFile_LoadEvents_UpdateMilestoneBillingEventFlag","stopOnError":true,"stopOnWarning":true}]}]