[{"@type":"dssTask","id":"@1","name":"DSS_Invoice_Ok2Pay_07_VendorBill_PUT_File_To_XMLCreate","description":"","preProcessingCmd":"rm -f $PMRootDir/stage/Coupa/PayLoad/PayLoadCoupaInvoiceOk2PayPUT.xml","maxLogs":10,"sourceConnectionId":"@6ey2Cmo3PaHcsThnJ0TYui","targetConnectionId":"@4u0BCgyKIq7bagJ0ISS2am","targetObject":"voice_headers_invoice_header","targetObjectLabel":"","targetChildObjectLabel":"","operation":"Insert","maxRows":0,"truncateTarget":false,"bulkApiDBTarget":false,"verbose":false,"srcFlatFileAttrs":{"@type":"flatFileAttrs","id":44319,"delimiter":",","textQualifier":"\"","escapeChar":"","headerLineNo":1,"firstDataRow":2},"targetMetadataUpdated":false,"modelVersion":"V3-R600","queryAll":false,"srcSettings":{"@type":"taskDataSourceSetting","isShowLabels":false,"isNaturalOrder":true},"tgtSettings":{"@type":"taskDataSourceSetting","isShowLabels":true,"isNaturalOrder":true},"cfSettings":{"@type":"taskDataSourceSetting","isShowLabels":false,"isNaturalOrder":true},"bulkApi":false,"bulkApiSerialMode":false,"bulkApiMonitor":false,"isTargetObjectSfCustom":false,"allowNullUpdates":false,"targetBatchSize":200,"assignmentRuleId":"-1","assignmentRuleType":"None","createSuccessFile":false,"bulkApiHardDelete":false,"srcRuntimeAttrs":{"@type":"taskRuntimeAttrs","attrs":{}},"tgtRuntimeAttrs":{"@type":"taskRuntimeAttrs","attrs":{"Error File Directory":"","Success File Directory":""}},"sourceObjects":[{"@type":"mObject","name":"FF_InvoiceOk2Pay_UpdateCoupa.csv","label":"FF_InvoiceOk2Pay_UpdateCoupa.csv","metadataUpdated":false,"relations":[],"children":[]}],"advancedFilters":[{"@type":"advancedFilter","id":"4493","objectName":"FF_InvoiceOk2Pay_UpdateCoupa.csv","objectLabel":"FF_InvoiceOk2Pay_UpdateCoupa.csv","expression":"NS_Load_Success = '1'    OR    (NS_Load_Success = '0' AND NOT ISNULL(ltrim(rtrim(NS_Load_ErrorMessage)))   AND   INSTR(ltrim(rtrim(NS_Load_ErrorMessage)),  '[Code=USER_ERROR] Your transaction does not balance', 1) =  0)"}],"filters":[],"fieldMaps":[{"@type":"fieldMap","id":"955539","targetField":{"@type":"field","id":2351781,"name":"id","type":"string","uniqueName":"id","label":"id","parentObject":"voice_headers_invoice_header","pcType":"NSTRING","precision":2500,"scale":0,"columnIndex":-1,"isKey":false,"isExternalId":false,"isSfIdLookup":false,"isNullable":true,"isUnique":false,"isCreateable":false,"isUpdateable":true,"isFilterable":false,"isCalculated":false,"javaType":"java.lang.String","showLabel":true,"naturalOrder":0,"linkedFields":["HeaderExternalId_CoupaInvoiceId"],"relatedInfos":[],"references":[]},"expression":"HeaderExternalId_CoupaInvoiceId"},{"@type":"fieldMap","id":"955540","targetField":{"@type":"field","id":2351784,"name":"export-status","type":"string","uniqueName":"export_status","label":"export-status","parentObject":"voice_headers_invoice_header","pcType":"NSTRING","precision":2500,"scale":0,"columnIndex":-1,"isKey":false,"isExternalId":false,"isSfIdLookup":false,"isNullable":true,"isUnique":false,"isCreateable":false,"isUpdateable":true,"isFilterable":false,"isCalculated":false,"javaType":"java.lang.String","showLabel":true,"naturalOrder":1,"linkedFields":["NS_Load_ErrorMessage"],"relatedInfos":[],"references":[]},"expression":"NS_Load_ErrorMessage"},{"@type":"fieldMap","id":"955541","targetField":{"@type":"field","id":2351787,"name":"exported","type":"string","uniqueName":"exported","label":"exported","parentObject":"voice_headers_invoice_header","pcType":"NSTRING","precision":2500,"scale":0,"columnIndex":-1,"isKey":false,"isExternalId":false,"isSfIdLookup":false,"isNullable":true,"isUnique":false,"isCreateable":false,"isUpdateable":true,"isFilterable":false,"isCalculated":false,"javaType":"java.lang.String","showLabel":true,"naturalOrder":2,"linkedFields":[],"relatedInfos":[],"references":[]},"expression":"'true'"},{"@type":"fieldMap","id":"955542","targetField":{"@type":"field","id":2351790,"name":"XFK_invoice-headers","type":"string","uniqueName":"XFK_invoice_headers","label":"XFK_invoice-headers","parentObject":"voice_headers_invoice_header","pcType":"NSTRING","precision":2500,"scale":0,"columnIndex":-1,"isKey":true,"isExternalId":false,"isSfIdLookup":false,"isNullable":true,"isUnique":false,"isCreateable":false,"isUpdateable":true,"isFilterable":false,"isCalculated":false,"javaType":"java.lang.String","showLabel":true,"naturalOrder":3,"linkedFields":[],"relatedInfos":[],"references":[]}},{"@type":"fieldMap","id":"955543","targetField":{"@type":"field","id":2351793,"name":"XPK_invoice-header","type":"string","uniqueName":"XPK_invoice_header","label":"XPK_invoice-header","parentObject":"voice_headers_invoice_header","pcType":"NSTRING","precision":2500,"scale":0,"columnIndex":-1,"isKey":true,"isExternalId":false,"isSfIdLookup":false,"isNullable":false,"isUnique":false,"isCreateable":false,"isUpdateable":true,"isFilterable":false,"isCalculated":false,"javaType":"java.lang.String","showLabel":true,"naturalOrder":4,"linkedFields":["HeaderExternalId_CoupaInvoiceId"],"relatedInfos":[],"references":[]},"expression":"HeaderExternalId_CoupaInvoiceId"},{"@type":"fieldMap","id":"955544","targetField":{"@type":"field","id":2351795,"name":"ISFINALXML","type":"string","uniqueName":"ISFINALXML","label":"ISFINALXML","parentObject":"voice_headers_invoice_header","pcType":"NSTRING","precision":2500,"scale":0,"columnIndex":-1,"isKey":false,"isExternalId":false,"isSfIdLookup":false,"isNullable":true,"isUnique":false,"isCreateable":false,"isUpdateable":true,"isFilterable":false,"isCalculated":false,"javaType":"java.lang.String","showLabel":true,"naturalOrder":5,"linkedFields":[],"relatedInfos":[],"references":[]}}],"sourceFields":[{"@type":"field","id":2351797,"name":"VendorBill_or_VendorCredit","type":"nstring","uniqueName":"VendorBill_or_VendorCredit","label":"VendorBill_or_VendorCredit","parentObject":"FF_InvoiceOk2Pay_UpdateCoupa.csv","pcType":"UNISTRING","precision":255,"scale":0,"columnIndex":0,"isKey":false,"isExternalId":false,"isSfIdLookup":false,"isNullable":true,"isUnique":false,"isCreateable":false,"isUpdateable":true,"isFilterable":true,"isCalculated":false,"showLabel":false,"naturalOrder":0,"linkedFields":[],"relatedInfos":[],"references":[]},{"@type":"field","id":2351799,"name":"HeaderExternalId_CoupaInvoiceId","type":"nstring","uniqueName":"HeaderExternalId_CoupaInvoiceId","label":"HeaderExternalId_CoupaInvoiceId","parentObject":"FF_InvoiceOk2Pay_UpdateCoupa.csv","pcType":"UNISTRING","precision":2500,"scale":0,"columnIndex":1,"isKey":false,"isExternalId":false,"isSfIdLookup":false,"isNullable":true,"isUnique":false,"isCreateable":false,"isUpdateable":true,"isFilterable":true,"isCalculated":false,"showLabel":false,"naturalOrder":0,"linkedFields":["id","XPK_invoice_header"],"relatedInfos":[],"references":[]},{"@type":"field","id":2351801,"name":"NS_Load_Success","type":"nstring","uniqueName":"NS_Load_Success","label":"NS_Load_Success","parentObject":"FF_InvoiceOk2Pay_UpdateCoupa.csv","pcType":"UNISTRING","precision":255,"scale":0,"columnIndex":2,"isKey":false,"isExternalId":false,"isSfIdLookup":false,"isNullable":true,"isUnique":false,"isCreateable":false,"isUpdateable":true,"isFilterable":true,"isCalculated":false,"showLabel":false,"naturalOrder":0,"linkedFields":[],"relatedInfos":[],"references":[]},{"@type":"field","id":2351803,"name":"NS_Load_ErrorMessage","type":"nstring","uniqueName":"NS_Load_ErrorMessage","label":"NS_Load_ErrorMessage","parentObject":"FF_InvoiceOk2Pay_UpdateCoupa.csv","pcType":"UNISTRING","precision":2500,"scale":0,"columnIndex":3,"isKey":false,"isExternalId":false,"isSfIdLookup":false,"isNullable":true,"isUnique":false,"isCreateable":false,"isUpdateable":true,"isFilterable":true,"isCalculated":false,"showLabel":false,"naturalOrder":0,"linkedFields":["export_status"],"relatedInfos":[],"references":[]}],"sortFields":[],"groupFields":[]}]