[{"@type":"dssTask","id":"@1","name":"DSS_Suppliers_06a_File_To_NS_CheckIfCoupaIdUpdated","description":"","maxLogs":10,"sourceConnectionId":"@6ey2Cmo3PaHcsThnJ0TYui","targetConnectionId":"@6ey2Cmo3PaHcsThnJ0TYui","targetObject":"FF_Suppliers_FromNetSuite_temp.csv","targetObjectLabel":"FF_Suppliers_FromNetSuite_temp.csv","targetChildObjectLabel":"","operation":"Insert","maxRows":0,"truncateTarget":false,"bulkApiDBTarget":false,"verbose":false,"srcFlatFileAttrs":{"@type":"flatFileAttrs","id":44298,"delimiter":",","textQualifier":"\"","escapeChar":"","headerLineNo":1,"firstDataRow":2},"tgtFlatFileAttrs":{"@type":"flatFileAttrs","id":44299,"delimiter":",","textQualifier":"\"","escapeChar":"","headerLineNo":1,"firstDataRow":2},"targetMetadataUpdated":false,"modelVersion":"V3-R600","queryAll":false,"srcSettings":{"@type":"taskDataSourceSetting","isShowLabels":false,"isNaturalOrder":true},"tgtSettings":{"@type":"taskDataSourceSetting","isShowLabels":false,"isNaturalOrder":true},"cfSettings":{"@type":"taskDataSourceSetting","isShowLabels":false,"isNaturalOrder":true},"bulkApi":false,"bulkApiSerialMode":false,"bulkApiMonitor":false,"isTargetObjectSfCustom":false,"allowNullUpdates":false,"targetBatchSize":200,"assignmentRuleId":"-1","assignmentRuleType":"None","createSuccessFile":false,"bulkApiHardDelete":false,"srcRuntimeAttrs":{"@type":"taskRuntimeAttrs","attrs":{}},"tgtRuntimeAttrs":{"@type":"taskRuntimeAttrs","attrs":{}},"sourceObjects":[{"@type":"mObject","name":"FF_Suppliers_FromNetSuite.csv","label":"FF_Suppliers_FromNetSuite.csv","metadataUpdated":false,"relations":[],"children":[]}],"advancedFilters":[{"@type":"advancedFilter","id":"4487","objectName":"FF_Suppliers_FromNetSuite.csv","objectLabel":"FF_Suppliers_FromNetSuite.csv","expression":"ISNULL(ltrim(rtrim(externalId_CoupaId)))"}],"filters":[],"fieldMaps":[{"@type":"fieldMap","id":"954748","targetField":{"@type":"field","id":2350129,"name":"externalId_CoupaId","type":"nstring","uniqueName":"externalId_CoupaId","label":"externalId_CoupaId","parentObject":"FF_Suppliers_FromNetSuite_temp.csv","pcType":"UNISTRING","precision":255,"scale":0,"columnIndex":0,"isKey":false,"isExternalId":false,"isSfIdLookup":false,"isNullable":true,"isUnique":false,"isCreateable":false,"isUpdateable":true,"isFilterable":true,"isCalculated":false,"showLabel":false,"naturalOrder":0,"linkedFields":["SupplierNumber"],"relatedInfos":[],"references":[]},"lookup":{"@type":"lookup","id":"4864","connectionId":"@6ey2Cmo3PaHcsThnJ0TYui","object":"FF_Suppliers_FromCoupa.csv","objectLabel":"FF_Suppliers_FromCoupa.csv","outputField":{"@type":"field","id":2350130,"name":"Coupa_Id","type":"nstring","uniqueName":"Coupa_Id","label":"Coupa_Id","parentObject":"FF_Suppliers_FromCoupa.csv","pcType":"UNISTRING","precision":255,"scale":0,"columnIndex":0,"isKey":false,"isExternalId":false,"isSfIdLookup":false,"isNullable":true,"isUnique":false,"isCreateable":false,"isUpdateable":true,"isFilterable":true,"isCalculated":false,"showLabel":true,"naturalOrder":0,"linkedFields":[],"relatedInfos":[],"references":[]},"multiplicityError":true,"settings":{"@type":"taskDataSourceSetting","isShowLabels":false,"isNaturalOrder":true},"objectRelations":[{"@type":"objectRelationExt","object1":"FF_Suppliers_FromNetSuite.csv","object2":"FF_Suppliers_FromCoupa.csv","field1":{"@type":"field","id":2350131,"name":"SupplierNumber","type":"nstring","uniqueName":"SupplierNumber","label":"SupplierNumber","parentObject":"FF_Suppliers_FromNetSuite.csv","pcType":"UNISTRING","precision":255,"scale":0,"columnIndex":4,"isKey":false,"isExternalId":false,"isSfIdLookup":false,"isNullable":true,"isUnique":false,"isCreateable":false,"isUpdateable":true,"isFilterable":true,"isCalculated":false,"showLabel":true,"naturalOrder":0,"linkedFields":[],"relatedInfos":[],"references":[]},"field2":{"@type":"field","id":2350132,"name":"Coupa_SupplierNumber","type":"string","uniqueName":"Coupa_SupplierNumber","label":"Coupa_SupplierNumber","parentObject":"FF_Suppliers_FromCoupa.csv","pcType":"STRING","precision":255,"scale":0,"columnIndex":2,"isKey":false,"isExternalId":false,"isSfIdLookup":false,"isNullable":true,"isUnique":false,"isCreateable":false,"isUpdateable":true,"isFilterable":true,"isCalculated":false,"showLabel":true,"naturalOrder":0,"linkedFields":[],"relatedInfos":[],"references":[]}}]}},{"@type":"fieldMap","id":"954749","targetField":{"@type":"field","id":2350133,"name":"NS_InternalId","type":"nstring","uniqueName":"NS_InternalId","label":"NS_InternalId","parentObject":"FF_Suppliers_FromNetSuite_temp.csv","pcType":"UNISTRING","precision":256,"scale":0,"columnIndex":1,"isKey":false,"isExternalId":false,"isSfIdLookup":false,"isNullable":true,"isUnique":false,"isCreateable":false,"isUpdateable":true,"isFilterable":true,"isCalculated":false,"showLabel":false,"naturalOrder":0,"linkedFields":["NS_InternalId"],"relatedInfos":[],"references":[]},"expression":"NS_InternalId"},{"@type":"fieldMap","id":"954750","targetField":{"@type":"field","id":2350134,"name":"NS_AlreadyUpdated_WithCoupaId","type":"nstring","uniqueName":"NS_AlreadyUpdated_WithCoupaId","label":"NS_AlreadyUpdated_WithCoupaId","parentObject":"FF_Suppliers_FromNetSuite_temp.csv","pcType":"UNISTRING","precision":256,"scale":0,"columnIndex":2,"isKey":false,"isExternalId":false,"isSfIdLookup":false,"isNullable":true,"isUnique":false,"isCreateable":false,"isUpdateable":true,"isFilterable":true,"isCalculated":false,"showLabel":false,"naturalOrder":0,"linkedFields":["NS_InternalId"],"relatedInfos":[],"references":[]},"expression":"IIF(ISNULL($OutputField), '0', '1')","lookup":{"@type":"lookup","id":"4865","connectionId":"@2HkgXY792eLcO5miPnn8me","object":"Vendor","objectLabel":"Vendor","outputField":{"@type":"field","id":2350135,"name":"externalId","type":"string","uniqueName":"externalId","label":"externalId","parentObject":"Vendor","pcType":"NSTRING","precision":256,"scale":0,"columnIndex":-1,"isKey":false,"isExternalId":false,"isSfIdLookup":false,"isNullable":true,"isUnique":false,"isCreateable":false,"isUpdateable":true,"isFilterable":true,"isCalculated":false,"javaType":"java.lang.String","showLabel":true,"naturalOrder":111,"linkedFields":[],"relatedInfos":[],"references":[]},"multiplicityError":true,"settings":{"@type":"taskDataSourceSetting","isShowLabels":true,"isNaturalOrder":true},"objectRelations":[{"@type":"objectRelationExt","object1":"FF_Suppliers_FromNetSuite.csv","object2":"Vendor","field1":{"@type":"field","id":4953503,"name":"NS_InternalId","type":"nstring","uniqueName":"NS_InternalId","label":"NS_InternalId","parentObject":"FF_Suppliers_FromNetSuite.csv","pcType":"UNISTRING","precision":256,"scale":0,"columnIndex":1,"isKey":false,"isExternalId":false,"isSfIdLookup":false,"isNullable":true,"isUnique":false,"isCreateable":false,"isUpdateable":true,"isFilterable":true,"isCalculated":false,"showLabel":true,"naturalOrder":0,"linkedFields":[],"relatedInfos":[],"references":[]},"field2":{"@type":"field","id":4953504,"name":"internalId","type":"string","uniqueName":"internalId","label":"internalId","parentObject":"Vendor","pcType":"NSTRING","precision":256,"scale":0,"columnIndex":-1,"isKey":true,"isExternalId":false,"isSfIdLookup":false,"isNullable":true,"isUnique":false,"isCreateable":false,"isUpdateable":true,"isFilterable":true,"isCalculated":false,"javaType":"java.lang.String","showLabel":true,"naturalOrder":110,"linkedFields":[],"relatedInfos":[],"references":[]}}]}}],"sourceFields":[{"@type":"field","id":19112750,"name":"externalId_CoupaId","type":"nstring","uniqueName":"externalId_CoupaId","label":"externalId_CoupaId","parentObject":"FF_Suppliers_FromNetSuite.csv","pcType":"UNISTRING","precision":255,"scale":0,"columnIndex":0,"isKey":false,"isExternalId":false,"isSfIdLookup":false,"isNullable":true,"isUnique":false,"isCreateable":false,"isUpdateable":true,"isFilterable":true,"isCalculated":false,"showLabel":false,"naturalOrder":0,"linkedFields":[],"relatedInfos":[],"references":[]},{"@type":"field","id":19112751,"name":"NS_InternalId","type":"nstring","uniqueName":"NS_InternalId","label":"NS_InternalId","parentObject":"FF_Suppliers_FromNetSuite.csv","pcType":"UNISTRING","precision":256,"scale":0,"columnIndex":1,"isKey":false,"isExternalId":false,"isSfIdLookup":false,"isNullable":true,"isUnique":false,"isCreateable":false,"isUpdateable":true,"isFilterable":true,"isCalculated":false,"showLabel":false,"naturalOrder":0,"linkedFields":["NS_InternalId","NS_AlreadyUpdated_WithCoupaId"],"relatedInfos":[],"references":[]},{"@type":"field","id":19112752,"name":"Name","type":"nstring","uniqueName":"Name","label":"Name","parentObject":"FF_Suppliers_FromNetSuite.csv","pcType":"UNISTRING","precision":255,"scale":0,"columnIndex":2,"isKey":false,"isExternalId":false,"isSfIdLookup":false,"isNullable":true,"isUnique":false,"isCreateable":false,"isUpdateable":true,"isFilterable":true,"isCalculated":false,"showLabel":false,"naturalOrder":0,"linkedFields":[],"relatedInfos":[],"references":[]},{"@type":"field","id":19112753,"name":"Status","type":"nstring","uniqueName":"Status","label":"Status","parentObject":"FF_Suppliers_FromNetSuite.csv","pcType":"UNISTRING","precision":255,"scale":0,"columnIndex":3,"isKey":false,"isExternalId":false,"isSfIdLookup":false,"isNullable":true,"isUnique":false,"isCreateable":false,"isUpdateable":true,"isFilterable":true,"isCalculated":false,"showLabel":false,"naturalOrder":0,"linkedFields":[],"relatedInfos":[],"references":[]},{"@type":"field","id":19112754,"name":"SupplierNumber","type":"nstring","uniqueName":"SupplierNumber","label":"SupplierNumber","parentObject":"FF_Suppliers_FromNetSuite.csv","pcType":"UNISTRING","precision":255,"scale":0,"columnIndex":4,"isKey":false,"isExternalId":false,"isSfIdLookup":false,"isNullable":true,"isUnique":false,"isCreateable":false,"isUpdateable":true,"isFilterable":true,"isCalculated":false,"showLabel":false,"naturalOrder":0,"linkedFields":["externalId_CoupaId"],"relatedInfos":[],"references":[]},{"@type":"field","id":19112755,"name":"Website","type":"nstring","uniqueName":"Website","label":"Website","parentObject":"FF_Suppliers_FromNetSuite.csv","pcType":"UNISTRING","precision":255,"scale":0,"columnIndex":5,"isKey":false,"isExternalId":false,"isSfIdLookup":false,"isNullable":true,"isUnique":false,"isCreateable":false,"isUpdateable":true,"isFilterable":true,"isCalculated":false,"showLabel":false,"naturalOrder":0,"linkedFields":[],"relatedInfos":[],"references":[]},{"@type":"field","id":19112756,"name":"TaxID","type":"nstring","uniqueName":"TaxID","label":"TaxID","parentObject":"FF_Suppliers_FromNetSuite.csv","pcType":"UNISTRING","precision":255,"scale":0,"columnIndex":6,"isKey":false,"isExternalId":false,"isSfIdLookup":false,"isNullable":true,"isUnique":false,"isCreateable":false,"isUpdateable":true,"isFilterable":true,"isCalculated":false,"showLabel":false,"naturalOrder":0,"linkedFields":[],"relatedInfos":[],"references":[]},{"@type":"field","id":19112757,"name":"PO_TransmissionMehtod","type":"nstring","uniqueName":"PO_TransmissionMehtod","label":"PO_TransmissionMehtod","parentObject":"FF_Suppliers_FromNetSuite.csv","pcType":"UNISTRING","precision":255,"scale":0,"columnIndex":7,"isKey":false,"isExternalId":false,"isSfIdLookup":false,"isNullable":true,"isUnique":false,"isCreateable":false,"isUpdateable":true,"isFilterable":true,"isCalculated":false,"showLabel":false,"naturalOrder":0,"linkedFields":[],"relatedInfos":[],"references":[]},{"@type":"field","id":19112758,"name":"PO_Email","type":"nstring","uniqueName":"PO_Email","label":"PO_Email","parentObject":"FF_Suppliers_FromNetSuite.csv","pcType":"UNISTRING","precision":255,"scale":0,"columnIndex":8,"isKey":false,"isExternalId":false,"isSfIdLookup":false,"isNullable":true,"isUnique":false,"isCreateable":false,"isUpdateable":true,"isFilterable":true,"isCalculated":false,"showLabel":false,"naturalOrder":0,"linkedFields":[],"relatedInfos":[],"references":[]},{"@type":"field","id":19112759,"name":"PaymentTerm_Code","type":"nstring","uniqueName":"PaymentTerm_Code","label":"PaymentTerm_Code","parentObject":"FF_Suppliers_FromNetSuite.csv","pcType":"UNISTRING","precision":255,"scale":0,"columnIndex":9,"isKey":false,"isExternalId":false,"isSfIdLookup":false,"isNullable":true,"isUnique":false,"isCreateable":false,"isUpdateable":true,"isFilterable":true,"isCalculated":false,"showLabel":false,"naturalOrder":0,"linkedFields":[],"relatedInfos":[],"references":[]},{"@type":"field","id":19112760,"name":"InvoiceMatchingLevel","type":"nstring","uniqueName":"InvoiceMatchingLevel","label":"InvoiceMatchingLevel","parentObject":"FF_Suppliers_FromNetSuite.csv","pcType":"UNISTRING","precision":255,"scale":0,"columnIndex":10,"isKey":false,"isExternalId":false,"isSfIdLookup":false,"isNullable":true,"isUnique":false,"isCreateable":false,"isUpdateable":true,"isFilterable":true,"isCalculated":false,"showLabel":false,"naturalOrder":0,"linkedFields":[],"relatedInfos":[],"references":[]},{"@type":"field","id":19112761,"name":"Minority_Classification","type":"nstring","uniqueName":"Minority_Classification","label":"Minority_Classification","parentObject":"FF_Suppliers_FromNetSuite.csv","pcType":"UNISTRING","precision":255,"scale":0,"columnIndex":11,"isKey":false,"isExternalId":false,"isSfIdLookup":false,"isNullable":true,"isUnique":false,"isCreateable":false,"isUpdateable":true,"isFilterable":true,"isCalculated":false,"showLabel":false,"naturalOrder":0,"linkedFields":[],"relatedInfos":[],"references":[]},{"@type":"field","id":19112762,"name":"PrimaryContact_Email","type":"nstring","uniqueName":"PrimaryContact_Email","label":"PrimaryContact_Email","parentObject":"FF_Suppliers_FromNetSuite.csv","pcType":"UNISTRING","precision":255,"scale":0,"columnIndex":12,"isKey":false,"isExternalId":false,"isSfIdLookup":false,"isNullable":true,"isUnique":false,"isCreateable":false,"isUpdateable":true,"isFilterable":true,"isCalculated":false,"showLabel":false,"naturalOrder":0,"linkedFields":[],"relatedInfos":[],"references":[]},{"@type":"field","id":19112763,"name":"PrimaryContact_NameGiven","type":"nstring","uniqueName":"PrimaryContact_NameGiven","label":"PrimaryContact_NameGiven","parentObject":"FF_Suppliers_FromNetSuite.csv","pcType":"UNISTRING","precision":255,"scale":0,"columnIndex":13,"isKey":false,"isExternalId":false,"isSfIdLookup":false,"isNullable":true,"isUnique":false,"isCreateable":false,"isUpdateable":true,"isFilterable":true,"isCalculated":false,"showLabel":false,"naturalOrder":0,"linkedFields":[],"relatedInfos":[],"references":[]},{"@type":"field","id":19112764,"name":"PrimaryContact_NameFamily","type":"nstring","uniqueName":"PrimaryContact_NameFamily","label":"PrimaryContact_NameFamily","parentObject":"FF_Suppliers_FromNetSuite.csv","pcType":"UNISTRING","precision":255,"scale":0,"columnIndex":14,"isKey":false,"isExternalId":false,"isSfIdLookup":false,"isNullable":true,"isUnique":false,"isCreateable":false,"isUpdateable":true,"isFilterable":true,"isCalculated":false,"showLabel":false,"naturalOrder":0,"linkedFields":[],"relatedInfos":[],"references":[]},{"@type":"field","id":19112765,"name":"PrimaryContact_PhoneWork","type":"nstring","uniqueName":"PrimaryContact_PhoneWork","label":"PrimaryContact_PhoneWork","parentObject":"FF_Suppliers_FromNetSuite.csv","pcType":"UNISTRING","precision":255,"scale":0,"columnIndex":15,"isKey":false,"isExternalId":false,"isSfIdLookup":false,"isNullable":true,"isUnique":false,"isCreateable":false,"isUpdateable":true,"isFilterable":true,"isCalculated":false,"showLabel":false,"naturalOrder":0,"linkedFields":[],"relatedInfos":[],"references":[]},{"@type":"field","id":19112766,"name":"PrimaryContact_PhoneMobile","type":"nstring","uniqueName":"PrimaryContact_PhoneMobile","label":"PrimaryContact_PhoneMobile","parentObject":"FF_Suppliers_FromNetSuite.csv","pcType":"UNISTRING","precision":255,"scale":0,"columnIndex":16,"isKey":false,"isExternalId":false,"isSfIdLookup":false,"isNullable":true,"isUnique":false,"isCreateable":false,"isUpdateable":true,"isFilterable":true,"isCalculated":false,"showLabel":false,"naturalOrder":0,"linkedFields":[],"relatedInfos":[],"references":[]},{"@type":"field","id":19112767,"name":"PrimaryContact_PhoneFax","type":"nstring","uniqueName":"PrimaryContact_PhoneFax","label":"PrimaryContact_PhoneFax","parentObject":"FF_Suppliers_FromNetSuite.csv","pcType":"UNISTRING","precision":255,"scale":0,"columnIndex":17,"isKey":false,"isExternalId":false,"isSfIdLookup":false,"isNullable":true,"isUnique":false,"isCreateable":false,"isUpdateable":true,"isFilterable":true,"isCalculated":false,"showLabel":false,"naturalOrder":0,"linkedFields":[],"relatedInfos":[],"references":[]},{"@type":"field","id":19112768,"name":"PrimaryAddress_Street1","type":"nstring","uniqueName":"PrimaryAddress_Street1","label":"PrimaryAddress_Street1","parentObject":"FF_Suppliers_FromNetSuite.csv","pcType":"UNISTRING","precision":255,"scale":0,"columnIndex":18,"isKey":false,"isExternalId":false,"isSfIdLookup":false,"isNullable":true,"isUnique":false,"isCreateable":false,"isUpdateable":true,"isFilterable":true,"isCalculated":false,"showLabel":false,"naturalOrder":0,"linkedFields":[],"relatedInfos":[],"references":[]},{"@type":"field","id":19112769,"name":"PrimaryAddress_Street2","type":"nstring","uniqueName":"PrimaryAddress_Street2","label":"PrimaryAddress_Street2","parentObject":"FF_Suppliers_FromNetSuite.csv","pcType":"UNISTRING","precision":255,"scale":0,"columnIndex":19,"isKey":false,"isExternalId":false,"isSfIdLookup":false,"isNullable":true,"isUnique":false,"isCreateable":false,"isUpdateable":true,"isFilterable":true,"isCalculated":false,"showLabel":false,"naturalOrder":0,"linkedFields":[],"relatedInfos":[],"references":[]},{"@type":"field","id":19112770,"name":"PrimaryAddress_City","type":"nstring","uniqueName":"PrimaryAddress_City","label":"PrimaryAddress_City","parentObject":"FF_Suppliers_FromNetSuite.csv","pcType":"UNISTRING","precision":255,"scale":0,"columnIndex":20,"isKey":false,"isExternalId":false,"isSfIdLookup":false,"isNullable":true,"isUnique":false,"isCreateable":false,"isUpdateable":true,"isFilterable":true,"isCalculated":false,"showLabel":false,"naturalOrder":0,"linkedFields":[],"relatedInfos":[],"references":[]},{"@type":"field","id":19112771,"name":"PrimaryAddress_State","type":"nstring","uniqueName":"PrimaryAddress_State","label":"PrimaryAddress_State","parentObject":"FF_Suppliers_FromNetSuite.csv","pcType":"UNISTRING","precision":255,"scale":0,"columnIndex":21,"isKey":false,"isExternalId":false,"isSfIdLookup":false,"isNullable":true,"isUnique":false,"isCreateable":false,"isUpdateable":true,"isFilterable":true,"isCalculated":false,"showLabel":false,"naturalOrder":0,"linkedFields":[],"relatedInfos":[],"references":[]},{"@type":"field","id":19112772,"name":"PrimaryAddress_PostalCode","type":"nstring","uniqueName":"PrimaryAddress_PostalCode","label":"PrimaryAddress_PostalCode","parentObject":"FF_Suppliers_FromNetSuite.csv","pcType":"UNISTRING","precision":255,"scale":0,"columnIndex":22,"isKey":false,"isExternalId":false,"isSfIdLookup":false,"isNullable":true,"isUnique":false,"isCreateable":false,"isUpdateable":true,"isFilterable":true,"isCalculated":false,"showLabel":false,"naturalOrder":0,"linkedFields":[],"relatedInfos":[],"references":[]},{"@type":"field","id":19112773,"name":"PrimaryAddress_Country","type":"nstring","uniqueName":"PrimaryAddress_Country","label":"PrimaryAddress_Country","parentObject":"FF_Suppliers_FromNetSuite.csv","pcType":"UNISTRING","precision":255,"scale":0,"columnIndex":23,"isKey":false,"isExternalId":false,"isSfIdLookup":false,"isNullable":true,"isUnique":false,"isCreateable":false,"isUpdateable":true,"isFilterable":true,"isCalculated":false,"showLabel":false,"naturalOrder":0,"linkedFields":[],"relatedInfos":[],"references":[]},{"@type":"field","id":19112774,"name":"Subsidiary_internalId","type":"nstring","uniqueName":"Subsidiary_internalId","label":"Subsidiary_internalId","parentObject":"FF_Suppliers_FromNetSuite.csv","pcType":"UNISTRING","precision":255,"scale":0,"columnIndex":24,"isKey":false,"isExternalId":false,"isSfIdLookup":false,"isNullable":true,"isUnique":false,"isCreateable":false,"isUpdateable":true,"isFilterable":true,"isCalculated":false,"showLabel":false,"naturalOrder":0,"linkedFields":[],"relatedInfos":[],"references":[]},{"@type":"field","id":19112775,"name":"Subsidiary_Name","type":"nstring","uniqueName":"Subsidiary_Name","label":"Subsidiary_Name","parentObject":"FF_Suppliers_FromNetSuite.csv","pcType":"UNISTRING","precision":255,"scale":0,"columnIndex":25,"isKey":false,"isExternalId":false,"isSfIdLookup":false,"isNullable":true,"isUnique":false,"isCreateable":false,"isUpdateable":true,"isFilterable":true,"isCalculated":false,"showLabel":false,"naturalOrder":0,"linkedFields":[],"relatedInfos":[],"references":[]},{"@type":"field","id":19112776,"name":"integration","type":"nstring","uniqueName":"integration","label":"integration","parentObject":"FF_Suppliers_FromNetSuite.csv","pcType":"UNISTRING","precision":255,"scale":0,"columnIndex":26,"isKey":false,"isExternalId":false,"isSfIdLookup":false,"isNullable":true,"isUnique":false,"isCreateable":false,"isUpdateable":true,"isFilterable":true,"isCalculated":false,"showLabel":false,"naturalOrder":0,"linkedFields":[],"relatedInfos":[],"references":[]},{"@type":"field","id":19112777,"name":"Content_group","type":"nstring","uniqueName":"Content_group","label":"Content_group","parentObject":"FF_Suppliers_FromNetSuite.csv","pcType":"UNISTRING","precision":255,"scale":0,"columnIndex":27,"isKey":false,"isExternalId":false,"isSfIdLookup":false,"isNullable":true,"isUnique":false,"isCreateable":false,"isUpdateable":true,"isFilterable":true,"isCalculated":false,"showLabel":false,"naturalOrder":0,"linkedFields":[],"relatedInfos":[],"references":[]},{"@type":"field","id":19112778,"name":"NS_Currencies","type":"nstring","uniqueName":"NS_Currencies","label":"NS_Currencies","parentObject":"FF_Suppliers_FromNetSuite.csv","pcType":"UNISTRING","precision":255,"scale":0,"columnIndex":28,"isKey":false,"isExternalId":false,"isSfIdLookup":false,"isNullable":true,"isUnique":false,"isCreateable":false,"isUpdateable":true,"isFilterable":true,"isCalculated":false,"showLabel":false,"naturalOrder":0,"linkedFields":[],"relatedInfos":[],"references":[]},{"@type":"field","id":19112779,"name":"VAT_REG_Number","type":"nstring","uniqueName":"VAT_REG_Number","label":"VAT_REG_Number","parentObject":"FF_Suppliers_FromNetSuite.csv","pcType":"UNISTRING","precision":255,"scale":0,"columnIndex":29,"isKey":false,"isExternalId":false,"isSfIdLookup":false,"isNullable":true,"isUnique":false,"isCreateable":false,"isUpdateable":true,"isFilterable":true,"isCalculated":false,"showLabel":false,"naturalOrder":0,"linkedFields":[],"relatedInfos":[],"references":[]}],"sortFields":[],"groupFields":[]}]