[{"@type":"mappingTemplate","id":"@1","name":"m_SFDC_Account_No_Parent_Child","description":"","bundleVersion":"0","templateId":"@3","deployTime":1552871006000,"hasParameters":false,"valid":true,"fixedConnection":true,"hasParametersDeployed":false,"fixedConnectionDeployed":true,"tasks":2,"mappingPreviewFileRecordId":"@2","references":[{"@type":"reference","refObjectId":"@2CjV79tAT4nicr3VedQp4y","refType":"connection"},{"@type":"reference","refObjectId":"@9RseCyX0NqsgPU58Naun8Y","refType":"connection"}]}]