[{"@type":"dssTask","id":"@1","name":"DSS_Invoice_Payments_04_PUT_File_To_XMLClean","description":"","maxLogs":10,"sourceConnectionId":"@6ey2Cmo3PaHcsThnJ0TYui","targetConnectionId":"@diO5SrZ8tCzkWfl2gMingn","targetObject":"voice_headers_invoice_header","targetObjectLabel":"voice_headers_invoice_header","targetChildObject":"invoice-header_payments_payment","targetChildObjectLabel":"invoice-header_payments_payment","operation":"Insert","maxRows":0,"truncateTarget":false,"bulkApiDBTarget":false,"verbose":false,"srcFlatFileAttrs":{"@type":"flatFileAttrs","id":44295,"delimiter":",","textQualifier":"\"","escapeChar":"","headerLineNo":1,"firstDataRow":2},"targetMetadataUpdated":false,"modelVersion":"V3-R600","queryAll":false,"srcSettings":{"@type":"taskDataSourceSetting","isShowLabels":false,"isNaturalOrder":true},"tgtSettings":{"@type":"taskDataSourceSetting","isShowLabels":true,"isNaturalOrder":true},"cfSettings":{"@type":"taskDataSourceSetting","isShowLabels":false,"isNaturalOrder":true},"bulkApi":false,"bulkApiSerialMode":false,"bulkApiMonitor":false,"isTargetObjectSfCustom":false,"allowNullUpdates":false,"targetBatchSize":200,"assignmentRuleId":"-1","assignmentRuleType":"None","createSuccessFile":false,"bulkApiHardDelete":false,"tgtRuntimeAttrs":{"@type":"taskRuntimeAttrs","attrs":{"Error File Directory":"","Success File Directory":""}},"sourceObjects":[{"@type":"mObject","name":"FF_InvoicePayments_FromNetSuite.csv","label":"FF_InvoicePayments_FromNetSuite.csv","metadataUpdated":false,"relations":[],"children":[]}],"advancedFilters":[{"@type":"advancedFilter","id":"4485","objectName":"FF_InvoicePayments_FromNetSuite.csv","objectLabel":"FF_InvoicePayments_FromNetSuite.csv","expression":"AlreadyExists_InCoupa = '0' AND ( NOT ISNULL(NS_VendorBill_externalId_CoupaId) or NOT ISNULL(NS_VendorCredit_externalId_CoupaId) )"}],"filters":[],"fieldMaps":[{"@type":"fieldMap","id":"954728","targetField":{"@type":"field","id":2349918,"name":"payment-notes","type":"string","uniqueName":"payment_notes","label":"payment-notes","parentObject":"voice_headers_invoice_header","pcType":"NSTRING","precision":2500,"scale":0,"columnIndex":-1,"isKey":false,"isExternalId":false,"isSfIdLookup":false,"isNullable":true,"isUnique":false,"isCreateable":false,"isUpdateable":true,"isFilterable":false,"isCalculated":false,"javaType":"java.lang.String","showLabel":true,"naturalOrder":0,"linkedFields":[],"relatedInfos":[],"references":[]}},{"@type":"fieldMap","id":"954729","targetField":{"@type":"field","id":2349919,"name":"id","type":"string","uniqueName":"id","label":"id","parentObject":"voice_headers_invoice_header","pcType":"NSTRING","precision":2500,"scale":0,"columnIndex":-1,"isKey":false,"isExternalId":false,"isSfIdLookup":false,"isNullable":true,"isUnique":false,"isCreateable":false,"isUpdateable":true,"isFilterable":false,"isCalculated":false,"javaType":"java.lang.String","showLabel":true,"naturalOrder":1,"linkedFields":[],"relatedInfos":[],"references":[]}},{"@type":"fieldMap","id":"954730","targetField":{"@type":"field","id":2349920,"name":"paid","type":"string","uniqueName":"paid","label":"paid","parentObject":"voice_headers_invoice_header","pcType":"NSTRING","precision":2500,"scale":0,"columnIndex":-1,"isKey":false,"isExternalId":false,"isSfIdLookup":false,"isNullable":true,"isUnique":false,"isCreateable":false,"isUpdateable":true,"isFilterable":false,"isCalculated":false,"javaType":"java.lang.String","showLabel":true,"naturalOrder":2,"linkedFields":[],"relatedInfos":[],"references":[]}},{"@type":"fieldMap","id":"954731","targetField":{"@type":"field","id":2349921,"name":"payment-date","type":"string","uniqueName":"payment_date","label":"payment-date","parentObject":"voice_headers_invoice_header","pcType":"NSTRING","precision":2500,"scale":0,"columnIndex":-1,"isKey":false,"isExternalId":false,"isSfIdLookup":false,"isNullable":true,"isUnique":false,"isCreateable":false,"isUpdateable":true,"isFilterable":false,"isCalculated":false,"javaType":"java.lang.String","showLabel":true,"naturalOrder":3,"linkedFields":[],"relatedInfos":[],"references":[]}},{"@type":"fieldMap","id":"954732","targetField":{"@type":"field","id":2349922,"name":"XFK_invoice-headers","type":"string","uniqueName":"XFK_invoice_headers","label":"XFK_invoice-headers","parentObject":"voice_headers_invoice_header","pcType":"NSTRING","precision":2500,"scale":0,"columnIndex":-1,"isKey":true,"isExternalId":false,"isSfIdLookup":false,"isNullable":true,"isUnique":false,"isCreateable":false,"isUpdateable":true,"isFilterable":false,"isCalculated":false,"javaType":"java.lang.String","showLabel":true,"naturalOrder":4,"linkedFields":[],"relatedInfos":[],"references":[]}},{"@type":"fieldMap","id":"954733","targetField":{"@type":"field","id":2349923,"name":"XPK_invoice-header","type":"string","uniqueName":"XPK_invoice_header","label":"XPK_invoice-header","parentObject":"voice_headers_invoice_header","pcType":"NSTRING","precision":2500,"scale":0,"columnIndex":-1,"isKey":true,"isExternalId":false,"isSfIdLookup":false,"isNullable":false,"isUnique":false,"isCreateable":false,"isUpdateable":true,"isFilterable":false,"isCalculated":false,"javaType":"java.lang.String","showLabel":true,"naturalOrder":5,"linkedFields":["NS_VendorBill_externalId_CoupaId","NS_VendorCredit_externalId_CoupaId","NS_VendorPayment_internalId"],"relatedInfos":[],"references":[]},"expression":"IIF(ISNULL(NS_VendorBill_externalId_CoupaId), NS_VendorCredit_externalId_CoupaId || ' - ' || NS_VendorPayment_internalId, NS_VendorBill_externalId_CoupaId || ' - ' || NS_VendorPayment_internalId )"},{"@type":"fieldMap","id":"954734","targetField":{"@type":"field","id":2349924,"name":"ISFINALXML","type":"string","uniqueName":"ISFINALXML","label":"ISFINALXML","parentObject":"voice_headers_invoice_header","pcType":"NSTRING","precision":2500,"scale":0,"columnIndex":-1,"isKey":false,"isExternalId":false,"isSfIdLookup":false,"isNullable":true,"isUnique":false,"isCreateable":false,"isUpdateable":true,"isFilterable":false,"isCalculated":false,"javaType":"java.lang.String","showLabel":true,"naturalOrder":6,"linkedFields":[],"relatedInfos":[],"references":[]},"expression":"'True'"},{"@type":"fieldMap","id":"954735","targetField":{"@type":"field","id":2349925,"name":"notes","type":"string","uniqueName":"notes","label":"notes","parentObject":"invoice-header_payments_payment","pcType":"NSTRING","precision":2500,"scale":0,"columnIndex":-1,"isKey":false,"isExternalId":false,"isSfIdLookup":false,"isNullable":true,"isUnique":false,"isCreateable":false,"isUpdateable":true,"isFilterable":false,"isCalculated":false,"javaType":"java.lang.String","showLabel":true,"naturalOrder":0,"linkedFields":[],"relatedInfos":[],"references":[]}},{"@type":"fieldMap","id":"954736","targetField":{"@type":"field","id":2349926,"name":"payment-date","type":"string","uniqueName":"payment_date2","label":"payment-date","parentObject":"invoice-header_payments_payment","pcType":"NSTRING","precision":2500,"scale":0,"columnIndex":-1,"isKey":false,"isExternalId":false,"isSfIdLookup":false,"isNullable":true,"isUnique":false,"isCreateable":false,"isUpdateable":true,"isFilterable":false,"isCalculated":false,"javaType":"java.lang.String","showLabel":true,"naturalOrder":1,"linkedFields":[],"relatedInfos":[],"references":[]}},{"@type":"fieldMap","id":"954737","targetField":{"@type":"field","id":2349927,"name":"amount-paid","type":"string","uniqueName":"amount_paid","label":"amount-paid","parentObject":"invoice-header_payments_payment","pcType":"NSTRING","precision":2500,"scale":0,"columnIndex":-1,"isKey":false,"isExternalId":false,"isSfIdLookup":false,"isNullable":true,"isUnique":false,"isCreateable":false,"isUpdateable":true,"isFilterable":false,"isCalculated":false,"javaType":"java.lang.String","showLabel":true,"naturalOrder":2,"linkedFields":[],"relatedInfos":[],"references":[]}},{"@type":"fieldMap","id":"954738","targetField":{"@type":"field","id":2349928,"name":"XFK_invoice-header","type":"string","uniqueName":"XFK_invoice_header","label":"XFK_invoice-header","parentObject":"invoice-header_payments_payment","pcType":"NSTRING","precision":2500,"scale":0,"columnIndex":-1,"isKey":true,"isExternalId":false,"isSfIdLookup":false,"isNullable":true,"isUnique":false,"isCreateable":false,"isUpdateable":true,"isFilterable":false,"isCalculated":false,"javaType":"java.lang.String","showLabel":true,"naturalOrder":3,"linkedFields":[],"relatedInfos":[],"references":[]}},{"@type":"fieldMap","id":"954739","targetField":{"@type":"field","id":2349929,"name":"XPK_invoice-header_payments_payment","type":"string","uniqueName":"XPK_invoice_header_payments_payment","label":"XPK_invoice-header_payments_payment","parentObject":"invoice-header_payments_payment","pcType":"NSTRING","precision":2500,"scale":0,"columnIndex":-1,"isKey":true,"isExternalId":false,"isSfIdLookup":false,"isNullable":false,"isUnique":false,"isCreateable":false,"isUpdateable":true,"isFilterable":false,"isCalculated":false,"javaType":"java.lang.String","showLabel":true,"naturalOrder":4,"linkedFields":["NS_VendorBill_externalId_CoupaId","NS_VendorCredit_externalId_CoupaId","NS_VendorPayment_internalId"],"relatedInfos":[],"references":[]},"expression":"IIF(ISNULL(NS_VendorBill_externalId_CoupaId), NS_VendorCredit_externalId_CoupaId || ' - ' || NS_VendorPayment_internalId, NS_VendorBill_externalId_CoupaId || ' - ' || NS_VendorPayment_internalId )"},{"@type":"fieldMap","id":"954740","targetField":{"@type":"field","id":2349930,"name":"ISFINALXML","type":"string","uniqueName":"ISFINALXML2","label":"ISFINALXML","parentObject":"invoice-header_payments_payment","pcType":"NSTRING","precision":2500,"scale":0,"columnIndex":-1,"isKey":false,"isExternalId":false,"isSfIdLookup":false,"isNullable":true,"isUnique":false,"isCreateable":false,"isUpdateable":true,"isFilterable":false,"isCalculated":false,"javaType":"java.lang.String","showLabel":true,"naturalOrder":5,"linkedFields":[],"relatedInfos":[],"references":[]},"expression":"'True'"}],"sourceFields":[{"@type":"field","id":2349931,"name":"NS_VendorBill_externalId_CoupaId","type":"nstring","uniqueName":"NS_VendorBill_externalId_CoupaId","label":"NS_VendorBill_externalId_CoupaId","parentObject":"FF_InvoicePayments_FromNetSuite.csv","pcType":"UNISTRING","precision":255,"scale":0,"columnIndex":0,"isKey":false,"isExternalId":false,"isSfIdLookup":false,"isNullable":true,"isUnique":false,"isCreateable":false,"isUpdateable":true,"isFilterable":true,"isCalculated":false,"showLabel":false,"naturalOrder":0,"linkedFields":["XPK_invoice_header","XPK_invoice_header_payments_payment"],"relatedInfos":[],"references":[]},{"@type":"field","id":2349932,"name":"NS_VendorPayment_status","type":"nstring","uniqueName":"NS_VendorPayment_status","label":"NS_VendorPayment_status","parentObject":"FF_InvoicePayments_FromNetSuite.csv","pcType":"UNISTRING","precision":255,"scale":0,"columnIndex":1,"isKey":false,"isExternalId":false,"isSfIdLookup":false,"isNullable":true,"isUnique":false,"isCreateable":false,"isUpdateable":true,"isFilterable":true,"isCalculated":false,"showLabel":false,"naturalOrder":0,"linkedFields":[],"relatedInfos":[],"references":[]},{"@type":"field","id":2349933,"name":"NS_VendorCredit_externalId_CoupaId","type":"nstring","uniqueName":"NS_VendorCredit_externalId_CoupaId","label":"NS_VendorCredit_externalId_CoupaId","parentObject":"FF_InvoicePayments_FromNetSuite.csv","pcType":"UNISTRING","precision":255,"scale":0,"columnIndex":2,"isKey":false,"isExternalId":false,"isSfIdLookup":false,"isNullable":true,"isUnique":false,"isCreateable":false,"isUpdateable":true,"isFilterable":true,"isCalculated":false,"showLabel":false,"naturalOrder":0,"linkedFields":["XPK_invoice_header","XPK_invoice_header_payments_payment"],"relatedInfos":[],"references":[]},{"@type":"field","id":2349934,"name":"NS_VendorPayment_internalId","type":"nstring","uniqueName":"NS_VendorPayment_internalId","label":"NS_VendorPayment_internalId","parentObject":"FF_InvoicePayments_FromNetSuite.csv","pcType":"UNISTRING","precision":255,"scale":0,"columnIndex":3,"isKey":false,"isExternalId":false,"isSfIdLookup":false,"isNullable":true,"isUnique":false,"isCreateable":false,"isUpdateable":true,"isFilterable":true,"isCalculated":false,"showLabel":false,"naturalOrder":0,"linkedFields":["XPK_invoice_header","XPK_invoice_header_payments_payment"],"relatedInfos":[],"references":[]},{"@type":"field","id":2349935,"name":"VendorBill_Status_Paid","type":"nstring","uniqueName":"VendorBill_Status_Paid","label":"VendorBill_Status_Paid","parentObject":"FF_InvoicePayments_FromNetSuite.csv","pcType":"UNISTRING","precision":255,"scale":0,"columnIndex":4,"isKey":false,"isExternalId":false,"isSfIdLookup":false,"isNullable":true,"isUnique":false,"isCreateable":false,"isUpdateable":true,"isFilterable":true,"isCalculated":false,"showLabel":false,"naturalOrder":0,"linkedFields":[],"relatedInfos":[],"references":[]},{"@type":"field","id":2349936,"name":"VendorCredit_Status_Paid","type":"nstring","uniqueName":"VendorCredit_Status_Paid","label":"VendorCredit_Status_Paid","parentObject":"FF_InvoicePayments_FromNetSuite.csv","pcType":"UNISTRING","precision":255,"scale":0,"columnIndex":5,"isKey":false,"isExternalId":false,"isSfIdLookup":false,"isNullable":true,"isUnique":false,"isCreateable":false,"isUpdateable":true,"isFilterable":true,"isCalculated":false,"showLabel":false,"naturalOrder":0,"linkedFields":[],"relatedInfos":[],"references":[]},{"@type":"field","id":2349937,"name":"Date","type":"nstring","uniqueName":"Date","label":"Date","parentObject":"FF_InvoicePayments_FromNetSuite.csv","pcType":"UNISTRING","precision":255,"scale":0,"columnIndex":6,"isKey":false,"isExternalId":false,"isSfIdLookup":false,"isNullable":true,"isUnique":false,"isCreateable":false,"isUpdateable":true,"isFilterable":true,"isCalculated":false,"showLabel":false,"naturalOrder":0,"linkedFields":[],"relatedInfos":[],"references":[]},{"@type":"field","id":2349938,"name":"Memo","type":"nstring","uniqueName":"Memo","label":"Memo","parentObject":"FF_InvoicePayments_FromNetSuite.csv","pcType":"UNISTRING","precision":255,"scale":0,"columnIndex":7,"isKey":false,"isExternalId":false,"isSfIdLookup":false,"isNullable":true,"isUnique":false,"isCreateable":false,"isUpdateable":true,"isFilterable":true,"isCalculated":false,"showLabel":false,"naturalOrder":0,"linkedFields":[],"relatedInfos":[],"references":[]},{"@type":"field","id":2349939,"name":"Amount","type":"nstring","uniqueName":"Amount","label":"Amount","parentObject":"FF_InvoicePayments_FromNetSuite.csv","pcType":"UNISTRING","precision":255,"scale":0,"columnIndex":8,"isKey":false,"isExternalId":false,"isSfIdLookup":false,"isNullable":true,"isUnique":false,"isCreateable":false,"isUpdateable":true,"isFilterable":true,"isCalculated":false,"showLabel":false,"naturalOrder":0,"linkedFields":[],"relatedInfos":[],"references":[]},{"@type":"field","id":2349940,"name":"Voided_Amount","type":"nstring","uniqueName":"Voided_Amount","label":"Voided_Amount","parentObject":"FF_InvoicePayments_FromNetSuite.csv","pcType":"UNISTRING","precision":255,"scale":0,"columnIndex":9,"isKey":false,"isExternalId":false,"isSfIdLookup":false,"isNullable":true,"isUnique":false,"isCreateable":false,"isUpdateable":true,"isFilterable":true,"isCalculated":false,"showLabel":false,"naturalOrder":0,"linkedFields":[],"relatedInfos":[],"references":[]},{"@type":"field","id":2349941,"name":"AlreadyExists_InCoupa","type":"nstring","uniqueName":"AlreadyExists_InCoupa","label":"AlreadyExists_InCoupa","parentObject":"FF_InvoicePayments_FromNetSuite.csv","pcType":"UNISTRING","precision":255,"scale":0,"columnIndex":10,"isKey":false,"isExternalId":false,"isSfIdLookup":false,"isNullable":true,"isUnique":false,"isCreateable":false,"isUpdateable":true,"isFilterable":true,"isCalculated":false,"showLabel":false,"naturalOrder":0,"linkedFields":[],"relatedInfos":[],"references":[]}],"sortFields":[],"groupFields":[]}]