[{"@type":"workflow","id":"@1","name":"TF_Suppliers_NetSuite_To_Coupa","maxLogs":10,"scheduleId":"@2","references":[{"@type":"reference","refObjectId":"@9Ww6M2U77d2flWBwiZ6nOi","refType":"dssTask"},{"@type":"reference","refObjectId":"@2vXQKip7OW0gJ6QOPbDQUY","refType":"dssTask"},{"@type":"reference","refObjectId":"@5HLUwmNoByWjHuXlr0e6mJ","refType":"dssTask"},{"@type":"reference","refObjectId":"@34w5kOBzV2Vdn91h4ZHLQm","refType":"dssTask"},{"@type":"reference","refObjectId":"@4xOiUngHii9cP4oPNuuZU5","refType":"dssTask"},{"@type":"reference","refObjectId":"@aSxLOz9ZPkifi9M9vhEoun","refType":"dssTask"},{"@type":"reference","refObjectId":"@8EQ8bnjsGEXdmDyStozIq3","refType":"dssTask"},{"@type":"reference","refObjectId":"@hPUOm1Zle8wlfPshFmDZop","refType":"dssTask"},{"@type":"reference","refObjectId":"@bFhsXq3yPyCbx8y3ZNOfKJ","refType":"dssTask"},{"@type":"reference","refObjectId":"@8n1FX8CnL4Fe68VjYMVlkw","refType":"dssTask"},{"@type":"reference","refObjectId":"@azDDnGsi2mlkm3Rx6iA34V","refType":"dssTask"},{"@type":"reference","refObjectId":"@3bjdMBGDImxgwY4jtY0CYh","refType":"dssTask"},{"@type":"reference","refObjectId":"@4THkJb6w68JeBh5w79QdSr","refType":"dssTask"}],"tasks":[{"@type":"workflowTask","taskId":"@9Ww6M2U77d2flWBwiZ6nOi","type":"DSS","name":"DSS_Suppliers_00_NS_To_File_ContactLookup","stopOnError":true,"stopOnWarning":false},{"@type":"workflowTask","taskId":"@2vXQKip7OW0gJ6QOPbDQUY","type":"DSS","name":"DSS_Suppliers_01_POST_NS_To_File","stopOnError":true,"stopOnWarning":false},{"@type":"workflowTask","taskId":"@5HLUwmNoByWjHuXlr0e6mJ","type":"DSS","name":"DSS_Suppliers_02_POST_File_To_XMLCreate","stopOnError":true,"stopOnWarning":false},{"@type":"workflowTask","taskId":"@34w5kOBzV2Vdn91h4ZHLQm","type":"DSS","name":"DSS_Suppliers_03_POST_File_To_XMLClean","stopOnError":true,"stopOnWarning":false},{"@type":"workflowTask","taskId":"@4xOiUngHii9cP4oPNuuZU5","type":"DSS","name":"DSS_Suppliers_04_POST_XMLFile_To_Coupa","stopOnError":true,"stopOnWarning":false},{"@type":"workflowTask","taskId":"@aSxLOz9ZPkifi9M9vhEoun","type":"DSS","name":"DSS_Suppliers_05a_GET_RESTCoupa_UrlParams","stopOnError":true,"stopOnWarning":false},{"@type":"workflowTask","taskId":"@8EQ8bnjsGEXdmDyStozIq3","type":"DSS","name":"DSS_Suppliers_05b_GET_RESTCoupa_To_File","stopOnError":true,"stopOnWarning":false},{"@type":"workflowTask","taskId":"@hPUOm1Zle8wlfPshFmDZop","type":"DSS","name":"DSS_Suppliers_06a_File_To_NS_CheckIfCoupaIdUpdated","stopOnError":true,"stopOnWarning":false},{"@type":"workflowTask","taskId":"@bFhsXq3yPyCbx8y3ZNOfKJ","type":"DSS","name":"DSS_Suppliers_06b_File_To_NS_UpdateWithCoupaId","stopOnError":true,"stopOnWarning":false},{"@type":"workflowTask","taskId":"@8n1FX8CnL4Fe68VjYMVlkw","type":"DSS","name":"DSS_Suppliers_07_PUT_NS_To_File","stopOnError":true,"stopOnWarning":false},{"@type":"workflowTask","taskId":"@azDDnGsi2mlkm3Rx6iA34V","type":"DSS","name":"DSS_Suppliers_08_PUT_File_To_XMLCreate","stopOnError":true,"stopOnWarning":false},{"@type":"workflowTask","taskId":"@3bjdMBGDImxgwY4jtY0CYh","type":"DSS","name":"DSS_Suppliers_09_PUT_File_To_XMLClean","stopOnError":true,"stopOnWarning":false},{"@type":"workflowTask","taskId":"@4THkJb6w68JeBh5w79QdSr","type":"DSS","name":"DSS_Suppliers_10_PUT_XMLFile_To_Coupa","stopOnError":true,"stopOnWarning":false}]}]