[{"@type":"mtTask","id":"@1","name":"mct_DLS_Direct_Employees_Deletions","description":"","errorTaskEmail":{"@type":"taskEmail","id":5728,"emails":"sri.battu@appdynamics.com","emailType":"ERROR"},"successTaskEmail":{"@type":"taskEmail","id":5729,"emails":"sri.battu@appdynamics.com","emailType":"SUCCESS"},"warningTaskEmail":{"@type":"taskEmail","id":5730,"emails":"sri.battu@appdynamics.com","emailType":"WARNING"},"runtimeEnvironmentId":"@3qLOIwmEi8HlSgV9ggzWkn","preProcessingCmd":"sh /srv/DLS_HOME/scripts/run_direct_emps.sh","maxLogs":10,"verbose":false,"lastRunTime":1564700704000,"mappingId":"@juEZzgWcqgnhz1WUfBgzO3","shortDescription":"","sessionProperties":{},"enableCrossSchemaPushdown":false,"parameters":[{"@type":"mtTaskParameter","id":199329,"name":"$src_FF_DLS_Direct_Employees_Previous$","type":"EXTENDED_SOURCE","label":"src_FF_DLS_Direct_Employees_Previous","uiProperties":{"connectionParameterized":"false","isMsrcFilterParameterized":"false","isMsrcSortParameterized":"false","objectParameterized":"false","visible":"false"},"sourceConnectionId":"@9RseCyX0NqsgPU58Naun8Y","newFlatFile":false,"newObject":false,"showBusinessNames":false,"naturalOrder":true,"truncateTarget":false,"bulkApiDBTarget":false,"srcFFAttrs":{"@type":"flatFileAttrs","id":44799,"delimiter":",","textQualifier":"\"","escapeChar":"","headerLineNo":1,"firstDataRow":2},"customFuncCfg":{"@type":"customFuncConfig","id":-1,"connections":[],"inputMap":[],"outputFields":[]},"tgtFieldRefs":{},"targetUpdateColumns":[],"extendedObject":{"@type":"extendedObject","object":{"@type":"mObject","name":"FF_DLS_Direct_Employees_Previous.csv","label":"FF_DLS_Direct_Employees_Previous.csv","metadataUpdated":false,"relations":[],"children":[]},"filters":[],"sortFields":[]},"runtimeAttrs":{},"isRESTModernSource":true,"isFileList":false,"handleSpecialChars":false,"frsAsset":false,"fetchMode":"ORIGINAL","tgtObjectAttributes":{},"runtimeParameterData":{"@type":"mtTaskRuntimeParameterData","isConnectionRuntimeParameter":false,"isObjectRuntimeParameter":false},"overriddenFields":[]},{"@type":"mtTaskParameter","id":199330,"name":"$tgt_DLS_Direct_Employees_Additions$","type":"TARGET","label":"tgt_DLS_Direct_Employees_Additions","uiProperties":{"connectionParameterized":"false","objectParameterized":"false","visible":"false","defaultTargetUpdateColumns":""},"targetConnectionId":"@9RseCyX0NqsgPU58Naun8Y","targetObject":"FF_DLS_Direct_Employees_Deletions.csv","targetObjectLabel":"FF_DLS_Direct_Employees_Deletions.csv","newFlatFile":false,"newObject":false,"showBusinessNames":false,"naturalOrder":true,"truncateTarget":false,"bulkApiDBTarget":false,"operationType":"Insert","tgtFFAttrs":{"@type":"flatFileAttrs","id":44800,"delimiter":",","textQualifier":"\"","escapeChar":"","headerLineNo":1},"customFuncCfg":{"@type":"customFuncConfig","id":-1,"connections":[],"inputMap":[],"outputFields":[]},"tgtFieldRefs":{},"targetUpdateColumns":[],"extendedObject":{"@type":"extendedObject","filters":[],"sortFields":[]},"runtimeAttrs":{},"isRESTModernSource":true,"isFileList":false,"handleSpecialChars":false,"frsAsset":false,"fetchMode":"ORIGINAL","tgtObjectAttributes":{},"runtimeParameterData":{"@type":"mtTaskRuntimeParameterData","isConnectionRuntimeParameter":false,"isObjectRuntimeParameter":false},"overriddenFields":[]},{"@type":"mtTaskParameter","id":199331,"name":"$lkp_FF_Direct_Employees_Current$","type":"LOOKUP","label":"lkp_FF_Direct_Employees_Current","uiProperties":{"connectionParameterized":"false","objectParameterized":"false","visible":"false"},"lookupConnectionId":"@9RseCyX0NqsgPU58Naun8Y","lookupObject":"FF_DLS_Direct_Employees_Current.csv","lookupObjectLabel":"FF_DLS_Direct_Employees_Current.csv","newFlatFile":false,"newObject":false,"showBusinessNames":false,"naturalOrder":true,"truncateTarget":false,"bulkApiDBTarget":false,"lkpFFAttrs":{"@type":"flatFileAttrs","id":44801,"delimiter":",","textQualifier":"\"","escapeChar":"","headerLineNo":1,"firstDataRow":2},"customFuncCfg":{"@type":"customFuncConfig","id":-1,"connections":[],"inputMap":[],"outputFields":[]},"tgtFieldRefs":{},"targetUpdateColumns":[],"runtimeAttrs":{},"isRESTModernSource":true,"isFileList":false,"handleSpecialChars":false,"frsAsset":false,"fetchMode":"ORIGINAL","tgtObjectAttributes":{},"runtimeParameterData":{"@type":"mtTaskRuntimeParameterData","isConnectionRuntimeParameter":false,"isObjectRuntimeParameter":false},"overriddenFields":[]}],"sequences":[],"inOutParameters":[],"connRuntimeAttrs":[]}]