[{"@type":"workflow","id":"@1","name":"TF_SFDC_Account_Hierarchy_Building","maxLogs":10,"references":[{"@type":"reference","refObjectId":"@3K22GVNbMGOiYw5k0SI7kq","refType":"dssTask"},{"@type":"reference","refObjectId":"@4fzPDcCYqJCeV32Z1zafgv","refType":"dssTask"},{"@type":"reference","refObjectId":"@9lk0Ryq95Bwbt53JwSpqKf","refType":"mtTask"}],"tasks":[{"@type":"workflowTask","taskId":"@3K22GVNbMGOiYw5k0SI7kq","type":"DSS","name":"dss_SFDC_Account_Set_ParentID_NULL","stopOnError":true,"stopOnWarning":false},{"@type":"workflowTask","taskId":"@4fzPDcCYqJCeV32Z1zafgv","type":"DSS","name":"dss_SFDC_Account_FF_Hierarchy_Nodes","stopOnError":true,"stopOnWarning":false},{"@type":"workflowTask","taskId":"@9lk0Ryq95Bwbt53JwSpqKf","type":"MTT","name":"mct_SFDC_Account_Hierarchy_Building","stopOnError":true,"stopOnWarning":false}]}]