[{"@type":"mtTask","id":"@1","name":"mct_EmployeeSync_FromCiscoART_08_File_To_Netsuite_SupervisorUpdate","description":"","runtimeEnvironmentId":"@1KKuSUw1Rkfbzmz4wJo8eb","preProcessingCmd":"rm -f $PMRootDir/success/FF_Cisco_To_Netsuite_EmployeeManager_Success.csv & rm -f $PMRootDir/error/FF_Cisco_To_Netsuite_EmployeeManager_Error.csv","maxLogs":10,"verbose":false,"lastRunTime":1597033343000,"mappingId":"@iadbiSpMdAqixGywhl1mgQ","shortDescription":"","sessionProperties":{},"enableCrossSchemaPushdown":true,"autoTunedApplied":false,"paramFileType":"PARAM_FILE_LOCAL","parameterFileEncoding":"UTF-8","parameters":[{"@type":"mtTaskParameter","id":94760737,"name":"$Src_FF_CiscoART_UsersForNetsuite$","type":"EXTENDED_SOURCE","label":"Src_FF_CiscoART_UsersForNetsuite","uiProperties":{"connectionParameterized":"false","isMsrcFilterParameterized":"false","isMsrcSortParameterized":"false","objectParameterized":"false","visible":"false"},"sourceConnectionId":"@avLv18DFUAtbWFEYKJVdo5","newFlatFile":false,"newObject":false,"showBusinessNames":false,"naturalOrder":true,"truncateTarget":false,"bulkApiDBTarget":false,"srcFFAttrs":{"@type":"flatFileAttrs","id":1828777,"delimiter":",","textQualifier":"\"","escapeChar":"","headerLineNo":1,"firstDataRow":2},"customFuncCfg":{"@type":"customFuncConfig","id":-1,"connections":[],"inputMap":[],"outputFields":[]},"tgtFieldRefs":{},"targetUpdateColumns":[],"extendedObject":{"@type":"extendedObject","object":{"@type":"mObject","name":"FF_CiscoART_UsersForNetsuite.csv","label":"FF_CiscoART_UsersForNetsuite.csv","metadataUpdated":false,"relations":[],"children":[]},"filters":[],"sortFields":[]},"runtimeAttrs":{},"isRESTModernSource":true,"isFileList":false,"handleSpecialChars":false,"frsAsset":false,"dynamicFileName":false,"tgtObjectAttributes":{},"runtimeParameterData":{"@type":"mtTaskRuntimeParameterData","isConnectionRuntimeParameter":false,"isObjectRuntimeParameter":false},"overriddenFields":[]},{"@type":"mtTaskParameter","id":94760738,"name":"$Tgt_Netsuite_Employee_UpdateSupervisor$","type":"TARGET","label":"Tgt_Netsuite_Employee_UpdateSupervisor","uiProperties":{"connectionParameterized":"false","objectParameterized":"false","visible":"false","defaultTargetUpdateColumns":""},"targetConnectionId":"@j2G5lNMnmkwhEHq426zOwC","targetObject":"Employee","targetObjectLabel":"Employee","newFlatFile":false,"newObject":false,"showBusinessNames":false,"naturalOrder":true,"truncateTarget":false,"bulkApiDBTarget":false,"operationType":"Update","customFuncCfg":{"@type":"customFuncConfig","id":-1,"connections":[],"inputMap":[],"outputFields":[]},"tgtFieldRefs":{},"targetUpdateColumns":[],"extendedObject":{"@type":"extendedObject","filters":[],"sortFields":[]},"runtimeAttrs":{},"isRESTModernSource":true,"isFileList":false,"handleSpecialChars":false,"frsAsset":false,"dynamicFileName":false,"tgtObjectAttributes":{},"runtimeParameterData":{"@type":"mtTaskRuntimeParameterData","isConnectionRuntimeParameter":false,"isObjectRuntimeParameter":false},"overriddenFields":[]},{"@type":"mtTaskParameter","id":94760739,"name":"$Tgt_SFDC_IntegrationQueue_Insert$","type":"TARGET","label":"Tgt_SFDC_IntegrationQueue_Insert","uiProperties":{"connectionParameterized":"false","objectParameterized":"false","visible":"false","defaultTargetUpdateColumns":""},"targetConnectionId":"@2CjV79tAT4nicr3VedQp4y","targetObject":"Integration_Queue__c","targetObjectLabel":"Integration Queue","newFlatFile":false,"newObject":false,"showBusinessNames":false,"naturalOrder":true,"truncateTarget":false,"bulkApiDBTarget":false,"operationType":"Insert","customFuncCfg":{"@type":"customFuncConfig","id":-1,"connections":[],"inputMap":[],"outputFields":[]},"tgtFieldRefs":{},"targetUpdateColumns":[],"extendedObject":{"@type":"extendedObject","filters":[],"sortFields":[]},"runtimeAttrs":{},"isRESTModernSource":true,"isFileList":false,"handleSpecialChars":false,"frsAsset":false,"dynamicFileName":false,"tgtObjectAttributes":{},"runtimeParameterData":{"@type":"mtTaskRuntimeParameterData","isConnectionRuntimeParameter":false,"isObjectRuntimeParameter":false},"overriddenFields":[]},{"@type":"mtTaskParameter","id":94760740,"name":"$Lkp_File_NetsuiteExtract_EmployeeFile_Employee$","type":"LOOKUP","label":"Lkp_File_NetsuiteExtract_EmployeeFile_Employee","uiProperties":{"connectionParameterized":"false","objectParameterized":"false","visible":"false"},"lookupConnectionId":"@avLv18DFUAtbWFEYKJVdo5","lookupObject":"FF_Netsuite_EmployeeExtract_forARTLookup.csv","lookupObjectLabel":"FF_Netsuite_EmployeeExtract_forARTLookup.csv","newFlatFile":false,"newObject":false,"showBusinessNames":false,"naturalOrder":true,"truncateTarget":false,"bulkApiDBTarget":false,"lkpFFAttrs":{"@type":"flatFileAttrs","id":1828778,"delimiter":",","textQualifier":"\"","escapeChar":"","headerLineNo":1,"firstDataRow":2},"customFuncCfg":{"@type":"customFuncConfig","id":-1,"connections":[],"inputMap":[],"outputFields":[]},"tgtFieldRefs":{},"targetUpdateColumns":[],"runtimeAttrs":{},"isRESTModernSource":true,"isFileList":false,"handleSpecialChars":false,"frsAsset":false,"dynamicFileName":false,"tgtObjectAttributes":{},"runtimeParameterData":{"@type":"mtTaskRuntimeParameterData","isConnectionRuntimeParameter":false,"isObjectRuntimeParameter":false},"overriddenFields":[]},{"@type":"mtTaskParameter","id":94760741,"name":"$Lkp_File_NetsuiteExtract_EmployeeFile_Supervisor$","type":"LOOKUP","label":"Lkp_File_NetsuiteExtract_EmployeeFile_Supervisor","uiProperties":{"connectionParameterized":"false","objectParameterized":"false","visible":"false"},"lookupConnectionId":"@avLv18DFUAtbWFEYKJVdo5","lookupObject":"FF_Netsuite_EmployeeExtract_forARTLookup.csv","lookupObjectLabel":"FF_Netsuite_EmployeeExtract_forARTLookup.csv","newFlatFile":false,"newObject":false,"showBusinessNames":false,"naturalOrder":true,"truncateTarget":false,"bulkApiDBTarget":false,"lkpFFAttrs":{"@type":"flatFileAttrs","id":1828779,"delimiter":",","textQualifier":"\"","escapeChar":"","headerLineNo":1,"firstDataRow":2},"customFuncCfg":{"@type":"customFuncConfig","id":-1,"connections":[],"inputMap":[],"outputFields":[]},"tgtFieldRefs":{},"targetUpdateColumns":[],"runtimeAttrs":{},"isRESTModernSource":true,"isFileList":false,"handleSpecialChars":false,"frsAsset":false,"dynamicFileName":false,"tgtObjectAttributes":{},"runtimeParameterData":{"@type":"mtTaskRuntimeParameterData","isConnectionRuntimeParameter":false,"isObjectRuntimeParameter":false},"overriddenFields":[]}],"sequences":[],"inOutParameters":[],"connRuntimeAttrs":[]}]