[{"@type":"workflow","id":"@1","name":"TF_Snowflake_Anaplan_Opportunity","maxLogs":10,"references":[{"@type":"reference","refObjectId":"@6lrtuc8h7hskzR98acyJuU","refType":"mtTask"},{"@type":"reference","refObjectId":"@iJ3ACe8wnWngRaixwshLaq","refType":"mtTask"}],"tasks":[{"@type":"workflowTask","taskId":"@6lrtuc8h7hskzR98acyJuU","type":"MTT","name":"mct_Snowflake_Anaplan_Oppty_Delete_List","stopOnError":true,"stopOnWarning":false},{"@type":"workflowTask","taskId":"@iJ3ACe8wnWngRaixwshLaq","type":"MTT","name":"mct_Snowflake_Anaplan_Oppty_Data_Load","stopOnError":true,"stopOnWarning":false}]}]