[{"@type":"dssTask","id":"@1","name":"DSS_Invoice_Payments_01c_PUT_NSFile_To_File_CheckCoupa","description":"","maxLogs":10,"sourceConnectionId":"@6ey2Cmo3PaHcsThnJ0TYui","targetConnectionId":"@6ey2Cmo3PaHcsThnJ0TYui","targetObject":"FF_InvoicePayments_FromNetSuite.csv","targetObjectLabel":"FF_InvoicePayments_FromNetSuite.csv","targetChildObjectLabel":"","operation":"Insert","maxRows":0,"truncateTarget":false,"bulkApiDBTarget":false,"verbose":false,"srcFlatFileAttrs":{"@type":"flatFileAttrs","id":44342,"delimiter":",","textQualifier":"\"","escapeChar":"","headerLineNo":1,"firstDataRow":2},"tgtFlatFileAttrs":{"@type":"flatFileAttrs","id":44343,"delimiter":",","textQualifier":"\"","escapeChar":"","headerLineNo":1,"firstDataRow":2},"targetMetadataUpdated":false,"modelVersion":"V3-R600","queryAll":false,"srcSettings":{"@type":"taskDataSourceSetting","isShowLabels":false,"isNaturalOrder":true},"tgtSettings":{"@type":"taskDataSourceSetting","isShowLabels":false,"isNaturalOrder":true},"cfSettings":{"@type":"taskDataSourceSetting","isShowLabels":false,"isNaturalOrder":true},"bulkApi":false,"bulkApiSerialMode":false,"bulkApiMonitor":false,"isTargetObjectSfCustom":false,"allowNullUpdates":false,"targetBatchSize":200,"assignmentRuleId":"-1","assignmentRuleType":"None","createSuccessFile":false,"bulkApiHardDelete":false,"srcRuntimeAttrs":{"@type":"taskRuntimeAttrs","attrs":{}},"tgtRuntimeAttrs":{"@type":"taskRuntimeAttrs","attrs":{}},"sourceObjects":[{"@type":"mObject","name":"FF_InvoicePayments_FromNetSuite_GetCoupaId_temp.csv","label":"FF_InvoicePayments_FromNetSuite_GetCoupaId_temp.csv","metadataUpdated":false,"relations":[],"children":[]}],"advancedFilters":[{"@type":"advancedFilter","id":"4514","objectName":"FF_InvoicePayments_FromNetSuite_GetCoupaId_temp.csv","objectLabel":"FF_InvoicePayments_FromNetSuite_GetCoupaId_temp.csv","expression":"INSTR(NS_VendorBill_externalId_CoupaId, 'coupa', 1) > 0   OR    INSTR(NS_VendorCredit_externalId_CoupaId, 'coupa', 1) > 0"}],"filters":[],"fieldMaps":[{"@type":"fieldMap","id":"958111","targetField":{"@type":"field","id":2357277,"name":"NS_VendorBill_externalId_CoupaId","type":"nstring","uniqueName":"NS_VendorBill_externalId_CoupaId","label":"NS_VendorBill_externalId_CoupaId","parentObject":"FF_InvoicePayments_FromNetSuite.csv","pcType":"UNISTRING","precision":255,"scale":0,"columnIndex":0,"isKey":false,"isExternalId":false,"isSfIdLookup":false,"isNullable":true,"isUnique":false,"isCreateable":false,"isUpdateable":true,"isFilterable":true,"isCalculated":false,"showLabel":false,"naturalOrder":0,"linkedFields":["NS_VendorBill_externalId_CoupaId"],"relatedInfos":[],"references":[]},"expression":"replacestr(0, NS_VendorBill_externalId_CoupaId, 'coupa-inv-', '')"},{"@type":"fieldMap","id":"958112","targetField":{"@type":"field","id":2357278,"name":"NS_VendorPayment_status","type":"nstring","uniqueName":"NS_VendorPayment_status","label":"NS_VendorPayment_status","parentObject":"FF_InvoicePayments_FromNetSuite.csv","pcType":"UNISTRING","precision":255,"scale":0,"columnIndex":1,"isKey":false,"isExternalId":false,"isSfIdLookup":false,"isNullable":true,"isUnique":false,"isCreateable":false,"isUpdateable":true,"isFilterable":true,"isCalculated":false,"showLabel":false,"naturalOrder":0,"linkedFields":["NS_VendorPayment_status"],"relatedInfos":[],"references":[]},"expression":"NS_VendorPayment_status"},{"@type":"fieldMap","id":"958113","targetField":{"@type":"field","id":2357279,"name":"NS_VendorCredit_externalId_CoupaId","type":"nstring","uniqueName":"NS_VendorCredit_externalId_CoupaId","label":"NS_VendorCredit_externalId_CoupaId","parentObject":"FF_InvoicePayments_FromNetSuite.csv","pcType":"UNISTRING","precision":255,"scale":0,"columnIndex":2,"isKey":false,"isExternalId":false,"isSfIdLookup":false,"isNullable":true,"isUnique":false,"isCreateable":false,"isUpdateable":true,"isFilterable":true,"isCalculated":false,"showLabel":false,"naturalOrder":0,"linkedFields":["NS_VendorCredit_externalId_CoupaId"],"relatedInfos":[],"references":[]},"expression":"replacestr(0, NS_VendorCredit_externalId_CoupaId, 'coupa-inv-', '')"},{"@type":"fieldMap","id":"958114","targetField":{"@type":"field","id":2357280,"name":"NS_VendorPayment_internalId","type":"nstring","uniqueName":"NS_VendorPayment_internalId","label":"NS_VendorPayment_internalId","parentObject":"FF_InvoicePayments_FromNetSuite.csv","pcType":"UNISTRING","precision":255,"scale":0,"columnIndex":3,"isKey":false,"isExternalId":false,"isSfIdLookup":false,"isNullable":true,"isUnique":false,"isCreateable":false,"isUpdateable":true,"isFilterable":true,"isCalculated":false,"showLabel":false,"naturalOrder":0,"linkedFields":["NS_VendorPayment_internalId"],"relatedInfos":[],"references":[]},"expression":"NS_VendorPayment_internalId"},{"@type":"fieldMap","id":"958115","targetField":{"@type":"field","id":2357281,"name":"VendorBill_Status_Paid","type":"nstring","uniqueName":"VendorBill_Status_Paid","label":"VendorBill_Status_Paid","parentObject":"FF_InvoicePayments_FromNetSuite.csv","pcType":"UNISTRING","precision":255,"scale":0,"columnIndex":4,"isKey":false,"isExternalId":false,"isSfIdLookup":false,"isNullable":true,"isUnique":false,"isCreateable":false,"isUpdateable":true,"isFilterable":true,"isCalculated":false,"showLabel":false,"naturalOrder":0,"linkedFields":["VendorBill_Status_Paid"],"relatedInfos":[],"references":[]},"expression":"VendorBill_Status_Paid"},{"@type":"fieldMap","id":"958116","targetField":{"@type":"field","id":2357282,"name":"VendorCredit_Status_Paid","type":"nstring","uniqueName":"VendorCredit_Status_Paid","label":"VendorCredit_Status_Paid","parentObject":"FF_InvoicePayments_FromNetSuite.csv","pcType":"UNISTRING","precision":255,"scale":0,"columnIndex":5,"isKey":false,"isExternalId":false,"isSfIdLookup":false,"isNullable":true,"isUnique":false,"isCreateable":false,"isUpdateable":true,"isFilterable":true,"isCalculated":false,"showLabel":false,"naturalOrder":0,"linkedFields":["VendorCredit_Status_Paid"],"relatedInfos":[],"references":[]},"expression":"VendorCredit_Status_Paid"},{"@type":"fieldMap","id":"958117","targetField":{"@type":"field","id":2357283,"name":"Date","type":"nstring","uniqueName":"Date","label":"Date","parentObject":"FF_InvoicePayments_FromNetSuite.csv","pcType":"UNISTRING","precision":255,"scale":0,"columnIndex":6,"isKey":false,"isExternalId":false,"isSfIdLookup":false,"isNullable":true,"isUnique":false,"isCreateable":false,"isUpdateable":true,"isFilterable":true,"isCalculated":false,"showLabel":false,"naturalOrder":0,"linkedFields":["Date"],"relatedInfos":[],"references":[]},"expression":"Date"},{"@type":"fieldMap","id":"958118","targetField":{"@type":"field","id":2357284,"name":"Memo","type":"nstring","uniqueName":"Memo","label":"Memo","parentObject":"FF_InvoicePayments_FromNetSuite.csv","pcType":"UNISTRING","precision":256,"scale":0,"columnIndex":7,"isKey":false,"isExternalId":false,"isSfIdLookup":false,"isNullable":true,"isUnique":false,"isCreateable":false,"isUpdateable":true,"isFilterable":true,"isCalculated":false,"showLabel":false,"naturalOrder":0,"linkedFields":["Memo"],"relatedInfos":[],"references":[]},"expression":"Memo"},{"@type":"fieldMap","id":"958119","targetField":{"@type":"field","id":2357285,"name":"Amount","type":"nstring","uniqueName":"Amount","label":"Amount","parentObject":"FF_InvoicePayments_FromNetSuite.csv","pcType":"UNISTRING","precision":255,"scale":0,"columnIndex":8,"isKey":false,"isExternalId":false,"isSfIdLookup":false,"isNullable":true,"isUnique":false,"isCreateable":false,"isUpdateable":true,"isFilterable":true,"isCalculated":false,"showLabel":false,"naturalOrder":0,"linkedFields":["Amount"],"relatedInfos":[],"references":[]},"expression":"Amount"},{"@type":"fieldMap","id":"958120","targetField":{"@type":"field","id":2357286,"name":"Voided_Amount","type":"nstring","uniqueName":"Voided_Amount","label":"Voided_Amount","parentObject":"FF_InvoicePayments_FromNetSuite.csv","pcType":"UNISTRING","precision":255,"scale":0,"columnIndex":9,"isKey":false,"isExternalId":false,"isSfIdLookup":false,"isNullable":true,"isUnique":false,"isCreateable":false,"isUpdateable":true,"isFilterable":true,"isCalculated":false,"showLabel":false,"naturalOrder":0,"linkedFields":["Voided_Amount"],"relatedInfos":[],"references":[]},"expression":"IIF(ISNULL(Voided_Amount), '0', \n\nTO_CHAR(TO_DECIMAL(Voided_Amount) * -1)\n\n)"},{"@type":"fieldMap","id":"958121","targetField":{"@type":"field","id":2357287,"name":"AlreadyExists_InCoupa","type":"int","uniqueName":"AlreadyExists_InCoupa","label":"AlreadyExists_InCoupa","parentObject":"FF_InvoicePayments_FromNetSuite.csv","pcType":"INT","precision":10,"scale":0,"columnIndex":10,"isKey":false,"isExternalId":false,"isSfIdLookup":false,"isNullable":true,"isUnique":false,"isCreateable":false,"isUpdateable":true,"isFilterable":true,"isCalculated":false,"showLabel":false,"naturalOrder":0,"linkedFields":["Memo"],"relatedInfos":[],"references":[]},"expression":"IIF(ISNULL($OutputField), '0', '1')","lookup":{"@type":"lookup","id":"4897","connectionId":"@aO4WEROpbP2kxnr5Gq9CE6","object":"payments_payment","objectLabel":"payments_payment","outputField":{"@type":"field","id":2357288,"name":"id","type":"integer","uniqueName":"id__lkp_OUT","label":"id","parentObject":"payments_payment","pcType":"INTEGER","precision":10,"scale":0,"columnIndex":-1,"isKey":false,"isExternalId":false,"isSfIdLookup":false,"isNullable":true,"isUnique":false,"isCreateable":false,"isUpdateable":true,"isFilterable":false,"isCalculated":false,"javaType":"java.lang.Integer","showLabel":true,"naturalOrder":12,"linkedFields":[],"relatedInfos":[],"references":[]},"multiplicityError":false,"settings":{"@type":"taskDataSourceSetting","isShowLabels":true,"isNaturalOrder":true},"objectRelations":[{"@type":"objectRelationExt","object1":"FF_InvoicePayments_FromNetSuite_GetCoupaId_temp.csv","object2":"payments_payment","field1":{"@type":"field","id":2357289,"name":"Memo","type":"nstring","uniqueName":"Memo","label":"Memo","parentObject":"FF_InvoicePayments_FromNetSuite_GetCoupaId_temp.csv","pcType":"UNISTRING","precision":256,"scale":0,"columnIndex":7,"isKey":false,"isExternalId":false,"isSfIdLookup":false,"isNullable":true,"isUnique":false,"isCreateable":false,"isUpdateable":true,"isFilterable":true,"isCalculated":false,"showLabel":true,"naturalOrder":0,"linkedFields":["Memo"],"relatedInfos":[],"references":[]},"field2":{"@type":"field","id":2357290,"name":"notes","type":"string","uniqueName":"notes__lkp_","label":"notes","parentObject":"payments_payment","pcType":"NSTRING","precision":256,"scale":0,"columnIndex":-1,"isKey":false,"isExternalId":false,"isSfIdLookup":false,"isNullable":true,"isUnique":false,"isCreateable":false,"isUpdateable":true,"isFilterable":true,"isCalculated":false,"javaType":"java.lang.String","showLabel":true,"naturalOrder":14,"linkedFields":[],"relatedInfos":[],"references":[]}}]}}],"sourceFields":[{"@type":"field","id":2357291,"name":"NS_VendorBill_externalId_CoupaId","type":"nstring","uniqueName":"NS_VendorBill_externalId_CoupaId","label":"NS_VendorBill_externalId_CoupaId","parentObject":"FF_InvoicePayments_FromNetSuite_GetCoupaId_temp.csv","pcType":"UNISTRING","precision":255,"scale":0,"columnIndex":0,"isKey":false,"isExternalId":false,"isSfIdLookup":false,"isNullable":true,"isUnique":false,"isCreateable":false,"isUpdateable":true,"isFilterable":true,"isCalculated":false,"showLabel":false,"naturalOrder":0,"linkedFields":["NS_VendorBill_externalId_CoupaId"],"relatedInfos":[],"references":[]},{"@type":"field","id":2357292,"name":"NS_VendorPayment_status","type":"nstring","uniqueName":"NS_VendorPayment_status","label":"NS_VendorPayment_status","parentObject":"FF_InvoicePayments_FromNetSuite_GetCoupaId_temp.csv","pcType":"UNISTRING","precision":255,"scale":0,"columnIndex":1,"isKey":false,"isExternalId":false,"isSfIdLookup":false,"isNullable":true,"isUnique":false,"isCreateable":false,"isUpdateable":true,"isFilterable":true,"isCalculated":false,"showLabel":false,"naturalOrder":0,"linkedFields":["NS_VendorPayment_status"],"relatedInfos":[],"references":[]},{"@type":"field","id":2357293,"name":"NS_VendorCredit_externalId_CoupaId","type":"nstring","uniqueName":"NS_VendorCredit_externalId_CoupaId","label":"NS_VendorCredit_externalId_CoupaId","parentObject":"FF_InvoicePayments_FromNetSuite_GetCoupaId_temp.csv","pcType":"UNISTRING","precision":255,"scale":0,"columnIndex":2,"isKey":false,"isExternalId":false,"isSfIdLookup":false,"isNullable":true,"isUnique":false,"isCreateable":false,"isUpdateable":true,"isFilterable":true,"isCalculated":false,"showLabel":false,"naturalOrder":0,"linkedFields":["NS_VendorCredit_externalId_CoupaId"],"relatedInfos":[],"references":[]},{"@type":"field","id":2357294,"name":"NS_VendorPayment_internalId","type":"nstring","uniqueName":"NS_VendorPayment_internalId","label":"NS_VendorPayment_internalId","parentObject":"FF_InvoicePayments_FromNetSuite_GetCoupaId_temp.csv","pcType":"UNISTRING","precision":255,"scale":0,"columnIndex":3,"isKey":false,"isExternalId":false,"isSfIdLookup":false,"isNullable":true,"isUnique":false,"isCreateable":false,"isUpdateable":true,"isFilterable":true,"isCalculated":false,"showLabel":false,"naturalOrder":0,"linkedFields":["NS_VendorPayment_internalId"],"relatedInfos":[],"references":[]},{"@type":"field","id":2357295,"name":"VendorBill_Status_Paid","type":"nstring","uniqueName":"VendorBill_Status_Paid","label":"VendorBill_Status_Paid","parentObject":"FF_InvoicePayments_FromNetSuite_GetCoupaId_temp.csv","pcType":"UNISTRING","precision":255,"scale":0,"columnIndex":4,"isKey":false,"isExternalId":false,"isSfIdLookup":false,"isNullable":true,"isUnique":false,"isCreateable":false,"isUpdateable":true,"isFilterable":true,"isCalculated":false,"showLabel":false,"naturalOrder":0,"linkedFields":["VendorBill_Status_Paid"],"relatedInfos":[],"references":[]},{"@type":"field","id":2357296,"name":"VendorCredit_Status_Paid","type":"nstring","uniqueName":"VendorCredit_Status_Paid","label":"VendorCredit_Status_Paid","parentObject":"FF_InvoicePayments_FromNetSuite_GetCoupaId_temp.csv","pcType":"UNISTRING","precision":255,"scale":0,"columnIndex":5,"isKey":false,"isExternalId":false,"isSfIdLookup":false,"isNullable":true,"isUnique":false,"isCreateable":false,"isUpdateable":true,"isFilterable":true,"isCalculated":false,"showLabel":false,"naturalOrder":0,"linkedFields":["VendorCredit_Status_Paid"],"relatedInfos":[],"references":[]},{"@type":"field","id":2357297,"name":"Date","type":"nstring","uniqueName":"Date","label":"Date","parentObject":"FF_InvoicePayments_FromNetSuite_GetCoupaId_temp.csv","pcType":"UNISTRING","precision":255,"scale":0,"columnIndex":6,"isKey":false,"isExternalId":false,"isSfIdLookup":false,"isNullable":true,"isUnique":false,"isCreateable":false,"isUpdateable":true,"isFilterable":true,"isCalculated":false,"showLabel":false,"naturalOrder":0,"linkedFields":["Date"],"relatedInfos":[],"references":[]},{"@type":"field","id":2357298,"name":"Memo","type":"nstring","uniqueName":"Memo","label":"Memo","parentObject":"FF_InvoicePayments_FromNetSuite_GetCoupaId_temp.csv","pcType":"UNISTRING","precision":256,"scale":0,"columnIndex":7,"isKey":false,"isExternalId":false,"isSfIdLookup":false,"isNullable":true,"isUnique":false,"isCreateable":false,"isUpdateable":true,"isFilterable":true,"isCalculated":false,"showLabel":false,"naturalOrder":0,"linkedFields":["Memo","AlreadyExists_InCoupa"],"relatedInfos":[],"references":[]},{"@type":"field","id":2357299,"name":"Amount","type":"nstring","uniqueName":"Amount","label":"Amount","parentObject":"FF_InvoicePayments_FromNetSuite_GetCoupaId_temp.csv","pcType":"UNISTRING","precision":255,"scale":0,"columnIndex":8,"isKey":false,"isExternalId":false,"isSfIdLookup":false,"isNullable":true,"isUnique":false,"isCreateable":false,"isUpdateable":true,"isFilterable":true,"isCalculated":false,"showLabel":false,"naturalOrder":0,"linkedFields":["Amount"],"relatedInfos":[],"references":[]},{"@type":"field","id":2357300,"name":"Voided_Amount","type":"nstring","uniqueName":"Voided_Amount","label":"Voided_Amount","parentObject":"FF_InvoicePayments_FromNetSuite_GetCoupaId_temp.csv","pcType":"UNISTRING","precision":255,"scale":0,"columnIndex":9,"isKey":false,"isExternalId":false,"isSfIdLookup":false,"isNullable":true,"isUnique":false,"isCreateable":false,"isUpdateable":true,"isFilterable":true,"isCalculated":false,"showLabel":false,"naturalOrder":0,"linkedFields":["Voided_Amount"],"relatedInfos":[],"references":[]}],"sortFields":[],"groupFields":[]}]