[{"@type":"mappingTemplate","id":"@1","name":"m_SFDC_Account_Industry_NAICS_Desc_File_Update","description":"","bundleVersion":"0","templateId":"@3","deployTime":1584081994000,"hasParameters":false,"valid":true,"fixedConnection":true,"hasParametersDeployed":false,"fixedConnectionDeployed":true,"tasks":1,"mappingPreviewFileRecordId":"@2","documentType":"","references":[{"@type":"reference","refObjectId":"@9RseCyX0NqsgPU58Naun8Y","refType":"connection"},{"@type":"reference","refObjectId":"@1zNjc6xOdiJi47rVWuySAv","refType":"connection"}]}]