[{"@type":"mappingTemplate","id":"@1","name":"m_NS_SFDC_Termination_Rescinds","description":"","bundleVersion":"0","templateId":"@3","deployTime":1614742271000,"hasParameters":false,"valid":true,"fixedConnection":true,"hasParametersDeployed":false,"fixedConnectionDeployed":true,"tasks":1,"mappingPreviewFileRecordId":"@2","documentType":"MAPPING","references":[{"@type":"reference","refObjectId":"@9RseCyX0NqsgPU58Naun8Y","refType":"connection"},{"@type":"reference","refObjectId":"@bVV8NN1K5eSbTIEaax234c","refType":"connection"},{"@type":"reference","refObjectId":"@9jRNTXtCeTtfbK1kGfzAOH","refType":"connection"},{"@type":"reference","refObjectId":"@lf52rNt0TkDh0eVhRfdecR","refType":"connection"},{"@type":"reference","refObjectId":"@1AoqRRcFAVobCrPGI9Fgac","refType":"connection"}]}]