[{"@type":"mappingTemplate","id":"@1","name":"m_FF_SFDC_Account_Normalized_Industry_Field_Update","description":"","bundleVersion":"0","templateId":"@3","deployTime":1522971976000,"hasParameters":false,"valid":true,"fixedConnection":true,"hasParametersDeployed":false,"fixedConnectionDeployed":true,"tasks":1,"mappingPreviewFileRecordId":"@2","references":[{"@type":"reference","refObjectId":"@9RseCyX0NqsgPU58Naun8Y","refType":"connection"},{"@type":"reference","refObjectId":"@2CjV79tAT4nicr3VedQp4y","refType":"connection"}]}]