[{"@type":"workflow","id":"@1","name":"TF_DLS_Org_Prd_Ind_Mgrs_Update","errorTaskEmail":{"@type":"taskEmail","id":16986,"emails":"sri.battu@appdynamics.com, keo.zaiger@appdynamics.com, smitha.reddy@appdynamics.com","emailType":"ERROR"},"successTaskEmail":{"@type":"taskEmail","id":16987,"emails":"sri.battu@appdynamics.com","emailType":"SUCCESS"},"warningTaskEmail":{"@type":"taskEmail","id":16988,"emails":"sri.battu@appdynamics.com, keo.zaiger@appdynamics.com, smitha.reddy@appdynamics.com","emailType":"WARNING"},"maxLogs":10,"references":[{"@type":"reference","refObjectId":"@3dvtBeO5bWJdSXrjVJ8wOF","refType":"mtTask"},{"@type":"reference","refObjectId":"@91pSZ9ojtq4jS28qYRDI6N","refType":"mtTask"}],"tasks":[{"@type":"workflowTask","taskId":"@3dvtBeO5bWJdSXrjVJ8wOF","type":"MTT","name":"mct_DLS_Org_Prd_Ind_Mgrs_Deletions","stopOnError":true,"stopOnWarning":true},{"@type":"workflowTask","taskId":"@91pSZ9ojtq4jS28qYRDI6N","type":"MTT","name":"mct_DLS_Org_Prd_Ind_Mgrs_Additions","stopOnError":true,"stopOnWarning":true}]}]