[{"@type":"mtTask","id":"@1","name":"mct_NS_FF_Emp_Terminations_For_Okta_User_Deactivations","description":"","errorTaskEmail":{"@type":"taskEmail","id":342425,"emails":"sri.battu@appdynamics.com","emailType":"ERROR"},"successTaskEmail":{"@type":"taskEmail","id":342426,"emails":"sri.battu@appdynamics.com","emailType":"SUCCESS"},"warningTaskEmail":{"@type":"taskEmail","id":342427,"emails":"sri.battu@appdynamics.com","emailType":"WARNING"},"runtimeEnvironmentId":"@1KKuSUw1Rkfbzmz4wJo8eb","postProcessingCmd":"sh /opt/infaagent/apps/Data_Integration_Server/data/stage/Scripts/okta_deactivation_run.sh","maxLogs":10,"verbose":false,"lastRunTime":1612218897000,"mappingId":"@8IaTDFtcniaf695LtwKEi4","shortDescription":"","sessionPropertiesList":[],"enableCrossSchemaPushdown":true,"enableParallelRun":false,"autoTunedApplied":false,"autoTunedAppliedType":"NONE","paramFileType":"PARAM_FILE_LOCAL","parameterFileEncoding":"UTF-8","serverlessProperties":{},"parameters":[{"@type":"mtTaskParameter","id":113391811,"name":"$src_NS_Employee_Terminations$","type":"SOURCE","label":"src_NS_Employee_Terminations","uiProperties":{"connectionParameterized":"false","objectParameterized":"false","visible":"false"},"sourceConnectionId":"@4CCGgqXCJRHckum26BMe2M","sourceObject":"DUMMY_src_NS_Employee_Terminations","newFlatFile":false,"newObject":false,"showBusinessNames":false,"naturalOrder":true,"truncateTarget":false,"bulkApiDBTarget":false,"customFuncCfg":{"@type":"customFuncConfig","id":-1,"connections":[],"inputMap":[],"outputFields":[]},"tgtFieldRefs":{},"targetUpdateColumns":[],"runtimeAttrs":{},"isRESTModernSource":true,"customQuery":"select employee_id, email, name, cisco_employee_id, cisco_employee_email cemail, cisco_user_status, \n             terminationrelease_date termination_date, supervisor_id, cisco_worker_type, current_date sys_date, \n             last_modified_date from employees where\n            ((releasedate is not null) \n             and  (to_date(releasedate, 'MM-DD-YYYY') > to_date('12-01-2020', 'MM-DD-YYYY'))\n             and ( (datediff(day,current_date, releasedate) = 30) or \n                       (datediff(day,current_date, releasedate) = 31) or\n                       (datediff(day,current_date, releasedate) = 32)) or\n                     (datediff(day,current_date, releasedate) > 30 ) \n                 and to_date(last_modified_date,'MM/DD/YYYY') = to_date(current_date, 'MM/DD/YYYY'))","isFileList":false,"handleSpecialChars":false,"frsAsset":false,"dynamicFileName":false,"currentlyProcessedFileName":false,"tgtObjectAttributes":{},"runtimeParameterData":{"@type":"mtTaskRuntimeParameterData","isConnectionRuntimeParameter":false,"isObjectRuntimeParameter":false},"overriddenFields":[]},{"@type":"mtTaskParameter","id":113391812,"name":"$tgt_FF_Employee_Terminations$","type":"TARGET","label":"tgt_FF_Employee_Terminations","uiProperties":{"connectionParameterized":"false","objectParameterized":"false","visible":"false","defaultTargetUpdateColumns":""},"targetConnectionId":"@1AoqRRcFAVobCrPGI9Fgac","targetObject":"FF_Okta_Users_From_Netsuite_Deactivation.csv","targetObjectLabel":"FF_Okta_Users_From_Netsuite_Deactivation.csv","newFlatFile":false,"newObject":false,"showBusinessNames":false,"naturalOrder":true,"truncateTarget":false,"bulkApiDBTarget":false,"operationType":"Insert","tgtFFAttrs":{"@type":"flatFileAttrs","id":2527217,"delimiter":",","textQualifier":"\"","escapeChar":"","headerLineNo":1},"customFuncCfg":{"@type":"customFuncConfig","id":-1,"connections":[],"inputMap":[],"outputFields":[]},"tgtFieldRefs":{},"targetUpdateColumns":[],"extendedObject":{"@type":"extendedObject","filters":[],"sortFields":[]},"runtimeAttrs":{},"isRESTModernSource":true,"isFileList":false,"handleSpecialChars":false,"frsAsset":false,"dynamicFileName":false,"currentlyProcessedFileName":false,"tgtObjectAttributes":{},"runtimeParameterData":{"@type":"mtTaskRuntimeParameterData","isConnectionRuntimeParameter":false,"isObjectRuntimeParameter":false},"overriddenFields":[]}],"sequences":[],"inOutParameters":[],"connRuntimeAttrs":[]}]