[{"@type":"workflow","id":"@1","name":"TF_DLS_G13Below_Employees_Updates","errorTaskEmail":{"@type":"taskEmail","id":5899,"emails":"sri.battu@appdynamics.com, keo.zaiger@appdynamics.com, smitha.reddy@appdynamics.com","emailType":"ERROR"},"successTaskEmail":{"@type":"taskEmail","id":5900,"emails":"sri.battu@appdynamics.com","emailType":"SUCCESS"},"warningTaskEmail":{"@type":"taskEmail","id":5901,"emails":"sri.battu@appdynamics.com, keo.zaiger@appdynamics.com, smitha.reddy@appdynamics.com","emailType":"WARNING"},"maxLogs":10,"references":[{"@type":"reference","refObjectId":"@j5AATQdDoAggpG6kEeXBW0","refType":"mtTask"},{"@type":"reference","refObjectId":"@hjDJLyYqkQXgZnLlNJ9zsd","refType":"mtTask"}],"tasks":[{"@type":"workflowTask","taskId":"@j5AATQdDoAggpG6kEeXBW0","type":"MTT","name":"mct_DLS_G13Below_Employees_Deletions","stopOnError":true,"stopOnWarning":true},{"@type":"workflowTask","taskId":"@hjDJLyYqkQXgZnLlNJ9zsd","type":"MTT","name":"mct_DLS_G13Below_Employees_Additions","stopOnError":true,"stopOnWarning":true}]}]