[{"@type":"workflow","id":"@1","name":"TF_Snowflake_Sales_ORDEROPS","maxLogs":10,"references":[{"@type":"reference","refObjectId":"@3qMC6pxaXYkc6yZrLJzSm8","refType":"mtTask"},{"@type":"reference","refObjectId":"@9wqBc5ZIF0YhtX36TUj42c","refType":"mtTask"}],"tasks":[{"@type":"workflowTask","taskId":"@3qMC6pxaXYkc6yZrLJzSm8","type":"MTT","name":"mct_Snowflake_ORDEROPS_OPPTYPE","stopOnError":false,"stopOnWarning":false},{"@type":"workflowTask","taskId":"@9wqBc5ZIF0YhtX36TUj42c","type":"MTT","name":"mct_Snowflake_ORDEROPSDASH","stopOnError":false,"stopOnWarning":false}]}]