[{"@type":"dssTask","id":"@1","name":"DSS_Suppliers_06b_File_To_NS_UpdateWithCoupaId","description":"","maxLogs":10,"sourceConnectionId":"@6ey2Cmo3PaHcsThnJ0TYui","targetConnectionId":"@b3U4nPCAkmZgKaHvUiQ8w2","targetObject":"Vendor","targetObjectLabel":"Vendor","targetChildObjectLabel":"","operation":"Update","maxRows":0,"truncateTarget":false,"bulkApiDBTarget":false,"verbose":false,"srcFlatFileAttrs":{"@type":"flatFileAttrs","id":44337,"delimiter":",","textQualifier":"\"","escapeChar":"","headerLineNo":1,"firstDataRow":2},"targetMetadataUpdated":false,"modelVersion":"V3-R600","queryAll":false,"srcSettings":{"@type":"taskDataSourceSetting","isShowLabels":false,"isNaturalOrder":true},"tgtSettings":{"@type":"taskDataSourceSetting","isShowLabels":true,"isNaturalOrder":true},"cfSettings":{"@type":"taskDataSourceSetting","isShowLabels":false,"isNaturalOrder":true},"bulkApi":false,"bulkApiSerialMode":false,"bulkApiMonitor":false,"isTargetObjectSfCustom":false,"allowNullUpdates":false,"targetBatchSize":200,"assignmentRuleId":"-1","assignmentRuleType":"None","createSuccessFile":false,"bulkApiHardDelete":false,"srcRuntimeAttrs":{"@type":"taskRuntimeAttrs","attrs":{}},"tgtRuntimeAttrs":{"@type":"taskRuntimeAttrs","attrs":{"Replace All":"0","Concurrent Threads":"1","Success File":"","Reject File":"","Batch Size":"100"}},"sourceObjects":[{"@type":"mObject","name":"FF_Suppliers_FromNetSuite_temp.csv","label":"FF_Suppliers_FromNetSuite_temp.csv","metadataUpdated":false,"relations":[],"children":[]}],"advancedFilters":[{"@type":"advancedFilter","id":"4510","objectName":"FF_Suppliers_FromNetSuite_temp.csv","objectLabel":"FF_Suppliers_FromNetSuite_temp.csv","expression":"NS_AlreadyUpdated_WithCoupaId = '0' AND NOT ISNULL(externalId_CoupaId)"}],"filters":[],"fieldMaps":[{"@type":"fieldMap","id":"957423","targetField":{"@type":"field","id":2355252,"name":"customForm_InternalId","type":"string","uniqueName":"customForm_InternalId","label":"customForm_InternalId","parentObject":"Vendor","pcType":"NSTRING","precision":256,"scale":0,"columnIndex":-1,"isKey":false,"isExternalId":false,"isSfIdLookup":false,"isNullable":true,"isUnique":false,"isCreateable":false,"isUpdateable":true,"isFilterable":false,"isCalculated":false,"javaType":"java.lang.String","showLabel":true,"naturalOrder":0,"linkedFields":[],"relatedInfos":[],"references":[]}},{"@type":"fieldMap","id":"957424","targetField":{"@type":"field","id":2355253,"name":"customForm_ExternalId","type":"string","uniqueName":"customForm_ExternalId","label":"customForm_ExternalId","parentObject":"Vendor","pcType":"NSTRING","precision":256,"scale":0,"columnIndex":-1,"isKey":false,"isExternalId":false,"isSfIdLookup":false,"isNullable":true,"isUnique":false,"isCreateable":false,"isUpdateable":true,"isFilterable":false,"isCalculated":false,"javaType":"java.lang.String","showLabel":true,"naturalOrder":1,"linkedFields":[],"relatedInfos":[],"references":[]}},{"@type":"fieldMap","id":"957425","targetField":{"@type":"field","id":2355254,"name":"customForm_Type","type":"string","uniqueName":"customForm_Type","label":"customForm_Type","parentObject":"Vendor","pcType":"NSTRING","precision":256,"scale":0,"columnIndex":-1,"isKey":false,"isExternalId":false,"isSfIdLookup":false,"isNullable":true,"isUnique":false,"isCreateable":false,"isUpdateable":true,"isFilterable":false,"isCalculated":false,"javaType":"java.lang.String","showLabel":true,"naturalOrder":2,"linkedFields":[],"relatedInfos":[],"references":[]}},{"@type":"fieldMap","id":"957426","targetField":{"@type":"field","id":2355255,"name":"customForm_Name","type":"string","uniqueName":"customForm_Name","label":"customForm_Name","parentObject":"Vendor","pcType":"NSTRING","precision":256,"scale":0,"columnIndex":-1,"isKey":false,"isExternalId":false,"isSfIdLookup":false,"isNullable":true,"isUnique":false,"isCreateable":false,"isUpdateable":true,"isFilterable":false,"isCalculated":false,"javaType":"java.lang.String","showLabel":true,"naturalOrder":3,"linkedFields":[],"relatedInfos":[],"references":[]}},{"@type":"fieldMap","id":"957427","targetField":{"@type":"field","id":2355256,"name":"entityId","type":"string","uniqueName":"entityId","label":"entityId","parentObject":"Vendor","pcType":"NSTRING","precision":256,"scale":0,"columnIndex":-1,"isKey":false,"isExternalId":false,"isSfIdLookup":false,"isNullable":true,"isUnique":false,"isCreateable":false,"isUpdateable":true,"isFilterable":true,"isCalculated":false,"javaType":"java.lang.String","showLabel":true,"naturalOrder":4,"linkedFields":[],"relatedInfos":[],"references":[]}},{"@type":"fieldMap","id":"957428","targetField":{"@type":"field","id":2355257,"name":"altName","type":"string","uniqueName":"altName","label":"altName","parentObject":"Vendor","pcType":"NSTRING","precision":256,"scale":0,"columnIndex":-1,"isKey":false,"isExternalId":false,"isSfIdLookup":false,"isNullable":true,"isUnique":false,"isCreateable":false,"isUpdateable":true,"isFilterable":false,"isCalculated":false,"javaType":"java.lang.String","showLabel":true,"naturalOrder":5,"linkedFields":[],"relatedInfos":[],"references":[]}},{"@type":"fieldMap","id":"957429","targetField":{"@type":"field","id":2355258,"name":"isPerson","type":"boolean","uniqueName":"isPerson","label":"isPerson","parentObject":"Vendor","pcType":"SMALL_INTEGER","precision":2,"scale":0,"columnIndex":-1,"isKey":false,"isExternalId":false,"isSfIdLookup":false,"isNullable":true,"isUnique":false,"isCreateable":false,"isUpdateable":true,"isFilterable":true,"isCalculated":false,"javaType":"java.lang.Boolean","showLabel":true,"naturalOrder":6,"linkedFields":[],"relatedInfos":[],"references":[]}},{"@type":"fieldMap","id":"957430","targetField":{"@type":"field","id":2355259,"name":"phoneticName","type":"string","uniqueName":"phoneticName","label":"phoneticName","parentObject":"Vendor","pcType":"NSTRING","precision":256,"scale":0,"columnIndex":-1,"isKey":false,"isExternalId":false,"isSfIdLookup":false,"isNullable":true,"isUnique":false,"isCreateable":false,"isUpdateable":true,"isFilterable":true,"isCalculated":false,"javaType":"java.lang.String","showLabel":true,"naturalOrder":7,"linkedFields":[],"relatedInfos":[],"references":[]}},{"@type":"fieldMap","id":"957431","targetField":{"@type":"field","id":2355260,"name":"salutation","type":"string","uniqueName":"salutation","label":"salutation","parentObject":"Vendor","pcType":"NSTRING","precision":256,"scale":0,"columnIndex":-1,"isKey":false,"isExternalId":false,"isSfIdLookup":false,"isNullable":true,"isUnique":false,"isCreateable":false,"isUpdateable":true,"isFilterable":true,"isCalculated":false,"javaType":"java.lang.String","showLabel":true,"naturalOrder":8,"linkedFields":[],"relatedInfos":[],"references":[]}},{"@type":"fieldMap","id":"957432","targetField":{"@type":"field","id":2355261,"name":"firstName","type":"string","uniqueName":"firstName","label":"firstName","parentObject":"Vendor","pcType":"NSTRING","precision":256,"scale":0,"columnIndex":-1,"isKey":false,"isExternalId":false,"isSfIdLookup":false,"isNullable":true,"isUnique":false,"isCreateable":false,"isUpdateable":true,"isFilterable":true,"isCalculated":false,"javaType":"java.lang.String","showLabel":true,"naturalOrder":9,"linkedFields":[],"relatedInfos":[],"references":[]}},{"@type":"fieldMap","id":"957433","targetField":{"@type":"field","id":2355262,"name":"middleName","type":"string","uniqueName":"middleName","label":"middleName","parentObject":"Vendor","pcType":"NSTRING","precision":256,"scale":0,"columnIndex":-1,"isKey":false,"isExternalId":false,"isSfIdLookup":false,"isNullable":true,"isUnique":false,"isCreateable":false,"isUpdateable":true,"isFilterable":true,"isCalculated":false,"javaType":"java.lang.String","showLabel":true,"naturalOrder":10,"linkedFields":[],"relatedInfos":[],"references":[]}},{"@type":"fieldMap","id":"957434","targetField":{"@type":"field","id":2355263,"name":"lastName","type":"string","uniqueName":"lastName","label":"lastName","parentObject":"Vendor","pcType":"NSTRING","precision":256,"scale":0,"columnIndex":-1,"isKey":false,"isExternalId":false,"isSfIdLookup":false,"isNullable":true,"isUnique":false,"isCreateable":false,"isUpdateable":true,"isFilterable":true,"isCalculated":false,"javaType":"java.lang.String","showLabel":true,"naturalOrder":11,"linkedFields":[],"relatedInfos":[],"references":[]}},{"@type":"fieldMap","id":"957435","targetField":{"@type":"field","id":2355264,"name":"companyName","type":"string","uniqueName":"companyName","label":"companyName","parentObject":"Vendor","pcType":"NSTRING","precision":256,"scale":0,"columnIndex":-1,"isKey":false,"isExternalId":false,"isSfIdLookup":false,"isNullable":true,"isUnique":false,"isCreateable":false,"isUpdateable":true,"isFilterable":false,"isCalculated":false,"javaType":"java.lang.String","showLabel":true,"naturalOrder":12,"linkedFields":[],"relatedInfos":[],"references":[]}},{"@type":"fieldMap","id":"957436","targetField":{"@type":"field","id":2355265,"name":"phone","type":"string","uniqueName":"phone","label":"phone","parentObject":"Vendor","pcType":"NSTRING","precision":256,"scale":0,"columnIndex":-1,"isKey":false,"isExternalId":false,"isSfIdLookup":false,"isNullable":true,"isUnique":false,"isCreateable":false,"isUpdateable":true,"isFilterable":true,"isCalculated":false,"javaType":"java.lang.String","showLabel":true,"naturalOrder":13,"linkedFields":[],"relatedInfos":[],"references":[]}},{"@type":"fieldMap","id":"957437","targetField":{"@type":"field","id":2355266,"name":"fax","type":"string","uniqueName":"fax","label":"fax","parentObject":"Vendor","pcType":"NSTRING","precision":256,"scale":0,"columnIndex":-1,"isKey":false,"isExternalId":false,"isSfIdLookup":false,"isNullable":true,"isUnique":false,"isCreateable":false,"isUpdateable":true,"isFilterable":true,"isCalculated":false,"javaType":"java.lang.String","showLabel":true,"naturalOrder":14,"linkedFields":[],"relatedInfos":[],"references":[]}},{"@type":"fieldMap","id":"957438","targetField":{"@type":"field","id":2355267,"name":"email","type":"string","uniqueName":"email","label":"email","parentObject":"Vendor","pcType":"NSTRING","precision":256,"scale":0,"columnIndex":-1,"isKey":false,"isExternalId":false,"isSfIdLookup":false,"isNullable":true,"isUnique":false,"isCreateable":false,"isUpdateable":true,"isFilterable":true,"isCalculated":false,"javaType":"java.lang.String","showLabel":true,"naturalOrder":15,"linkedFields":[],"relatedInfos":[],"references":[]}},{"@type":"fieldMap","id":"957439","targetField":{"@type":"field","id":2355268,"name":"url","type":"string","uniqueName":"url","label":"url","parentObject":"Vendor","pcType":"NSTRING","precision":256,"scale":0,"columnIndex":-1,"isKey":false,"isExternalId":false,"isSfIdLookup":false,"isNullable":true,"isUnique":false,"isCreateable":false,"isUpdateable":true,"isFilterable":true,"isCalculated":false,"javaType":"java.lang.String","showLabel":true,"naturalOrder":16,"linkedFields":[],"relatedInfos":[],"references":[]}},{"@type":"fieldMap","id":"957440","targetField":{"@type":"field","id":2355269,"name":"defaultAddress","type":"string","uniqueName":"defaultAddress","label":"defaultAddress","parentObject":"Vendor","pcType":"NSTRING","precision":256,"scale":0,"columnIndex":-1,"isKey":false,"isExternalId":false,"isSfIdLookup":false,"isNullable":true,"isUnique":false,"isCreateable":false,"isUpdateable":true,"isFilterable":false,"isCalculated":false,"javaType":"java.lang.String","showLabel":true,"naturalOrder":17,"linkedFields":[],"relatedInfos":[],"references":[]}},{"@type":"fieldMap","id":"957441","targetField":{"@type":"field","id":2355270,"name":"isInactive","type":"boolean","uniqueName":"isInactive","label":"isInactive","parentObject":"Vendor","pcType":"SMALL_INTEGER","precision":2,"scale":0,"columnIndex":-1,"isKey":false,"isExternalId":false,"isSfIdLookup":false,"isNullable":true,"isUnique":false,"isCreateable":false,"isUpdateable":true,"isFilterable":true,"isCalculated":false,"javaType":"java.lang.Boolean","showLabel":true,"naturalOrder":18,"linkedFields":[],"relatedInfos":[],"references":[]}},{"@type":"fieldMap","id":"957442","targetField":{"@type":"field","id":2355271,"name":"lastModifiedDate","type":"datetime","uniqueName":"lastModifiedDate","label":"lastModifiedDate","parentObject":"Vendor","pcType":"TOOLKIT_DATETIME","precision":19,"scale":0,"columnIndex":-1,"isKey":false,"isExternalId":false,"isSfIdLookup":false,"isNullable":true,"isUnique":false,"isCreateable":false,"isUpdateable":true,"isFilterable":true,"isCalculated":false,"javaType":"java.sql.Timestamp","showLabel":true,"naturalOrder":19,"linkedFields":[],"relatedInfos":[],"references":[]}},{"@type":"fieldMap","id":"957443","targetField":{"@type":"field","id":2355272,"name":"dateCreated","type":"datetime","uniqueName":"dateCreated","label":"dateCreated","parentObject":"Vendor","pcType":"TOOLKIT_DATETIME","precision":19,"scale":0,"columnIndex":-1,"isKey":false,"isExternalId":false,"isSfIdLookup":false,"isNullable":true,"isUnique":false,"isCreateable":false,"isUpdateable":true,"isFilterable":true,"isCalculated":false,"javaType":"java.sql.Timestamp","showLabel":true,"naturalOrder":20,"linkedFields":[],"relatedInfos":[],"references":[]}},{"@type":"fieldMap","id":"957444","targetField":{"@type":"field","id":2355273,"name":"category_InternalId","type":"string","uniqueName":"category_InternalId","label":"category_InternalId","parentObject":"Vendor","pcType":"NSTRING","precision":256,"scale":0,"columnIndex":-1,"isKey":false,"isExternalId":false,"isSfIdLookup":false,"isNullable":true,"isUnique":false,"isCreateable":false,"isUpdateable":true,"isFilterable":false,"isCalculated":false,"javaType":"java.lang.String","showLabel":true,"naturalOrder":21,"linkedFields":[],"relatedInfos":[],"references":[]}},{"@type":"fieldMap","id":"957445","targetField":{"@type":"field","id":2355274,"name":"category_ExternalId","type":"string","uniqueName":"category_ExternalId","label":"category_ExternalId","parentObject":"Vendor","pcType":"NSTRING","precision":256,"scale":0,"columnIndex":-1,"isKey":false,"isExternalId":false,"isSfIdLookup":false,"isNullable":true,"isUnique":false,"isCreateable":false,"isUpdateable":true,"isFilterable":false,"isCalculated":false,"javaType":"java.lang.String","showLabel":true,"naturalOrder":22,"linkedFields":[],"relatedInfos":[],"references":[]}},{"@type":"fieldMap","id":"957446","targetField":{"@type":"field","id":2355275,"name":"category_Type","type":"string","uniqueName":"category_Type","label":"category_Type","parentObject":"Vendor","pcType":"NSTRING","precision":256,"scale":0,"columnIndex":-1,"isKey":false,"isExternalId":false,"isSfIdLookup":false,"isNullable":true,"isUnique":false,"isCreateable":false,"isUpdateable":true,"isFilterable":false,"isCalculated":false,"javaType":"java.lang.String","showLabel":true,"naturalOrder":23,"linkedFields":[],"relatedInfos":[],"references":[]}},{"@type":"fieldMap","id":"957447","targetField":{"@type":"field","id":2355276,"name":"category_Name","type":"string","uniqueName":"category_Name","label":"category_Name","parentObject":"Vendor","pcType":"NSTRING","precision":256,"scale":0,"columnIndex":-1,"isKey":false,"isExternalId":false,"isSfIdLookup":false,"isNullable":true,"isUnique":false,"isCreateable":false,"isUpdateable":true,"isFilterable":false,"isCalculated":false,"javaType":"java.lang.String","showLabel":true,"naturalOrder":24,"linkedFields":[],"relatedInfos":[],"references":[]}},{"@type":"fieldMap","id":"957448","targetField":{"@type":"field","id":2355277,"name":"title","type":"string","uniqueName":"title","label":"title","parentObject":"Vendor","pcType":"NSTRING","precision":256,"scale":0,"columnIndex":-1,"isKey":false,"isExternalId":false,"isSfIdLookup":false,"isNullable":true,"isUnique":false,"isCreateable":false,"isUpdateable":true,"isFilterable":true,"isCalculated":false,"javaType":"java.lang.String","showLabel":true,"naturalOrder":25,"linkedFields":[],"relatedInfos":[],"references":[]}},{"@type":"fieldMap","id":"957449","targetField":{"@type":"field","id":2355278,"name":"printOnCheckAs","type":"string","uniqueName":"printOnCheckAs","label":"printOnCheckAs","parentObject":"Vendor","pcType":"NSTRING","precision":256,"scale":0,"columnIndex":-1,"isKey":false,"isExternalId":false,"isSfIdLookup":false,"isNullable":true,"isUnique":false,"isCreateable":false,"isUpdateable":true,"isFilterable":false,"isCalculated":false,"javaType":"java.lang.String","showLabel":true,"naturalOrder":26,"linkedFields":[],"relatedInfos":[],"references":[]}},{"@type":"fieldMap","id":"957450","targetField":{"@type":"field","id":2355279,"name":"altPhone","type":"string","uniqueName":"altPhone","label":"altPhone","parentObject":"Vendor","pcType":"NSTRING","precision":256,"scale":0,"columnIndex":-1,"isKey":false,"isExternalId":false,"isSfIdLookup":false,"isNullable":true,"isUnique":false,"isCreateable":false,"isUpdateable":true,"isFilterable":false,"isCalculated":false,"javaType":"java.lang.String","showLabel":true,"naturalOrder":27,"linkedFields":[],"relatedInfos":[],"references":[]}},{"@type":"fieldMap","id":"957451","targetField":{"@type":"field","id":2355280,"name":"homePhone","type":"string","uniqueName":"homePhone","label":"homePhone","parentObject":"Vendor","pcType":"NSTRING","precision":256,"scale":0,"columnIndex":-1,"isKey":false,"isExternalId":false,"isSfIdLookup":false,"isNullable":true,"isUnique":false,"isCreateable":false,"isUpdateable":true,"isFilterable":false,"isCalculated":false,"javaType":"java.lang.String","showLabel":true,"naturalOrder":28,"linkedFields":[],"relatedInfos":[],"references":[]}},{"@type":"fieldMap","id":"957452","targetField":{"@type":"field","id":2355281,"name":"mobilePhone","type":"string","uniqueName":"mobilePhone","label":"mobilePhone","parentObject":"Vendor","pcType":"NSTRING","precision":256,"scale":0,"columnIndex":-1,"isKey":false,"isExternalId":false,"isSfIdLookup":false,"isNullable":true,"isUnique":false,"isCreateable":false,"isUpdateable":true,"isFilterable":false,"isCalculated":false,"javaType":"java.lang.String","showLabel":true,"naturalOrder":29,"linkedFields":[],"relatedInfos":[],"references":[]}},{"@type":"fieldMap","id":"957453","targetField":{"@type":"field","id":2355282,"name":"altEmail","type":"string","uniqueName":"altEmail","label":"altEmail","parentObject":"Vendor","pcType":"NSTRING","precision":256,"scale":0,"columnIndex":-1,"isKey":false,"isExternalId":false,"isSfIdLookup":false,"isNullable":true,"isUnique":false,"isCreateable":false,"isUpdateable":true,"isFilterable":false,"isCalculated":false,"javaType":"java.lang.String","showLabel":true,"naturalOrder":30,"linkedFields":[],"relatedInfos":[],"references":[]}},{"@type":"fieldMap","id":"957454","targetField":{"@type":"field","id":2355283,"name":"comments","type":"string","uniqueName":"comments","label":"comments","parentObject":"Vendor","pcType":"NSTRING","precision":256,"scale":0,"columnIndex":-1,"isKey":false,"isExternalId":false,"isSfIdLookup":false,"isNullable":true,"isUnique":false,"isCreateable":false,"isUpdateable":true,"isFilterable":true,"isCalculated":false,"javaType":"java.lang.String","showLabel":true,"naturalOrder":31,"linkedFields":[],"relatedInfos":[],"references":[]}},{"@type":"fieldMap","id":"957455","targetField":{"@type":"field","id":2355284,"name":"globalSubscriptionStatus","type":"string","uniqueName":"globalSubscriptionStatus","label":"globalSubscriptionStatus","parentObject":"Vendor","pcType":"NSTRING","precision":256,"scale":0,"columnIndex":-1,"isKey":false,"isExternalId":false,"isSfIdLookup":false,"isNullable":true,"isUnique":false,"isCreateable":false,"isUpdateable":true,"isFilterable":true,"isCalculated":false,"javaType":"java.lang.String","showLabel":true,"naturalOrder":32,"linkedFields":[],"relatedInfos":[],"references":[]}},{"@type":"fieldMap","id":"957456","targetField":{"@type":"field","id":2355285,"name":"image_InternalId","type":"string","uniqueName":"image_InternalId","label":"image_InternalId","parentObject":"Vendor","pcType":"NSTRING","precision":256,"scale":0,"columnIndex":-1,"isKey":false,"isExternalId":false,"isSfIdLookup":false,"isNullable":true,"isUnique":false,"isCreateable":false,"isUpdateable":true,"isFilterable":false,"isCalculated":false,"javaType":"java.lang.String","showLabel":true,"naturalOrder":33,"linkedFields":[],"relatedInfos":[],"references":[]}},{"@type":"fieldMap","id":"957457","targetField":{"@type":"field","id":2355286,"name":"image_ExternalId","type":"string","uniqueName":"image_ExternalId","label":"image_ExternalId","parentObject":"Vendor","pcType":"NSTRING","precision":256,"scale":0,"columnIndex":-1,"isKey":false,"isExternalId":false,"isSfIdLookup":false,"isNullable":true,"isUnique":false,"isCreateable":false,"isUpdateable":true,"isFilterable":false,"isCalculated":false,"javaType":"java.lang.String","showLabel":true,"naturalOrder":34,"linkedFields":[],"relatedInfos":[],"references":[]}},{"@type":"fieldMap","id":"957458","targetField":{"@type":"field","id":2355287,"name":"image_Type","type":"string","uniqueName":"image_Type","label":"image_Type","parentObject":"Vendor","pcType":"NSTRING","precision":256,"scale":0,"columnIndex":-1,"isKey":false,"isExternalId":false,"isSfIdLookup":false,"isNullable":true,"isUnique":false,"isCreateable":false,"isUpdateable":true,"isFilterable":false,"isCalculated":false,"javaType":"java.lang.String","showLabel":true,"naturalOrder":35,"linkedFields":[],"relatedInfos":[],"references":[]}},{"@type":"fieldMap","id":"957459","targetField":{"@type":"field","id":2355288,"name":"image_Name","type":"string","uniqueName":"image_Name","label":"image_Name","parentObject":"Vendor","pcType":"NSTRING","precision":256,"scale":0,"columnIndex":-1,"isKey":false,"isExternalId":false,"isSfIdLookup":false,"isNullable":true,"isUnique":false,"isCreateable":false,"isUpdateable":true,"isFilterable":false,"isCalculated":false,"javaType":"java.lang.String","showLabel":true,"naturalOrder":36,"linkedFields":[],"relatedInfos":[],"references":[]}},{"@type":"fieldMap","id":"957460","targetField":{"@type":"field","id":2355289,"name":"emailPreference","type":"string","uniqueName":"emailPreference","label":"emailPreference","parentObject":"Vendor","pcType":"NSTRING","precision":256,"scale":0,"columnIndex":-1,"isKey":false,"isExternalId":false,"isSfIdLookup":false,"isNullable":true,"isUnique":false,"isCreateable":false,"isUpdateable":true,"isFilterable":true,"isCalculated":false,"javaType":"java.lang.String","showLabel":true,"naturalOrder":37,"linkedFields":[],"relatedInfos":[],"references":[]}},{"@type":"fieldMap","id":"957461","targetField":{"@type":"field","id":2355290,"name":"subsidiary_InternalId","type":"string","uniqueName":"subsidiary_InternalId","label":"subsidiary_InternalId","parentObject":"Vendor","pcType":"NSTRING","precision":256,"scale":0,"columnIndex":-1,"isKey":false,"isExternalId":false,"isSfIdLookup":false,"isNullable":true,"isUnique":false,"isCreateable":false,"isUpdateable":true,"isFilterable":false,"isCalculated":false,"javaType":"java.lang.String","showLabel":true,"naturalOrder":38,"linkedFields":[],"relatedInfos":[],"references":[]}},{"@type":"fieldMap","id":"957462","targetField":{"@type":"field","id":2355291,"name":"subsidiary_ExternalId","type":"string","uniqueName":"subsidiary_ExternalId","label":"subsidiary_ExternalId","parentObject":"Vendor","pcType":"NSTRING","precision":256,"scale":0,"columnIndex":-1,"isKey":false,"isExternalId":false,"isSfIdLookup":false,"isNullable":true,"isUnique":false,"isCreateable":false,"isUpdateable":true,"isFilterable":false,"isCalculated":false,"javaType":"java.lang.String","showLabel":true,"naturalOrder":39,"linkedFields":[],"relatedInfos":[],"references":[]}},{"@type":"fieldMap","id":"957463","targetField":{"@type":"field","id":2355292,"name":"subsidiary_Type","type":"string","uniqueName":"subsidiary_Type","label":"subsidiary_Type","parentObject":"Vendor","pcType":"NSTRING","precision":256,"scale":0,"columnIndex":-1,"isKey":false,"isExternalId":false,"isSfIdLookup":false,"isNullable":true,"isUnique":false,"isCreateable":false,"isUpdateable":true,"isFilterable":false,"isCalculated":false,"javaType":"java.lang.String","showLabel":true,"naturalOrder":40,"linkedFields":[],"relatedInfos":[],"references":[]}},{"@type":"fieldMap","id":"957464","targetField":{"@type":"field","id":2355293,"name":"subsidiary_Name","type":"string","uniqueName":"subsidiary_Name","label":"subsidiary_Name","parentObject":"Vendor","pcType":"NSTRING","precision":256,"scale":0,"columnIndex":-1,"isKey":false,"isExternalId":false,"isSfIdLookup":false,"isNullable":true,"isUnique":false,"isCreateable":false,"isUpdateable":true,"isFilterable":false,"isCalculated":false,"javaType":"java.lang.String","showLabel":true,"naturalOrder":41,"linkedFields":[],"relatedInfos":[],"references":[]}},{"@type":"fieldMap","id":"957465","targetField":{"@type":"field","id":2355294,"name":"representingSubsidiary_InternalId","type":"string","uniqueName":"representingSubsidiary_InternalId","label":"representingSubsidiary_InternalId","parentObject":"Vendor","pcType":"NSTRING","precision":256,"scale":0,"columnIndex":-1,"isKey":false,"isExternalId":false,"isSfIdLookup":false,"isNullable":true,"isUnique":false,"isCreateable":false,"isUpdateable":true,"isFilterable":false,"isCalculated":false,"javaType":"java.lang.String","showLabel":true,"naturalOrder":42,"linkedFields":[],"relatedInfos":[],"references":[]}},{"@type":"fieldMap","id":"957466","targetField":{"@type":"field","id":2355295,"name":"representingSubsidiary_ExternalId","type":"string","uniqueName":"representingSubsidiary_ExternalId","label":"representingSubsidiary_ExternalId","parentObject":"Vendor","pcType":"NSTRING","precision":256,"scale":0,"columnIndex":-1,"isKey":false,"isExternalId":false,"isSfIdLookup":false,"isNullable":true,"isUnique":false,"isCreateable":false,"isUpdateable":true,"isFilterable":false,"isCalculated":false,"javaType":"java.lang.String","showLabel":true,"naturalOrder":43,"linkedFields":[],"relatedInfos":[],"references":[]}},{"@type":"fieldMap","id":"957467","targetField":{"@type":"field","id":2355296,"name":"representingSubsidiary_Type","type":"string","uniqueName":"representingSubsidiary_Type","label":"representingSubsidiary_Type","parentObject":"Vendor","pcType":"NSTRING","precision":256,"scale":0,"columnIndex":-1,"isKey":false,"isExternalId":false,"isSfIdLookup":false,"isNullable":true,"isUnique":false,"isCreateable":false,"isUpdateable":true,"isFilterable":false,"isCalculated":false,"javaType":"java.lang.String","showLabel":true,"naturalOrder":44,"linkedFields":[],"relatedInfos":[],"references":[]}},{"@type":"fieldMap","id":"957468","targetField":{"@type":"field","id":2355297,"name":"representingSubsidiary_Name","type":"string","uniqueName":"representingSubsidiary_Name","label":"representingSubsidiary_Name","parentObject":"Vendor","pcType":"NSTRING","precision":256,"scale":0,"columnIndex":-1,"isKey":false,"isExternalId":false,"isSfIdLookup":false,"isNullable":true,"isUnique":false,"isCreateable":false,"isUpdateable":true,"isFilterable":false,"isCalculated":false,"javaType":"java.lang.String","showLabel":true,"naturalOrder":45,"linkedFields":[],"relatedInfos":[],"references":[]}},{"@type":"fieldMap","id":"957469","targetField":{"@type":"field","id":2355298,"name":"accountNumber","type":"string","uniqueName":"accountNumber","label":"accountNumber","parentObject":"Vendor","pcType":"NSTRING","precision":256,"scale":0,"columnIndex":-1,"isKey":false,"isExternalId":false,"isSfIdLookup":false,"isNullable":true,"isUnique":false,"isCreateable":false,"isUpdateable":true,"isFilterable":true,"isCalculated":false,"javaType":"java.lang.String","showLabel":true,"naturalOrder":46,"linkedFields":[],"relatedInfos":[],"references":[]}},{"@type":"fieldMap","id":"957470","targetField":{"@type":"field","id":2355299,"name":"legalName","type":"string","uniqueName":"legalName","label":"legalName","parentObject":"Vendor","pcType":"NSTRING","precision":256,"scale":0,"columnIndex":-1,"isKey":false,"isExternalId":false,"isSfIdLookup":false,"isNullable":true,"isUnique":false,"isCreateable":false,"isUpdateable":true,"isFilterable":false,"isCalculated":false,"javaType":"java.lang.String","showLabel":true,"naturalOrder":47,"linkedFields":[],"relatedInfos":[],"references":[]}},{"@type":"fieldMap","id":"957471","targetField":{"@type":"field","id":2355300,"name":"vatRegNumber","type":"string","uniqueName":"vatRegNumber","label":"vatRegNumber","parentObject":"Vendor","pcType":"NSTRING","precision":256,"scale":0,"columnIndex":-1,"isKey":false,"isExternalId":false,"isSfIdLookup":false,"isNullable":true,"isUnique":false,"isCreateable":false,"isUpdateable":true,"isFilterable":true,"isCalculated":false,"javaType":"java.lang.String","showLabel":true,"naturalOrder":48,"linkedFields":[],"relatedInfos":[],"references":[]}},{"@type":"fieldMap","id":"957472","targetField":{"@type":"field","id":2355301,"name":"expenseAccount_InternalId","type":"string","uniqueName":"expenseAccount_InternalId","label":"expenseAccount_InternalId","parentObject":"Vendor","pcType":"NSTRING","precision":256,"scale":0,"columnIndex":-1,"isKey":false,"isExternalId":false,"isSfIdLookup":false,"isNullable":true,"isUnique":false,"isCreateable":false,"isUpdateable":true,"isFilterable":false,"isCalculated":false,"javaType":"java.lang.String","showLabel":true,"naturalOrder":49,"linkedFields":[],"relatedInfos":[],"references":[]}},{"@type":"fieldMap","id":"957473","targetField":{"@type":"field","id":2355302,"name":"expenseAccount_ExternalId","type":"string","uniqueName":"expenseAccount_ExternalId","label":"expenseAccount_ExternalId","parentObject":"Vendor","pcType":"NSTRING","precision":256,"scale":0,"columnIndex":-1,"isKey":false,"isExternalId":false,"isSfIdLookup":false,"isNullable":true,"isUnique":false,"isCreateable":false,"isUpdateable":true,"isFilterable":false,"isCalculated":false,"javaType":"java.lang.String","showLabel":true,"naturalOrder":50,"linkedFields":[],"relatedInfos":[],"references":[]}},{"@type":"fieldMap","id":"957474","targetField":{"@type":"field","id":2355303,"name":"expenseAccount_Type","type":"string","uniqueName":"expenseAccount_Type","label":"expenseAccount_Type","parentObject":"Vendor","pcType":"NSTRING","precision":256,"scale":0,"columnIndex":-1,"isKey":false,"isExternalId":false,"isSfIdLookup":false,"isNullable":true,"isUnique":false,"isCreateable":false,"isUpdateable":true,"isFilterable":false,"isCalculated":false,"javaType":"java.lang.String","showLabel":true,"naturalOrder":51,"linkedFields":[],"relatedInfos":[],"references":[]}},{"@type":"fieldMap","id":"957475","targetField":{"@type":"field","id":2355304,"name":"expenseAccount_Name","type":"string","uniqueName":"expenseAccount_Name","label":"expenseAccount_Name","parentObject":"Vendor","pcType":"NSTRING","precision":256,"scale":0,"columnIndex":-1,"isKey":false,"isExternalId":false,"isSfIdLookup":false,"isNullable":true,"isUnique":false,"isCreateable":false,"isUpdateable":true,"isFilterable":false,"isCalculated":false,"javaType":"java.lang.String","showLabel":true,"naturalOrder":52,"linkedFields":[],"relatedInfos":[],"references":[]}},{"@type":"fieldMap","id":"957476","targetField":{"@type":"field","id":2355305,"name":"payablesAccount_InternalId","type":"string","uniqueName":"payablesAccount_InternalId","label":"payablesAccount_InternalId","parentObject":"Vendor","pcType":"NSTRING","precision":256,"scale":0,"columnIndex":-1,"isKey":false,"isExternalId":false,"isSfIdLookup":false,"isNullable":true,"isUnique":false,"isCreateable":false,"isUpdateable":true,"isFilterable":false,"isCalculated":false,"javaType":"java.lang.String","showLabel":true,"naturalOrder":53,"linkedFields":[],"relatedInfos":[],"references":[]}},{"@type":"fieldMap","id":"957477","targetField":{"@type":"field","id":2355306,"name":"payablesAccount_ExternalId","type":"string","uniqueName":"payablesAccount_ExternalId","label":"payablesAccount_ExternalId","parentObject":"Vendor","pcType":"NSTRING","precision":256,"scale":0,"columnIndex":-1,"isKey":false,"isExternalId":false,"isSfIdLookup":false,"isNullable":true,"isUnique":false,"isCreateable":false,"isUpdateable":true,"isFilterable":false,"isCalculated":false,"javaType":"java.lang.String","showLabel":true,"naturalOrder":54,"linkedFields":[],"relatedInfos":[],"references":[]}},{"@type":"fieldMap","id":"957478","targetField":{"@type":"field","id":2355307,"name":"payablesAccount_Type","type":"string","uniqueName":"payablesAccount_Type","label":"payablesAccount_Type","parentObject":"Vendor","pcType":"NSTRING","precision":256,"scale":0,"columnIndex":-1,"isKey":false,"isExternalId":false,"isSfIdLookup":false,"isNullable":true,"isUnique":false,"isCreateable":false,"isUpdateable":true,"isFilterable":false,"isCalculated":false,"javaType":"java.lang.String","showLabel":true,"naturalOrder":55,"linkedFields":[],"relatedInfos":[],"references":[]}},{"@type":"fieldMap","id":"957479","targetField":{"@type":"field","id":2355308,"name":"payablesAccount_Name","type":"string","uniqueName":"payablesAccount_Name","label":"payablesAccount_Name","parentObject":"Vendor","pcType":"NSTRING","precision":256,"scale":0,"columnIndex":-1,"isKey":false,"isExternalId":false,"isSfIdLookup":false,"isNullable":true,"isUnique":false,"isCreateable":false,"isUpdateable":true,"isFilterable":false,"isCalculated":false,"javaType":"java.lang.String","showLabel":true,"naturalOrder":56,"linkedFields":[],"relatedInfos":[],"references":[]}},{"@type":"fieldMap","id":"957480","targetField":{"@type":"field","id":2355309,"name":"terms_InternalId","type":"string","uniqueName":"terms_InternalId","label":"terms_InternalId","parentObject":"Vendor","pcType":"NSTRING","precision":256,"scale":0,"columnIndex":-1,"isKey":false,"isExternalId":false,"isSfIdLookup":false,"isNullable":true,"isUnique":false,"isCreateable":false,"isUpdateable":true,"isFilterable":false,"isCalculated":false,"javaType":"java.lang.String","showLabel":true,"naturalOrder":57,"linkedFields":[],"relatedInfos":[],"references":[]}},{"@type":"fieldMap","id":"957481","targetField":{"@type":"field","id":2355310,"name":"terms_ExternalId","type":"string","uniqueName":"terms_ExternalId","label":"terms_ExternalId","parentObject":"Vendor","pcType":"NSTRING","precision":256,"scale":0,"columnIndex":-1,"isKey":false,"isExternalId":false,"isSfIdLookup":false,"isNullable":true,"isUnique":false,"isCreateable":false,"isUpdateable":true,"isFilterable":false,"isCalculated":false,"javaType":"java.lang.String","showLabel":true,"naturalOrder":58,"linkedFields":[],"relatedInfos":[],"references":[]}},{"@type":"fieldMap","id":"957482","targetField":{"@type":"field","id":2355311,"name":"terms_Type","type":"string","uniqueName":"terms_Type","label":"terms_Type","parentObject":"Vendor","pcType":"NSTRING","precision":256,"scale":0,"columnIndex":-1,"isKey":false,"isExternalId":false,"isSfIdLookup":false,"isNullable":true,"isUnique":false,"isCreateable":false,"isUpdateable":true,"isFilterable":false,"isCalculated":false,"javaType":"java.lang.String","showLabel":true,"naturalOrder":59,"linkedFields":[],"relatedInfos":[],"references":[]}},{"@type":"fieldMap","id":"957483","targetField":{"@type":"field","id":2355312,"name":"terms_Name","type":"string","uniqueName":"terms_Name","label":"terms_Name","parentObject":"Vendor","pcType":"NSTRING","precision":256,"scale":0,"columnIndex":-1,"isKey":false,"isExternalId":false,"isSfIdLookup":false,"isNullable":true,"isUnique":false,"isCreateable":false,"isUpdateable":true,"isFilterable":false,"isCalculated":false,"javaType":"java.lang.String","showLabel":true,"naturalOrder":60,"linkedFields":[],"relatedInfos":[],"references":[]}},{"@type":"fieldMap","id":"957484","targetField":{"@type":"field","id":2355313,"name":"incoterm_InternalId","type":"string","uniqueName":"incoterm_InternalId","label":"incoterm_InternalId","parentObject":"Vendor","pcType":"NSTRING","precision":256,"scale":0,"columnIndex":-1,"isKey":false,"isExternalId":false,"isSfIdLookup":false,"isNullable":true,"isUnique":false,"isCreateable":false,"isUpdateable":true,"isFilterable":false,"isCalculated":false,"javaType":"java.lang.String","showLabel":true,"naturalOrder":61,"linkedFields":[],"relatedInfos":[],"references":[]}},{"@type":"fieldMap","id":"957485","targetField":{"@type":"field","id":2355314,"name":"incoterm_ExternalId","type":"string","uniqueName":"incoterm_ExternalId","label":"incoterm_ExternalId","parentObject":"Vendor","pcType":"NSTRING","precision":256,"scale":0,"columnIndex":-1,"isKey":false,"isExternalId":false,"isSfIdLookup":false,"isNullable":true,"isUnique":false,"isCreateable":false,"isUpdateable":true,"isFilterable":false,"isCalculated":false,"javaType":"java.lang.String","showLabel":true,"naturalOrder":62,"linkedFields":[],"relatedInfos":[],"references":[]}},{"@type":"fieldMap","id":"957486","targetField":{"@type":"field","id":2355315,"name":"incoterm_Type","type":"string","uniqueName":"incoterm_Type","label":"incoterm_Type","parentObject":"Vendor","pcType":"NSTRING","precision":256,"scale":0,"columnIndex":-1,"isKey":false,"isExternalId":false,"isSfIdLookup":false,"isNullable":true,"isUnique":false,"isCreateable":false,"isUpdateable":true,"isFilterable":false,"isCalculated":false,"javaType":"java.lang.String","showLabel":true,"naturalOrder":63,"linkedFields":[],"relatedInfos":[],"references":[]}},{"@type":"fieldMap","id":"957487","targetField":{"@type":"field","id":2355316,"name":"incoterm_Name","type":"string","uniqueName":"incoterm_Name","label":"incoterm_Name","parentObject":"Vendor","pcType":"NSTRING","precision":256,"scale":0,"columnIndex":-1,"isKey":false,"isExternalId":false,"isSfIdLookup":false,"isNullable":true,"isUnique":false,"isCreateable":false,"isUpdateable":true,"isFilterable":false,"isCalculated":false,"javaType":"java.lang.String","showLabel":true,"naturalOrder":64,"linkedFields":[],"relatedInfos":[],"references":[]}},{"@type":"fieldMap","id":"957488","targetField":{"@type":"field","id":2355317,"name":"creditLimit","type":"double","uniqueName":"creditLimit","label":"creditLimit","parentObject":"Vendor","pcType":"DOUBLE","precision":15,"scale":0,"columnIndex":-1,"isKey":false,"isExternalId":false,"isSfIdLookup":false,"isNullable":true,"isUnique":false,"isCreateable":false,"isUpdateable":true,"isFilterable":true,"isCalculated":false,"javaType":"java.lang.Double","showLabel":true,"naturalOrder":65,"linkedFields":[],"relatedInfos":[],"references":[]}},{"@type":"fieldMap","id":"957489","targetField":{"@type":"field","id":2355318,"name":"balancePrimary","type":"double","uniqueName":"balancePrimary","label":"balancePrimary","parentObject":"Vendor","pcType":"DOUBLE","precision":15,"scale":0,"columnIndex":-1,"isKey":false,"isExternalId":false,"isSfIdLookup":false,"isNullable":true,"isUnique":false,"isCreateable":false,"isUpdateable":true,"isFilterable":false,"isCalculated":false,"javaType":"java.lang.Double","showLabel":true,"naturalOrder":66,"linkedFields":[],"relatedInfos":[],"references":[]}},{"@type":"fieldMap","id":"957490","targetField":{"@type":"field","id":2355319,"name":"openingBalance","type":"double","uniqueName":"openingBalance","label":"openingBalance","parentObject":"Vendor","pcType":"DOUBLE","precision":15,"scale":0,"columnIndex":-1,"isKey":false,"isExternalId":false,"isSfIdLookup":false,"isNullable":true,"isUnique":false,"isCreateable":false,"isUpdateable":true,"isFilterable":false,"isCalculated":false,"javaType":"java.lang.Double","showLabel":true,"naturalOrder":67,"linkedFields":[],"relatedInfos":[],"references":[]}},{"@type":"fieldMap","id":"957491","targetField":{"@type":"field","id":2355320,"name":"openingBalanceDate","type":"datetime","uniqueName":"openingBalanceDate","label":"openingBalanceDate","parentObject":"Vendor","pcType":"TOOLKIT_DATETIME","precision":19,"scale":0,"columnIndex":-1,"isKey":false,"isExternalId":false,"isSfIdLookup":false,"isNullable":true,"isUnique":false,"isCreateable":false,"isUpdateable":true,"isFilterable":false,"isCalculated":false,"javaType":"java.sql.Timestamp","showLabel":true,"naturalOrder":68,"linkedFields":[],"relatedInfos":[],"references":[]}},{"@type":"fieldMap","id":"957492","targetField":{"@type":"field","id":2355321,"name":"openingBalanceAccount_InternalId","type":"string","uniqueName":"openingBalanceAccount_InternalId","label":"openingBalanceAccount_InternalId","parentObject":"Vendor","pcType":"NSTRING","precision":256,"scale":0,"columnIndex":-1,"isKey":false,"isExternalId":false,"isSfIdLookup":false,"isNullable":true,"isUnique":false,"isCreateable":false,"isUpdateable":true,"isFilterable":false,"isCalculated":false,"javaType":"java.lang.String","showLabel":true,"naturalOrder":69,"linkedFields":[],"relatedInfos":[],"references":[]}},{"@type":"fieldMap","id":"957493","targetField":{"@type":"field","id":2355322,"name":"openingBalanceAccount_ExternalId","type":"string","uniqueName":"openingBalanceAccount_ExternalId","label":"openingBalanceAccount_ExternalId","parentObject":"Vendor","pcType":"NSTRING","precision":256,"scale":0,"columnIndex":-1,"isKey":false,"isExternalId":false,"isSfIdLookup":false,"isNullable":true,"isUnique":false,"isCreateable":false,"isUpdateable":true,"isFilterable":false,"isCalculated":false,"javaType":"java.lang.String","showLabel":true,"naturalOrder":70,"linkedFields":[],"relatedInfos":[],"references":[]}},{"@type":"fieldMap","id":"957494","targetField":{"@type":"field","id":2355323,"name":"openingBalanceAccount_Type","type":"string","uniqueName":"openingBalanceAccount_Type","label":"openingBalanceAccount_Type","parentObject":"Vendor","pcType":"NSTRING","precision":256,"scale":0,"columnIndex":-1,"isKey":false,"isExternalId":false,"isSfIdLookup":false,"isNullable":true,"isUnique":false,"isCreateable":false,"isUpdateable":true,"isFilterable":false,"isCalculated":false,"javaType":"java.lang.String","showLabel":true,"naturalOrder":71,"linkedFields":[],"relatedInfos":[],"references":[]}},{"@type":"fieldMap","id":"957495","targetField":{"@type":"field","id":2355324,"name":"openingBalanceAccount_Name","type":"string","uniqueName":"openingBalanceAccount_Name","label":"openingBalanceAccount_Name","parentObject":"Vendor","pcType":"NSTRING","precision":256,"scale":0,"columnIndex":-1,"isKey":false,"isExternalId":false,"isSfIdLookup":false,"isNullable":true,"isUnique":false,"isCreateable":false,"isUpdateable":true,"isFilterable":false,"isCalculated":false,"javaType":"java.lang.String","showLabel":true,"naturalOrder":72,"linkedFields":[],"relatedInfos":[],"references":[]}},{"@type":"fieldMap","id":"957496","targetField":{"@type":"field","id":2355325,"name":"balance","type":"double","uniqueName":"balance","label":"balance","parentObject":"Vendor","pcType":"DOUBLE","precision":15,"scale":0,"columnIndex":-1,"isKey":false,"isExternalId":false,"isSfIdLookup":false,"isNullable":true,"isUnique":false,"isCreateable":false,"isUpdateable":true,"isFilterable":true,"isCalculated":false,"javaType":"java.lang.Double","showLabel":true,"naturalOrder":73,"linkedFields":[],"relatedInfos":[],"references":[]}},{"@type":"fieldMap","id":"957497","targetField":{"@type":"field","id":2355326,"name":"unbilledOrdersPrimary","type":"double","uniqueName":"unbilledOrdersPrimary","label":"unbilledOrdersPrimary","parentObject":"Vendor","pcType":"DOUBLE","precision":15,"scale":0,"columnIndex":-1,"isKey":false,"isExternalId":false,"isSfIdLookup":false,"isNullable":true,"isUnique":false,"isCreateable":false,"isUpdateable":true,"isFilterable":false,"isCalculated":false,"javaType":"java.lang.Double","showLabel":true,"naturalOrder":74,"linkedFields":[],"relatedInfos":[],"references":[]}},{"@type":"fieldMap","id":"957498","targetField":{"@type":"field","id":2355327,"name":"bcn","type":"string","uniqueName":"bcn","label":"bcn","parentObject":"Vendor","pcType":"NSTRING","precision":256,"scale":0,"columnIndex":-1,"isKey":false,"isExternalId":false,"isSfIdLookup":false,"isNullable":true,"isUnique":false,"isCreateable":false,"isUpdateable":true,"isFilterable":false,"isCalculated":false,"javaType":"java.lang.String","showLabel":true,"naturalOrder":75,"linkedFields":[],"relatedInfos":[],"references":[]}},{"@type":"fieldMap","id":"957500","targetField":{"@type":"field","id":2355329,"name":"unbilledOrders","type":"double","uniqueName":"unbilledOrders","label":"unbilledOrders","parentObject":"Vendor","pcType":"DOUBLE","precision":15,"scale":0,"columnIndex":-1,"isKey":false,"isExternalId":false,"isSfIdLookup":false,"isNullable":true,"isUnique":false,"isCreateable":false,"isUpdateable":true,"isFilterable":true,"isCalculated":false,"javaType":"java.lang.Double","showLabel":true,"naturalOrder":76,"linkedFields":[],"relatedInfos":[],"references":[]}},{"@type":"fieldMap","id":"957502","targetField":{"@type":"field","id":2355331,"name":"currency_InternalId","type":"string","uniqueName":"currency_InternalId","label":"currency_InternalId","parentObject":"Vendor","pcType":"NSTRING","precision":256,"scale":0,"columnIndex":-1,"isKey":false,"isExternalId":false,"isSfIdLookup":false,"isNullable":true,"isUnique":false,"isCreateable":false,"isUpdateable":true,"isFilterable":false,"isCalculated":false,"javaType":"java.lang.String","showLabel":true,"naturalOrder":77,"linkedFields":[],"relatedInfos":[],"references":[]}},{"@type":"fieldMap","id":"957503","targetField":{"@type":"field","id":2355333,"name":"currency_ExternalId","type":"string","uniqueName":"currency_ExternalId","label":"currency_ExternalId","parentObject":"Vendor","pcType":"NSTRING","precision":256,"scale":0,"columnIndex":-1,"isKey":false,"isExternalId":false,"isSfIdLookup":false,"isNullable":true,"isUnique":false,"isCreateable":false,"isUpdateable":true,"isFilterable":false,"isCalculated":false,"javaType":"java.lang.String","showLabel":true,"naturalOrder":78,"linkedFields":[],"relatedInfos":[],"references":[]}},{"@type":"fieldMap","id":"957505","targetField":{"@type":"field","id":2355334,"name":"currency_Type","type":"string","uniqueName":"currency_Type","label":"currency_Type","parentObject":"Vendor","pcType":"NSTRING","precision":256,"scale":0,"columnIndex":-1,"isKey":false,"isExternalId":false,"isSfIdLookup":false,"isNullable":true,"isUnique":false,"isCreateable":false,"isUpdateable":true,"isFilterable":false,"isCalculated":false,"javaType":"java.lang.String","showLabel":true,"naturalOrder":79,"linkedFields":[],"relatedInfos":[],"references":[]}},{"@type":"fieldMap","id":"957507","targetField":{"@type":"field","id":2355336,"name":"currency_Name","type":"string","uniqueName":"currency_Name","label":"currency_Name","parentObject":"Vendor","pcType":"NSTRING","precision":256,"scale":0,"columnIndex":-1,"isKey":false,"isExternalId":false,"isSfIdLookup":false,"isNullable":true,"isUnique":false,"isCreateable":false,"isUpdateable":true,"isFilterable":false,"isCalculated":false,"javaType":"java.lang.String","showLabel":true,"naturalOrder":80,"linkedFields":[],"relatedInfos":[],"references":[]}},{"@type":"fieldMap","id":"957509","targetField":{"@type":"field","id":2355338,"name":"is1099Eligible","type":"boolean","uniqueName":"is1099Eligible","label":"is1099Eligible","parentObject":"Vendor","pcType":"SMALL_INTEGER","precision":2,"scale":0,"columnIndex":-1,"isKey":false,"isExternalId":false,"isSfIdLookup":false,"isNullable":true,"isUnique":false,"isCreateable":false,"isUpdateable":true,"isFilterable":true,"isCalculated":false,"javaType":"java.lang.Boolean","showLabel":true,"naturalOrder":81,"linkedFields":[],"relatedInfos":[],"references":[]}},{"@type":"fieldMap","id":"957511","targetField":{"@type":"field","id":2355340,"name":"isJobResourceVend","type":"boolean","uniqueName":"isJobResourceVend","label":"isJobResourceVend","parentObject":"Vendor","pcType":"SMALL_INTEGER","precision":2,"scale":0,"columnIndex":-1,"isKey":false,"isExternalId":false,"isSfIdLookup":false,"isNullable":true,"isUnique":false,"isCreateable":false,"isUpdateable":true,"isFilterable":true,"isCalculated":false,"javaType":"java.lang.Boolean","showLabel":true,"naturalOrder":82,"linkedFields":[],"relatedInfos":[],"references":[]}},{"@type":"fieldMap","id":"957513","targetField":{"@type":"field","id":2355342,"name":"laborCost","type":"double","uniqueName":"laborCost","label":"laborCost","parentObject":"Vendor","pcType":"DOUBLE","precision":15,"scale":0,"columnIndex":-1,"isKey":false,"isExternalId":false,"isSfIdLookup":false,"isNullable":true,"isUnique":false,"isCreateable":false,"isUpdateable":true,"isFilterable":true,"isCalculated":false,"javaType":"java.lang.Double","showLabel":true,"naturalOrder":83,"linkedFields":[],"relatedInfos":[],"references":[]}},{"@type":"fieldMap","id":"957515","targetField":{"@type":"field","id":2355344,"name":"purchaseOrderQuantity","type":"double","uniqueName":"purchaseOrderQuantity","label":"purchaseOrderQuantity","parentObject":"Vendor","pcType":"DOUBLE","precision":15,"scale":0,"columnIndex":-1,"isKey":false,"isExternalId":false,"isSfIdLookup":false,"isNullable":true,"isUnique":false,"isCreateable":false,"isUpdateable":true,"isFilterable":true,"isCalculated":false,"javaType":"java.lang.Double","showLabel":true,"naturalOrder":84,"linkedFields":[],"relatedInfos":[],"references":[]}},{"@type":"fieldMap","id":"957517","targetField":{"@type":"field","id":2355346,"name":"purchaseOrderAmount","type":"double","uniqueName":"purchaseOrderAmount","label":"purchaseOrderAmount","parentObject":"Vendor","pcType":"DOUBLE","precision":15,"scale":0,"columnIndex":-1,"isKey":false,"isExternalId":false,"isSfIdLookup":false,"isNullable":true,"isUnique":false,"isCreateable":false,"isUpdateable":true,"isFilterable":true,"isCalculated":false,"javaType":"java.lang.Double","showLabel":true,"naturalOrder":85,"linkedFields":[],"relatedInfos":[],"references":[]}},{"@type":"fieldMap","id":"957519","targetField":{"@type":"field","id":2355348,"name":"purchaseOrderQuantityDiff","type":"double","uniqueName":"purchaseOrderQuantityDiff","label":"purchaseOrderQuantityDiff","parentObject":"Vendor","pcType":"DOUBLE","precision":15,"scale":0,"columnIndex":-1,"isKey":false,"isExternalId":false,"isSfIdLookup":false,"isNullable":true,"isUnique":false,"isCreateable":false,"isUpdateable":true,"isFilterable":true,"isCalculated":false,"javaType":"java.lang.Double","showLabel":true,"naturalOrder":86,"linkedFields":[],"relatedInfos":[],"references":[]}},{"@type":"fieldMap","id":"957521","targetField":{"@type":"field","id":2355350,"name":"receiptQuantity","type":"double","uniqueName":"receiptQuantity","label":"receiptQuantity","parentObject":"Vendor","pcType":"DOUBLE","precision":15,"scale":0,"columnIndex":-1,"isKey":false,"isExternalId":false,"isSfIdLookup":false,"isNullable":true,"isUnique":false,"isCreateable":false,"isUpdateable":true,"isFilterable":true,"isCalculated":false,"javaType":"java.lang.Double","showLabel":true,"naturalOrder":87,"linkedFields":[],"relatedInfos":[],"references":[]}},{"@type":"fieldMap","id":"957523","targetField":{"@type":"field","id":2355352,"name":"receiptAmount","type":"double","uniqueName":"receiptAmount","label":"receiptAmount","parentObject":"Vendor","pcType":"DOUBLE","precision":15,"scale":0,"columnIndex":-1,"isKey":false,"isExternalId":false,"isSfIdLookup":false,"isNullable":true,"isUnique":false,"isCreateable":false,"isUpdateable":true,"isFilterable":true,"isCalculated":false,"javaType":"java.lang.Double","showLabel":true,"naturalOrder":88,"linkedFields":[],"relatedInfos":[],"references":[]}},{"@type":"fieldMap","id":"957525","targetField":{"@type":"field","id":2355354,"name":"receiptQuantityDiff","type":"double","uniqueName":"receiptQuantityDiff","label":"receiptQuantityDiff","parentObject":"Vendor","pcType":"DOUBLE","precision":15,"scale":0,"columnIndex":-1,"isKey":false,"isExternalId":false,"isSfIdLookup":false,"isNullable":true,"isUnique":false,"isCreateable":false,"isUpdateable":true,"isFilterable":true,"isCalculated":false,"javaType":"java.lang.Double","showLabel":true,"naturalOrder":89,"linkedFields":[],"relatedInfos":[],"references":[]}},{"@type":"fieldMap","id":"957527","targetField":{"@type":"field","id":2355356,"name":"workCalendar_InternalId","type":"string","uniqueName":"workCalendar_InternalId","label":"workCalendar_InternalId","parentObject":"Vendor","pcType":"NSTRING","precision":256,"scale":0,"columnIndex":-1,"isKey":false,"isExternalId":false,"isSfIdLookup":false,"isNullable":true,"isUnique":false,"isCreateable":false,"isUpdateable":true,"isFilterable":false,"isCalculated":false,"javaType":"java.lang.String","showLabel":true,"naturalOrder":90,"linkedFields":[],"relatedInfos":[],"references":[]}},{"@type":"fieldMap","id":"957529","targetField":{"@type":"field","id":2355358,"name":"workCalendar_ExternalId","type":"string","uniqueName":"workCalendar_ExternalId","label":"workCalendar_ExternalId","parentObject":"Vendor","pcType":"NSTRING","precision":256,"scale":0,"columnIndex":-1,"isKey":false,"isExternalId":false,"isSfIdLookup":false,"isNullable":true,"isUnique":false,"isCreateable":false,"isUpdateable":true,"isFilterable":false,"isCalculated":false,"javaType":"java.lang.String","showLabel":true,"naturalOrder":91,"linkedFields":[],"relatedInfos":[],"references":[]}},{"@type":"fieldMap","id":"957530","targetField":{"@type":"field","id":2355361,"name":"workCalendar_Type","type":"string","uniqueName":"workCalendar_Type","label":"workCalendar_Type","parentObject":"Vendor","pcType":"NSTRING","precision":256,"scale":0,"columnIndex":-1,"isKey":false,"isExternalId":false,"isSfIdLookup":false,"isNullable":true,"isUnique":false,"isCreateable":false,"isUpdateable":true,"isFilterable":false,"isCalculated":false,"javaType":"java.lang.String","showLabel":true,"naturalOrder":92,"linkedFields":[],"relatedInfos":[],"references":[]}},{"@type":"fieldMap","id":"957531","targetField":{"@type":"field","id":2355363,"name":"workCalendar_Name","type":"string","uniqueName":"workCalendar_Name","label":"workCalendar_Name","parentObject":"Vendor","pcType":"NSTRING","precision":256,"scale":0,"columnIndex":-1,"isKey":false,"isExternalId":false,"isSfIdLookup":false,"isNullable":true,"isUnique":false,"isCreateable":false,"isUpdateable":true,"isFilterable":false,"isCalculated":false,"javaType":"java.lang.String","showLabel":true,"naturalOrder":93,"linkedFields":[],"relatedInfos":[],"references":[]}},{"@type":"fieldMap","id":"957532","targetField":{"@type":"field","id":2355365,"name":"taxIdNum","type":"string","uniqueName":"taxIdNum","label":"taxIdNum","parentObject":"Vendor","pcType":"NSTRING","precision":256,"scale":0,"columnIndex":-1,"isKey":false,"isExternalId":false,"isSfIdLookup":false,"isNullable":true,"isUnique":false,"isCreateable":false,"isUpdateable":true,"isFilterable":true,"isCalculated":false,"javaType":"java.lang.String","showLabel":true,"naturalOrder":94,"linkedFields":[],"relatedInfos":[],"references":[]}},{"@type":"fieldMap","id":"957533","targetField":{"@type":"field","id":2355368,"name":"taxItem_InternalId","type":"string","uniqueName":"taxItem_InternalId","label":"taxItem_InternalId","parentObject":"Vendor","pcType":"NSTRING","precision":256,"scale":0,"columnIndex":-1,"isKey":false,"isExternalId":false,"isSfIdLookup":false,"isNullable":true,"isUnique":false,"isCreateable":false,"isUpdateable":true,"isFilterable":false,"isCalculated":false,"javaType":"java.lang.String","showLabel":true,"naturalOrder":95,"linkedFields":[],"relatedInfos":[],"references":[]}},{"@type":"fieldMap","id":"957534","targetField":{"@type":"field","id":2355371,"name":"taxItem_ExternalId","type":"string","uniqueName":"taxItem_ExternalId","label":"taxItem_ExternalId","parentObject":"Vendor","pcType":"NSTRING","precision":256,"scale":0,"columnIndex":-1,"isKey":false,"isExternalId":false,"isSfIdLookup":false,"isNullable":true,"isUnique":false,"isCreateable":false,"isUpdateable":true,"isFilterable":false,"isCalculated":false,"javaType":"java.lang.String","showLabel":true,"naturalOrder":96,"linkedFields":[],"relatedInfos":[],"references":[]}},{"@type":"fieldMap","id":"957535","targetField":{"@type":"field","id":2355373,"name":"taxItem_Type","type":"string","uniqueName":"taxItem_Type","label":"taxItem_Type","parentObject":"Vendor","pcType":"NSTRING","precision":256,"scale":0,"columnIndex":-1,"isKey":false,"isExternalId":false,"isSfIdLookup":false,"isNullable":true,"isUnique":false,"isCreateable":false,"isUpdateable":true,"isFilterable":false,"isCalculated":false,"javaType":"java.lang.String","showLabel":true,"naturalOrder":97,"linkedFields":[],"relatedInfos":[],"references":[]}},{"@type":"fieldMap","id":"957536","targetField":{"@type":"field","id":2355376,"name":"taxItem_Name","type":"string","uniqueName":"taxItem_Name","label":"taxItem_Name","parentObject":"Vendor","pcType":"NSTRING","precision":256,"scale":0,"columnIndex":-1,"isKey":false,"isExternalId":false,"isSfIdLookup":false,"isNullable":true,"isUnique":false,"isCreateable":false,"isUpdateable":true,"isFilterable":false,"isCalculated":false,"javaType":"java.lang.String","showLabel":true,"naturalOrder":98,"linkedFields":[],"relatedInfos":[],"references":[]}},{"@type":"fieldMap","id":"957537","targetField":{"@type":"field","id":2355378,"name":"giveAccess","type":"boolean","uniqueName":"giveAccess","label":"giveAccess","parentObject":"Vendor","pcType":"SMALL_INTEGER","precision":2,"scale":0,"columnIndex":-1,"isKey":false,"isExternalId":false,"isSfIdLookup":false,"isNullable":true,"isUnique":false,"isCreateable":false,"isUpdateable":true,"isFilterable":true,"isCalculated":false,"javaType":"java.lang.Boolean","showLabel":true,"naturalOrder":99,"linkedFields":[],"relatedInfos":[],"references":[]}},{"@type":"fieldMap","id":"957538","targetField":{"@type":"field","id":2355381,"name":"sendEmail","type":"boolean","uniqueName":"sendEmail","label":"sendEmail","parentObject":"Vendor","pcType":"SMALL_INTEGER","precision":2,"scale":0,"columnIndex":-1,"isKey":false,"isExternalId":false,"isSfIdLookup":false,"isNullable":true,"isUnique":false,"isCreateable":false,"isUpdateable":true,"isFilterable":false,"isCalculated":false,"javaType":"java.lang.Boolean","showLabel":true,"naturalOrder":100,"linkedFields":[],"relatedInfos":[],"references":[]}},{"@type":"fieldMap","id":"957539","targetField":{"@type":"field","id":2355383,"name":"billPay","type":"boolean","uniqueName":"billPay","label":"billPay","parentObject":"Vendor","pcType":"SMALL_INTEGER","precision":2,"scale":0,"columnIndex":-1,"isKey":false,"isExternalId":false,"isSfIdLookup":false,"isNullable":true,"isUnique":false,"isCreateable":false,"isUpdateable":true,"isFilterable":false,"isCalculated":false,"javaType":"java.lang.Boolean","showLabel":true,"naturalOrder":101,"linkedFields":[],"relatedInfos":[],"references":[]}},{"@type":"fieldMap","id":"957540","targetField":{"@type":"field","id":2355384,"name":"isAccountant","type":"boolean","uniqueName":"isAccountant","label":"isAccountant","parentObject":"Vendor","pcType":"SMALL_INTEGER","precision":2,"scale":0,"columnIndex":-1,"isKey":false,"isExternalId":false,"isSfIdLookup":false,"isNullable":true,"isUnique":false,"isCreateable":false,"isUpdateable":true,"isFilterable":false,"isCalculated":false,"javaType":"java.lang.Boolean","showLabel":true,"naturalOrder":102,"linkedFields":[],"relatedInfos":[],"references":[]}},{"@type":"fieldMap","id":"957541","targetField":{"@type":"field","id":2355385,"name":"password","type":"string","uniqueName":"password","label":"password","parentObject":"Vendor","pcType":"NSTRING","precision":256,"scale":0,"columnIndex":-1,"isKey":false,"isExternalId":false,"isSfIdLookup":false,"isNullable":true,"isUnique":false,"isCreateable":false,"isUpdateable":true,"isFilterable":false,"isCalculated":false,"javaType":"java.lang.String","showLabel":true,"naturalOrder":103,"linkedFields":[],"relatedInfos":[],"references":[]}},{"@type":"fieldMap","id":"957542","targetField":{"@type":"field","id":2355386,"name":"password2","type":"string","uniqueName":"password2","label":"password2","parentObject":"Vendor","pcType":"NSTRING","precision":256,"scale":0,"columnIndex":-1,"isKey":false,"isExternalId":false,"isSfIdLookup":false,"isNullable":true,"isUnique":false,"isCreateable":false,"isUpdateable":true,"isFilterable":false,"isCalculated":false,"javaType":"java.lang.String","showLabel":true,"naturalOrder":104,"linkedFields":[],"relatedInfos":[],"references":[]}},{"@type":"fieldMap","id":"957543","targetField":{"@type":"field","id":2355387,"name":"requirePwdChange","type":"boolean","uniqueName":"requirePwdChange","label":"requirePwdChange","parentObject":"Vendor","pcType":"SMALL_INTEGER","precision":2,"scale":0,"columnIndex":-1,"isKey":false,"isExternalId":false,"isSfIdLookup":false,"isNullable":true,"isUnique":false,"isCreateable":false,"isUpdateable":true,"isFilterable":false,"isCalculated":false,"javaType":"java.lang.Boolean","showLabel":true,"naturalOrder":105,"linkedFields":[],"relatedInfos":[],"references":[]}},{"@type":"fieldMap","id":"957544","targetField":{"@type":"field","id":2355388,"name":"eligibleForCommission","type":"boolean","uniqueName":"eligibleForCommission","label":"eligibleForCommission","parentObject":"Vendor","pcType":"SMALL_INTEGER","precision":2,"scale":0,"columnIndex":-1,"isKey":false,"isExternalId":false,"isSfIdLookup":false,"isNullable":true,"isUnique":false,"isCreateable":false,"isUpdateable":true,"isFilterable":true,"isCalculated":false,"javaType":"java.lang.Boolean","showLabel":true,"naturalOrder":106,"linkedFields":[],"relatedInfos":[],"references":[]}},{"@type":"fieldMap","id":"957545","targetField":{"@type":"field","id":2355389,"name":"emailTransactions","type":"boolean","uniqueName":"emailTransactions","label":"emailTransactions","parentObject":"Vendor","pcType":"SMALL_INTEGER","precision":2,"scale":0,"columnIndex":-1,"isKey":false,"isExternalId":false,"isSfIdLookup":false,"isNullable":true,"isUnique":false,"isCreateable":false,"isUpdateable":true,"isFilterable":true,"isCalculated":false,"javaType":"java.lang.Boolean","showLabel":true,"naturalOrder":107,"linkedFields":[],"relatedInfos":[],"references":[]}},{"@type":"fieldMap","id":"957546","targetField":{"@type":"field","id":2355390,"name":"printTransactions","type":"boolean","uniqueName":"printTransactions","label":"printTransactions","parentObject":"Vendor","pcType":"SMALL_INTEGER","precision":2,"scale":0,"columnIndex":-1,"isKey":false,"isExternalId":false,"isSfIdLookup":false,"isNullable":true,"isUnique":false,"isCreateable":false,"isUpdateable":true,"isFilterable":true,"isCalculated":false,"javaType":"java.lang.Boolean","showLabel":true,"naturalOrder":108,"linkedFields":[],"relatedInfos":[],"references":[]}},{"@type":"fieldMap","id":"957547","targetField":{"@type":"field","id":2355391,"name":"faxTransactions","type":"boolean","uniqueName":"faxTransactions","label":"faxTransactions","parentObject":"Vendor","pcType":"SMALL_INTEGER","precision":2,"scale":0,"columnIndex":-1,"isKey":false,"isExternalId":false,"isSfIdLookup":false,"isNullable":true,"isUnique":false,"isCreateable":false,"isUpdateable":true,"isFilterable":true,"isCalculated":false,"javaType":"java.lang.Boolean","showLabel":true,"naturalOrder":109,"linkedFields":[],"relatedInfos":[],"references":[]}},{"@type":"fieldMap","id":"957548","targetField":{"@type":"field","id":2355392,"name":"internalId","type":"string","uniqueName":"internalId","label":"internalId","parentObject":"Vendor","pcType":"NSTRING","precision":256,"scale":0,"columnIndex":-1,"isKey":true,"isExternalId":false,"isSfIdLookup":false,"isNullable":true,"isUnique":false,"isCreateable":false,"isUpdateable":true,"isFilterable":true,"isCalculated":false,"javaType":"java.lang.String","showLabel":true,"naturalOrder":110,"linkedFields":["NS_InternalId"],"relatedInfos":[],"references":[]},"expression":"NS_InternalId"},{"@type":"fieldMap","id":"957549","targetField":{"@type":"field","id":2355393,"name":"externalId","type":"string","uniqueName":"externalId","label":"externalId","parentObject":"Vendor","pcType":"NSTRING","precision":256,"scale":0,"columnIndex":-1,"isKey":false,"isExternalId":false,"isSfIdLookup":false,"isNullable":true,"isUnique":false,"isCreateable":false,"isUpdateable":true,"isFilterable":true,"isCalculated":false,"javaType":"java.lang.String","showLabel":true,"naturalOrder":111,"linkedFields":["externalId_CoupaId"],"relatedInfos":[],"references":[]},"expression":"externalId_CoupaId"},{"@type":"fieldMap","id":"957550","targetField":{"@type":"field","id":2355394,"name":"custom_EFT_Bill_Payment","type":"check_box","uniqueName":"custom_EFT_Bill_Payment","label":"custom_EFT_Bill_Payment","parentObject":"Vendor","pcType":"SMALL_INTEGER","precision":10,"scale":0,"columnIndex":-1,"isKey":false,"isExternalId":false,"isSfIdLookup":false,"isNullable":true,"isUnique":false,"isCreateable":false,"isUpdateable":true,"isFilterable":true,"isCalculated":false,"javaType":"java.lang.Boolean","showLabel":true,"naturalOrder":112,"linkedFields":[],"relatedInfos":[],"references":[]}},{"@type":"fieldMap","id":"957551","targetField":{"@type":"field","id":2355395,"name":"custom_EFT_File_Format_InternalId","type":"string","uniqueName":"custom_EFT_File_Format_InternalId","label":"custom_EFT_File_Format_InternalId","parentObject":"Vendor","pcType":"NSTRING","precision":256,"scale":0,"columnIndex":-1,"isKey":false,"isExternalId":false,"isSfIdLookup":false,"isNullable":true,"isUnique":false,"isCreateable":false,"isUpdateable":true,"isFilterable":false,"isCalculated":false,"javaType":"java.lang.String","showLabel":true,"naturalOrder":113,"linkedFields":[],"relatedInfos":[],"references":[]}},{"@type":"fieldMap","id":"957552","targetField":{"@type":"field","id":2355396,"name":"custom_EFT_File_Format_ExternalId","type":"string","uniqueName":"custom_EFT_File_Format_ExternalId","label":"custom_EFT_File_Format_ExternalId","parentObject":"Vendor","pcType":"NSTRING","precision":256,"scale":0,"columnIndex":-1,"isKey":false,"isExternalId":false,"isSfIdLookup":false,"isNullable":true,"isUnique":false,"isCreateable":false,"isUpdateable":true,"isFilterable":false,"isCalculated":false,"javaType":"java.lang.String","showLabel":true,"naturalOrder":114,"linkedFields":[],"relatedInfos":[],"references":[]}},{"@type":"fieldMap","id":"957553","targetField":{"@type":"field","id":2355397,"name":"custom_EFT_File_Format_TypeId","type":"string","uniqueName":"custom_EFT_File_Format_TypeId","label":"custom_EFT_File_Format_TypeId","parentObject":"Vendor","pcType":"NSTRING","precision":256,"scale":0,"columnIndex":-1,"isKey":false,"isExternalId":false,"isSfIdLookup":false,"isNullable":true,"isUnique":false,"isCreateable":false,"isUpdateable":true,"isFilterable":false,"isCalculated":false,"javaType":"java.lang.String","showLabel":true,"naturalOrder":115,"linkedFields":[],"relatedInfos":[],"references":[]}},{"@type":"fieldMap","id":"957554","targetField":{"@type":"field","id":2355398,"name":"custom_EFT_File_Format_Name","type":"string","uniqueName":"custom_EFT_File_Format_Name","label":"custom_EFT_File_Format_Name","parentObject":"Vendor","pcType":"NSTRING","precision":256,"scale":0,"columnIndex":-1,"isKey":false,"isExternalId":false,"isSfIdLookup":false,"isNullable":true,"isUnique":false,"isCreateable":false,"isUpdateable":true,"isFilterable":false,"isCalculated":false,"javaType":"java.lang.String","showLabel":true,"naturalOrder":116,"linkedFields":[],"relatedInfos":[],"references":[]}},{"@type":"fieldMap","id":"957555","targetField":{"@type":"field","id":2355399,"name":"custom_EFT_Email_Address","type":"string","uniqueName":"custom_EFT_Email_Address","label":"custom_EFT_Email_Address","parentObject":"Vendor","pcType":"NSTRING","precision":256,"scale":0,"columnIndex":-1,"isKey":false,"isExternalId":false,"isSfIdLookup":false,"isNullable":true,"isUnique":false,"isCreateable":false,"isUpdateable":true,"isFilterable":true,"isCalculated":false,"javaType":"java.lang.String","showLabel":true,"naturalOrder":117,"linkedFields":[],"relatedInfos":[],"references":[]}},{"@type":"fieldMap","id":"957556","targetField":{"@type":"field","id":2355400,"name":"custom_Vendor_Reviewed","type":"check_box","uniqueName":"custom_Vendor_Reviewed","label":"custom_Vendor_Reviewed","parentObject":"Vendor","pcType":"SMALL_INTEGER","precision":10,"scale":0,"columnIndex":-1,"isKey":false,"isExternalId":false,"isSfIdLookup":false,"isNullable":true,"isUnique":false,"isCreateable":false,"isUpdateable":true,"isFilterable":true,"isCalculated":false,"javaType":"java.lang.Boolean","showLabel":true,"naturalOrder":118,"linkedFields":[],"relatedInfos":[],"references":[]}},{"@type":"fieldMap","id":"957557","targetField":{"@type":"field","id":2355401,"name":"custom_Email_Address_for_Payment_Notification","type":"string","uniqueName":"custom_Email_Address_for_Payment_Notification","label":"custom_Email_Address_for_Payment_Notification","parentObject":"Vendor","pcType":"NSTRING","precision":256,"scale":0,"columnIndex":-1,"isKey":false,"isExternalId":false,"isSfIdLookup":false,"isNullable":true,"isUnique":false,"isCreateable":false,"isUpdateable":true,"isFilterable":true,"isCalculated":false,"javaType":"java.lang.String","showLabel":true,"naturalOrder":119,"linkedFields":[],"relatedInfos":[],"references":[]}},{"@type":"fieldMap","id":"957558","targetField":{"@type":"field","id":2355402,"name":"custom_Payee_Email","type":"string","uniqueName":"custom_Payee_Email","label":"custom_Payee_Email","parentObject":"Vendor","pcType":"NSTRING","precision":256,"scale":0,"columnIndex":-1,"isKey":false,"isExternalId":false,"isSfIdLookup":false,"isNullable":true,"isUnique":false,"isCreateable":false,"isUpdateable":true,"isFilterable":true,"isCalculated":false,"javaType":"java.lang.String","showLabel":true,"naturalOrder":120,"linkedFields":[],"relatedInfos":[],"references":[]}},{"@type":"fieldMap","id":"957559","targetField":{"@type":"field","id":2355403,"name":"custom_ACH_Enabled","type":"check_box","uniqueName":"custom_ACH_Enabled","label":"custom_ACH_Enabled","parentObject":"Vendor","pcType":"SMALL_INTEGER","precision":10,"scale":0,"columnIndex":-1,"isKey":false,"isExternalId":false,"isSfIdLookup":false,"isNullable":true,"isUnique":false,"isCreateable":false,"isUpdateable":true,"isFilterable":true,"isCalculated":false,"javaType":"java.lang.Boolean","showLabel":true,"naturalOrder":121,"linkedFields":[],"relatedInfos":[],"references":[]}},{"@type":"fieldMap","id":"957560","targetField":{"@type":"field","id":2355404,"name":"custom_PayPal_Email","type":"string","uniqueName":"custom_PayPal_Email","label":"custom_PayPal_Email","parentObject":"Vendor","pcType":"NSTRING","precision":256,"scale":0,"columnIndex":-1,"isKey":false,"isExternalId":false,"isSfIdLookup":false,"isNullable":true,"isUnique":false,"isCreateable":false,"isUpdateable":true,"isFilterable":true,"isCalculated":false,"javaType":"java.lang.String","showLabel":true,"naturalOrder":122,"linkedFields":[],"relatedInfos":[],"references":[]}},{"@type":"fieldMap","id":"957561","targetField":{"@type":"field","id":2355405,"name":"custom_PayPal_Enabled","type":"check_box","uniqueName":"custom_PayPal_Enabled","label":"custom_PayPal_Enabled","parentObject":"Vendor","pcType":"SMALL_INTEGER","precision":10,"scale":0,"columnIndex":-1,"isKey":false,"isExternalId":false,"isSfIdLookup":false,"isNullable":true,"isUnique":false,"isCreateable":false,"isUpdateable":true,"isFilterable":true,"isCalculated":false,"javaType":"java.lang.Boolean","showLabel":true,"naturalOrder":123,"linkedFields":[],"relatedInfos":[],"references":[]}},{"@type":"fieldMap","id":"957562","targetField":{"@type":"field","id":2355406,"name":"custom_Exclude_From_Piracle_Pay","type":"check_box","uniqueName":"custom_Exclude_From_Piracle_Pay","label":"custom_Exclude_From_Piracle_Pay","parentObject":"Vendor","pcType":"SMALL_INTEGER","precision":10,"scale":0,"columnIndex":-1,"isKey":false,"isExternalId":false,"isSfIdLookup":false,"isNullable":true,"isUnique":false,"isCreateable":false,"isUpdateable":true,"isFilterable":true,"isCalculated":false,"javaType":"java.lang.Boolean","showLabel":true,"naturalOrder":124,"linkedFields":[],"relatedInfos":[],"references":[]}},{"@type":"fieldMap","id":"957563","targetField":{"@type":"field","id":2355407,"name":"custom_Piracle_Pay_Num_Withdrawal_ACH_Accounts","type":"integer_number","uniqueName":"custom_Piracle_Pay_Num_Withdrawal_ACH_Accounts","label":"custom_Piracle_Pay_Num_Withdrawal_ACH_Accounts","parentObject":"Vendor","pcType":"INTEGER","precision":10,"scale":0,"columnIndex":-1,"isKey":false,"isExternalId":false,"isSfIdLookup":false,"isNullable":true,"isUnique":false,"isCreateable":false,"isUpdateable":true,"isFilterable":true,"isCalculated":false,"javaType":"java.lang.Integer","showLabel":true,"naturalOrder":125,"linkedFields":[],"relatedInfos":[],"references":[]}},{"@type":"fieldMap","id":"957564","targetField":{"@type":"field","id":2355408,"name":"custom_Enable_For_AvidPay_Network","type":"check_box","uniqueName":"custom_Enable_For_AvidPay_Network","label":"custom_Enable_For_AvidPay_Network","parentObject":"Vendor","pcType":"SMALL_INTEGER","precision":10,"scale":0,"columnIndex":-1,"isKey":false,"isExternalId":false,"isSfIdLookup":false,"isNullable":true,"isUnique":false,"isCreateable":false,"isUpdateable":true,"isFilterable":true,"isCalculated":false,"javaType":"java.lang.Boolean","showLabel":true,"naturalOrder":126,"linkedFields":[],"relatedInfos":[],"references":[]}},{"@type":"fieldMap","id":"957565","targetField":{"@type":"field","id":2355409,"name":"custom_Tax_Contact_Last_Name","type":"string","uniqueName":"custom_Tax_Contact_Last_Name","label":"custom_Tax_Contact_Last_Name","parentObject":"Vendor","pcType":"NSTRING","precision":256,"scale":0,"columnIndex":-1,"isKey":false,"isExternalId":false,"isSfIdLookup":false,"isNullable":true,"isUnique":false,"isCreateable":false,"isUpdateable":true,"isFilterable":false,"isCalculated":false,"javaType":"java.lang.String","showLabel":true,"naturalOrder":127,"linkedFields":[],"relatedInfos":[],"references":[]}},{"@type":"fieldMap","id":"957566","targetField":{"@type":"field","id":2355410,"name":"custom_Tax_Contact_First_Name","type":"string","uniqueName":"custom_Tax_Contact_First_Name","label":"custom_Tax_Contact_First_Name","parentObject":"Vendor","pcType":"NSTRING","precision":256,"scale":0,"columnIndex":-1,"isKey":false,"isExternalId":false,"isSfIdLookup":false,"isNullable":true,"isUnique":false,"isCreateable":false,"isUpdateable":true,"isFilterable":false,"isCalculated":false,"javaType":"java.lang.String","showLabel":true,"naturalOrder":128,"linkedFields":[],"relatedInfos":[],"references":[]}},{"@type":"fieldMap","id":"957567","targetField":{"@type":"field","id":2355411,"name":"custom_Tax_Contact_Middle_Name","type":"string","uniqueName":"custom_Tax_Contact_Middle_Name","label":"custom_Tax_Contact_Middle_Name","parentObject":"Vendor","pcType":"NSTRING","precision":256,"scale":0,"columnIndex":-1,"isKey":false,"isExternalId":false,"isSfIdLookup":false,"isNullable":true,"isUnique":false,"isCreateable":false,"isUpdateable":true,"isFilterable":false,"isCalculated":false,"javaType":"java.lang.String","showLabel":true,"naturalOrder":129,"linkedFields":[],"relatedInfos":[],"references":[]}},{"@type":"fieldMap","id":"957568","targetField":{"@type":"field","id":2355412,"name":"custom_Tax_Contact_InternalId","type":"string","uniqueName":"custom_Tax_Contact_InternalId","label":"custom_Tax_Contact_InternalId","parentObject":"Vendor","pcType":"NSTRING","precision":256,"scale":0,"columnIndex":-1,"isKey":false,"isExternalId":false,"isSfIdLookup":false,"isNullable":true,"isUnique":false,"isCreateable":false,"isUpdateable":true,"isFilterable":false,"isCalculated":false,"javaType":"java.lang.String","showLabel":true,"naturalOrder":130,"linkedFields":[],"relatedInfos":[],"references":[]}},{"@type":"fieldMap","id":"957569","targetField":{"@type":"field","id":2355413,"name":"custom_Tax_Contact_ExternalId","type":"string","uniqueName":"custom_Tax_Contact_ExternalId","label":"custom_Tax_Contact_ExternalId","parentObject":"Vendor","pcType":"NSTRING","precision":256,"scale":0,"columnIndex":-1,"isKey":false,"isExternalId":false,"isSfIdLookup":false,"isNullable":true,"isUnique":false,"isCreateable":false,"isUpdateable":true,"isFilterable":false,"isCalculated":false,"javaType":"java.lang.String","showLabel":true,"naturalOrder":131,"linkedFields":[],"relatedInfos":[],"references":[]}},{"@type":"fieldMap","id":"957570","targetField":{"@type":"field","id":2355414,"name":"custom_Tax_Contact_TypeId","type":"string","uniqueName":"custom_Tax_Contact_TypeId","label":"custom_Tax_Contact_TypeId","parentObject":"Vendor","pcType":"NSTRING","precision":256,"scale":0,"columnIndex":-1,"isKey":false,"isExternalId":false,"isSfIdLookup":false,"isNullable":true,"isUnique":false,"isCreateable":false,"isUpdateable":true,"isFilterable":false,"isCalculated":false,"javaType":"java.lang.String","showLabel":true,"naturalOrder":132,"linkedFields":[],"relatedInfos":[],"references":[]}},{"@type":"fieldMap","id":"957571","targetField":{"@type":"field","id":2355415,"name":"custom_Tax_Contact_Name","type":"string","uniqueName":"custom_Tax_Contact_Name","label":"custom_Tax_Contact_Name","parentObject":"Vendor","pcType":"NSTRING","precision":256,"scale":0,"columnIndex":-1,"isKey":false,"isExternalId":false,"isSfIdLookup":false,"isNullable":true,"isUnique":false,"isCreateable":false,"isUpdateable":true,"isFilterable":false,"isCalculated":false,"javaType":"java.lang.String","showLabel":true,"naturalOrder":133,"linkedFields":[],"relatedInfos":[],"references":[]}},{"@type":"fieldMap","id":"957572","targetField":{"@type":"field","id":2355416,"name":"custom_SFDC_Id","type":"string","uniqueName":"custom_SFDC_Id","label":"custom_SFDC_Id","parentObject":"Vendor","pcType":"NSTRING","precision":256,"scale":0,"columnIndex":-1,"isKey":false,"isExternalId":false,"isSfIdLookup":false,"isNullable":true,"isUnique":false,"isCreateable":false,"isUpdateable":true,"isFilterable":true,"isCalculated":false,"javaType":"java.lang.String","showLabel":true,"naturalOrder":134,"linkedFields":[],"relatedInfos":[],"references":[]}},{"@type":"fieldMap","id":"957573","targetField":{"@type":"field","id":2355417,"name":"custom_SFDC_Lock_Record","type":"check_box","uniqueName":"custom_SFDC_Lock_Record","label":"custom_SFDC_Lock_Record","parentObject":"Vendor","pcType":"SMALL_INTEGER","precision":10,"scale":0,"columnIndex":-1,"isKey":false,"isExternalId":false,"isSfIdLookup":false,"isNullable":true,"isUnique":false,"isCreateable":false,"isUpdateable":true,"isFilterable":true,"isCalculated":false,"javaType":"java.lang.Boolean","showLabel":true,"naturalOrder":135,"linkedFields":[],"relatedInfos":[],"references":[]}},{"@type":"fieldMap","id":"957574","targetField":{"@type":"field","id":2355418,"name":"custom_Minority_Classication_InternalId","type":"string","uniqueName":"custom_Minority_Classication_InternalId","label":"custom_Minority_Classication_InternalId","parentObject":"Vendor","pcType":"NSTRING","precision":256,"scale":0,"columnIndex":-1,"isKey":false,"isExternalId":false,"isSfIdLookup":false,"isNullable":true,"isUnique":false,"isCreateable":false,"isUpdateable":true,"isFilterable":false,"isCalculated":false,"javaType":"java.lang.String","showLabel":true,"naturalOrder":136,"linkedFields":[],"relatedInfos":[],"references":[]}},{"@type":"fieldMap","id":"957575","targetField":{"@type":"field","id":2355419,"name":"custom_Minority_Classication_ExternalId","type":"string","uniqueName":"custom_Minority_Classication_ExternalId","label":"custom_Minority_Classication_ExternalId","parentObject":"Vendor","pcType":"NSTRING","precision":256,"scale":0,"columnIndex":-1,"isKey":false,"isExternalId":false,"isSfIdLookup":false,"isNullable":true,"isUnique":false,"isCreateable":false,"isUpdateable":true,"isFilterable":false,"isCalculated":false,"javaType":"java.lang.String","showLabel":true,"naturalOrder":137,"linkedFields":[],"relatedInfos":[],"references":[]}},{"@type":"fieldMap","id":"957576","targetField":{"@type":"field","id":2355420,"name":"custom_Minority_Classication_TypeId","type":"string","uniqueName":"custom_Minority_Classication_TypeId","label":"custom_Minority_Classication_TypeId","parentObject":"Vendor","pcType":"NSTRING","precision":256,"scale":0,"columnIndex":-1,"isKey":false,"isExternalId":false,"isSfIdLookup":false,"isNullable":true,"isUnique":false,"isCreateable":false,"isUpdateable":true,"isFilterable":false,"isCalculated":false,"javaType":"java.lang.String","showLabel":true,"naturalOrder":138,"linkedFields":[],"relatedInfos":[],"references":[]}},{"@type":"fieldMap","id":"957577","targetField":{"@type":"field","id":2355421,"name":"custom_Minority_Classication_Name","type":"string","uniqueName":"custom_Minority_Classication_Name","label":"custom_Minority_Classication_Name","parentObject":"Vendor","pcType":"NSTRING","precision":256,"scale":0,"columnIndex":-1,"isKey":false,"isExternalId":false,"isSfIdLookup":false,"isNullable":true,"isUnique":false,"isCreateable":false,"isUpdateable":true,"isFilterable":false,"isCalculated":false,"javaType":"java.lang.String","showLabel":true,"naturalOrder":139,"linkedFields":[],"relatedInfos":[],"references":[]}}],"sourceFields":[{"@type":"field","id":2355422,"name":"externalId_CoupaId","type":"nstring","uniqueName":"externalId_CoupaId","label":"externalId_CoupaId","parentObject":"FF_Suppliers_FromNetSuite_temp.csv","pcType":"UNISTRING","precision":256,"scale":0,"columnIndex":0,"isKey":false,"isExternalId":false,"isSfIdLookup":false,"isNullable":true,"isUnique":false,"isCreateable":false,"isUpdateable":true,"isFilterable":true,"isCalculated":false,"showLabel":false,"naturalOrder":0,"linkedFields":["externalId"],"relatedInfos":[],"references":[]},{"@type":"field","id":2355423,"name":"NS_InternalId","type":"nstring","uniqueName":"NS_InternalId","label":"NS_InternalId","parentObject":"FF_Suppliers_FromNetSuite_temp.csv","pcType":"UNISTRING","precision":256,"scale":0,"columnIndex":1,"isKey":false,"isExternalId":false,"isSfIdLookup":false,"isNullable":true,"isUnique":false,"isCreateable":false,"isUpdateable":true,"isFilterable":true,"isCalculated":false,"showLabel":false,"naturalOrder":0,"linkedFields":["internalId"],"relatedInfos":[],"references":[]},{"@type":"field","id":2355424,"name":"NS_AlreadyUpdated_WithCoupaId","type":"nstring","uniqueName":"NS_AlreadyUpdated_WithCoupaId","label":"NS_AlreadyUpdated_WithCoupaId","parentObject":"FF_Suppliers_FromNetSuite_temp.csv","pcType":"UNISTRING","precision":255,"scale":0,"columnIndex":2,"isKey":false,"isExternalId":false,"isSfIdLookup":false,"isNullable":true,"isUnique":false,"isCreateable":false,"isUpdateable":true,"isFilterable":true,"isCalculated":false,"showLabel":false,"naturalOrder":0,"linkedFields":[],"relatedInfos":[],"references":[]}],"sortFields":[],"groupFields":[]}]