[{"@type":"mappingTemplate","id":"@1","name":"m_Employee_Netsuite_To_File_ForLookup","description":"","bundleVersion":"0","templateId":"@3","deployTime":1549346622000,"hasParameters":false,"valid":true,"fixedConnection":true,"hasParametersDeployed":false,"fixedConnectionDeployed":true,"tasks":1,"mappingPreviewFileRecordId":"@2","references":[{"@type":"reference","refObjectId":"@b3U4nPCAkmZgKaHvUiQ8w2","refType":"connection"},{"@type":"reference","refObjectId":"@8Qp1Vvtik7ejRmnNM3lSiT","refType":"connection"}]}]