[{"@type":"mtTask","id":"@1","name":"mct_Snowflake_ORDEROPS_OPPTYPE","description":"","runtimeEnvironmentId":"@3qLOIwmEi8HlSgV9ggzWkn","maxLogs":10,"verbose":false,"lastRunTime":1570205759000,"mappingId":"@bswAoOU4o67dkkNhfco0I6","shortDescription":"","sessionProperties":{"Default buffer block size":"3MB"},"enableCrossSchemaPushdown":false,"parameters":[{"@type":"mtTaskParameter","id":52110644,"name":"$src_Snowflake_V_JM_ORDEROPS_OPPTYPE$","type":"EXTENDED_SOURCE","label":"src_Snowflake_V_JM_ORDEROPS_OPPTYPE","uiProperties":{"connectionParameterized":"false","isMsrcFilterParameterized":"false","isMsrcSortParameterized":"false","objectParameterized":"false","visible":"false"},"sourceConnectionId":"@ki7uh3zsE6ObJYKPcVCLyY","newFlatFile":false,"newObject":false,"showBusinessNames":false,"naturalOrder":true,"truncateTarget":false,"bulkApiDBTarget":false,"customFuncCfg":{"@type":"customFuncConfig","id":-1,"connections":[],"inputMap":[],"outputFields":[]},"tgtFieldRefs":{},"targetUpdateColumns":[],"extendedObject":{"@type":"extendedObject","object":{"@type":"mObject","name":"V_JM_ORDEROPS_OPPTYPE","label":"V_JM_ORDEROPS_OPPTYPE","metadataUpdated":false,"relations":[],"children":[]},"filters":[],"sortFields":[]},"runtimeAttrs":{},"isRESTModernSource":true,"isFileList":false,"handleSpecialChars":false,"frsAsset":false,"tgtObjectAttributes":{},"runtimeParameterData":{"@type":"mtTaskRuntimeParameterData","isConnectionRuntimeParameter":false,"isObjectRuntimeParameter":false},"overriddenFields":[]},{"@type":"mtTaskParameter","id":52110645,"name":"$tgt_Snowflake_A_JM_ORDEROPS_OPPTYPE$","type":"TARGET","label":"tgt_Snowflake_A_JM_ORDEROPS_OPPTYPE","uiProperties":{"connectionParameterized":"false","objectParameterized":"false","visible":"false","defaultTargetUpdateColumns":""},"targetConnectionId":"@ki7uh3zsE6ObJYKPcVCLyY","targetObject":"A_JM_ORDEROPS_OPPTYPE","targetObjectLabel":"A_JM_ORDEROPS_OPPTYPE","newFlatFile":false,"newObject":false,"showBusinessNames":false,"naturalOrder":true,"truncateTarget":false,"bulkApiDBTarget":false,"operationType":"Insert","customFuncCfg":{"@type":"customFuncConfig","id":-1,"connections":[],"inputMap":[],"outputFields":[]},"tgtFieldRefs":{},"targetUpdateColumns":[],"extendedObject":{"@type":"extendedObject","filters":[],"sortFields":[]},"runtimeAttrs":{},"isRESTModernSource":true,"isFileList":false,"handleSpecialChars":false,"frsAsset":false,"tgtObjectAttributes":{},"runtimeParameterData":{"@type":"mtTaskRuntimeParameterData","isConnectionRuntimeParameter":false,"isObjectRuntimeParameter":false},"overriddenFields":[]}],"sequences":[],"inOutParameters":[],"connRuntimeAttrs":[]}]