[{"@type":"mappingTemplate","id":"@1","name":"m_RevProFile_To_Netsuite_JournalEntries_LoadSuccess_IntegrationQueue","description":"","bundleVersion":"0","templateId":"@3","deployTime":1559330623000,"hasParameters":false,"valid":true,"fixedConnection":true,"hasParametersDeployed":false,"fixedConnectionDeployed":true,"tasks":1,"mappingPreviewFileRecordId":"@2","references":[{"@type":"reference","refObjectId":"@2CjV79tAT4nicr3VedQp4y","refType":"connection"},{"@type":"reference","refObjectId":"@4erizmNGOtfeJkKGh04Dag","refType":"connection"}]}]