[{"@type":"dssTask","id":"@1","name":"DSS_Suppliers_09_PUT_File_To_XMLClean","description":"","maxLogs":10,"sourceConnectionId":"@6ey2Cmo3PaHcsThnJ0TYui","targetConnectionId":"@l06Hsixkxyejt60pQV3d6M","targetObject":"suppliers_supplier","targetObjectLabel":"","targetChildObjectLabel":"","operation":"Insert","maxRows":0,"truncateTarget":false,"bulkApiDBTarget":false,"verbose":false,"srcFlatFileAttrs":{"@type":"flatFileAttrs","id":44327,"delimiter":",","textQualifier":"\"","escapeChar":"","headerLineNo":1,"firstDataRow":2},"targetMetadataUpdated":false,"modelVersion":"V3-R600","queryAll":false,"srcSettings":{"@type":"taskDataSourceSetting","isShowLabels":false,"isNaturalOrder":true},"tgtSettings":{"@type":"taskDataSourceSetting","isShowLabels":true,"isNaturalOrder":true},"cfSettings":{"@type":"taskDataSourceSetting","isShowLabels":false,"isNaturalOrder":true},"bulkApi":false,"bulkApiSerialMode":false,"bulkApiMonitor":false,"isTargetObjectSfCustom":false,"allowNullUpdates":false,"targetBatchSize":200,"assignmentRuleId":"-1","assignmentRuleType":"None","createSuccessFile":false,"bulkApiHardDelete":false,"srcRuntimeAttrs":{"@type":"taskRuntimeAttrs","attrs":{}},"tgtRuntimeAttrs":{"@type":"taskRuntimeAttrs","attrs":{"Error File Directory":"","Success File Directory":""}},"sourceObjects":[{"@type":"mObject","name":"FF_Suppliers_FromNetSuite.csv","label":"FF_Suppliers_FromNetSuite.csv","metadataUpdated":false,"relations":[],"children":[]}],"advancedFilters":[{"@type":"advancedFilter","id":"4499","objectName":"FF_Suppliers_FromNetSuite.csv","objectLabel":"FF_Suppliers_FromNetSuite.csv","expression":"NOT isnull(ltrim(rtrim(externalId_CoupaId)))"}],"filters":[],"fieldMaps":[{"@type":"fieldMap","id":"956294","targetField":{"@type":"field","id":2353383,"name":"status","type":"string","uniqueName":"status","label":"status","parentObject":"suppliers_supplier","pcType":"NSTRING","precision":2500,"scale":0,"columnIndex":-1,"isKey":false,"isExternalId":false,"isSfIdLookup":false,"isNullable":true,"isUnique":false,"isCreateable":false,"isUpdateable":true,"isFilterable":false,"isCalculated":false,"javaType":"java.lang.String","showLabel":true,"naturalOrder":0,"linkedFields":[],"relatedInfos":[],"references":[]}},{"@type":"fieldMap","id":"6217950","targetField":{"@type":"field","id":19004457,"name":"primary_address_vat-country_code","type":"string","uniqueName":"primary_address_vat_country_code","label":"primary_address_vat-country_code","parentObject":"suppliers_supplier","pcType":"NSTRING","precision":2500,"scale":0,"columnIndex":-1,"isKey":false,"isExternalId":false,"isSfIdLookup":false,"isNullable":true,"isUnique":false,"isCreateable":false,"isUpdateable":true,"isFilterable":false,"isCalculated":false,"javaType":"java.lang.String","showLabel":true,"naturalOrder":1,"linkedFields":[],"relatedInfos":[],"references":[]}},{"@type":"fieldMap","id":"956311","targetField":{"@type":"field","id":2353400,"name":"primary-contact_email","type":"string","uniqueName":"primary_contact_email","label":"primary-contact_email","parentObject":"suppliers_supplier","pcType":"NSTRING","precision":2500,"scale":0,"columnIndex":-1,"isKey":false,"isExternalId":false,"isSfIdLookup":false,"isNullable":true,"isUnique":false,"isCreateable":false,"isUpdateable":true,"isFilterable":false,"isCalculated":false,"javaType":"java.lang.String","showLabel":true,"naturalOrder":2,"linkedFields":[],"relatedInfos":[],"references":[]}},{"@type":"fieldMap","id":"956304","targetField":{"@type":"field","id":2353393,"name":"name","type":"string","uniqueName":"name","label":"name","parentObject":"suppliers_supplier","pcType":"NSTRING","precision":2500,"scale":0,"columnIndex":-1,"isKey":false,"isExternalId":false,"isSfIdLookup":false,"isNullable":true,"isUnique":false,"isCreateable":false,"isUpdateable":true,"isFilterable":false,"isCalculated":false,"javaType":"java.lang.String","showLabel":true,"naturalOrder":3,"linkedFields":[],"relatedInfos":[],"references":[]}},{"@type":"fieldMap","id":"956291","targetField":{"@type":"field","id":2353380,"name":"primary_address_postal_code","type":"string","uniqueName":"primary_address_postal_code","label":"primary_address_postal_code","parentObject":"suppliers_supplier","pcType":"NSTRING","precision":2500,"scale":0,"columnIndex":-1,"isKey":false,"isExternalId":false,"isSfIdLookup":false,"isNullable":true,"isUnique":false,"isCreateable":false,"isUpdateable":true,"isFilterable":false,"isCalculated":false,"javaType":"java.lang.String","showLabel":true,"naturalOrder":4,"linkedFields":[],"relatedInfos":[],"references":[]}},{"@type":"fieldMap","id":"956292","targetField":{"@type":"field","id":2353381,"name":"primary-contact_phone-work","type":"string","uniqueName":"primary_contact_phone_work","label":"primary-contact_phone-work","parentObject":"suppliers_supplier","pcType":"NSTRING","precision":2500,"scale":0,"columnIndex":-1,"isKey":false,"isExternalId":false,"isSfIdLookup":false,"isNullable":true,"isUnique":false,"isCreateable":false,"isUpdateable":true,"isFilterable":false,"isCalculated":false,"javaType":"java.lang.String","showLabel":true,"naturalOrder":5,"linkedFields":[],"relatedInfos":[],"references":[]}},{"@type":"fieldMap","id":"956307","targetField":{"@type":"field","id":2353396,"name":"primary_address_city","type":"string","uniqueName":"primary_address_city","label":"primary_address_city","parentObject":"suppliers_supplier","pcType":"NSTRING","precision":2500,"scale":0,"columnIndex":-1,"isKey":false,"isExternalId":false,"isSfIdLookup":false,"isNullable":true,"isUnique":false,"isCreateable":false,"isUpdateable":true,"isFilterable":false,"isCalculated":false,"javaType":"java.lang.String","showLabel":true,"naturalOrder":6,"linkedFields":[],"relatedInfos":[],"references":[]}},{"@type":"fieldMap","id":"956302","targetField":{"@type":"field","id":2353391,"name":"diversity-supplier-information","type":"string","uniqueName":"diversity_supplier_information","label":"diversity-supplier-information","parentObject":"suppliers_supplier","pcType":"NSTRING","precision":2500,"scale":0,"columnIndex":-1,"isKey":false,"isExternalId":false,"isSfIdLookup":false,"isNullable":true,"isUnique":false,"isCreateable":false,"isUpdateable":true,"isFilterable":false,"isCalculated":false,"javaType":"java.lang.String","showLabel":true,"naturalOrder":7,"linkedFields":[],"relatedInfos":[],"references":[]}},{"@type":"fieldMap","id":"6222104","targetField":{"@type":"field","id":19029166,"name":"custom-fields_netsuite-enabled-currencies","type":"string","uniqueName":"custom_fields_netsuite_enabled_currencies","label":"custom-fields_netsuite-enabled-currencies","parentObject":"suppliers_supplier","pcType":"NSTRING","precision":2500,"scale":0,"columnIndex":-1,"isKey":false,"isExternalId":false,"isSfIdLookup":false,"isNullable":true,"isUnique":false,"isCreateable":false,"isUpdateable":true,"isFilterable":false,"isCalculated":false,"javaType":"java.lang.String","showLabel":true,"naturalOrder":8,"linkedFields":[],"relatedInfos":[],"references":[]}},{"@type":"fieldMap","id":"6427048","targetField":{"@type":"field","id":19736647,"name":"display-name","type":"string","uniqueName":"display_name","label":"display-name","parentObject":"suppliers_supplier","pcType":"NSTRING","precision":2500,"scale":0,"columnIndex":-1,"isKey":false,"isExternalId":false,"isSfIdLookup":false,"isNullable":true,"isUnique":false,"isCreateable":false,"isUpdateable":true,"isFilterable":false,"isCalculated":false,"javaType":"java.lang.String","showLabel":true,"naturalOrder":9,"linkedFields":[],"relatedInfos":[],"references":[]}},{"@type":"fieldMap","id":"6217951","targetField":{"@type":"field","id":19004458,"name":"primary_address_vat-number","type":"string","uniqueName":"primary_address_vat_number","label":"primary_address_vat-number","parentObject":"suppliers_supplier","pcType":"NSTRING","precision":2500,"scale":0,"columnIndex":-1,"isKey":false,"isExternalId":false,"isSfIdLookup":false,"isNullable":true,"isUnique":false,"isCreateable":false,"isUpdateable":true,"isFilterable":false,"isCalculated":false,"javaType":"java.lang.String","showLabel":true,"naturalOrder":10,"linkedFields":[],"relatedInfos":[],"references":[]}},{"@type":"fieldMap","id":"956308","targetField":{"@type":"field","id":2353397,"name":"number","type":"string","uniqueName":"number","label":"number","parentObject":"suppliers_supplier","pcType":"NSTRING","precision":2500,"scale":0,"columnIndex":-1,"isKey":false,"isExternalId":false,"isSfIdLookup":false,"isNullable":true,"isUnique":false,"isCreateable":false,"isUpdateable":true,"isFilterable":false,"isCalculated":false,"javaType":"java.lang.String","showLabel":true,"naturalOrder":11,"linkedFields":[],"relatedInfos":[],"references":[]}},{"@type":"fieldMap","id":"956300","targetField":{"@type":"field","id":2353389,"name":"tax-id","type":"string","uniqueName":"tax_id","label":"tax-id","parentObject":"suppliers_supplier","pcType":"NSTRING","precision":2500,"scale":0,"columnIndex":-1,"isKey":false,"isExternalId":false,"isSfIdLookup":false,"isNullable":true,"isUnique":false,"isCreateable":false,"isUpdateable":true,"isFilterable":false,"isCalculated":false,"javaType":"java.lang.String","showLabel":true,"naturalOrder":12,"linkedFields":[],"relatedInfos":[],"references":[]}},{"@type":"fieldMap","id":"6217952","targetField":{"@type":"field","id":19004459,"name":"content-groups_content-group_name","type":"string","uniqueName":"content_groups_content_group_name","label":"content-groups_content-group_name","parentObject":"suppliers_supplier","pcType":"NSTRING","precision":2500,"scale":0,"columnIndex":-1,"isKey":false,"isExternalId":false,"isSfIdLookup":false,"isNullable":true,"isUnique":false,"isCreateable":false,"isUpdateable":true,"isFilterable":false,"isCalculated":false,"javaType":"java.lang.String","showLabel":true,"naturalOrder":13,"linkedFields":[],"relatedInfos":[],"references":[]}},{"@type":"fieldMap","id":"956312","targetField":{"@type":"field","id":2353401,"name":"primary_address_country_code","type":"string","uniqueName":"primary_address_country_code","label":"primary_address_country_code","parentObject":"suppliers_supplier","pcType":"NSTRING","precision":2500,"scale":0,"columnIndex":-1,"isKey":false,"isExternalId":false,"isSfIdLookup":false,"isNullable":true,"isUnique":false,"isCreateable":false,"isUpdateable":true,"isFilterable":false,"isCalculated":false,"javaType":"java.lang.String","showLabel":true,"naturalOrder":14,"linkedFields":[],"relatedInfos":[],"references":[]}},{"@type":"fieldMap","id":"956305","targetField":{"@type":"field","id":2353394,"name":"primary_address_state","type":"string","uniqueName":"primary_address_state","label":"primary_address_state","parentObject":"suppliers_supplier","pcType":"NSTRING","precision":2500,"scale":0,"columnIndex":-1,"isKey":false,"isExternalId":false,"isSfIdLookup":false,"isNullable":true,"isUnique":false,"isCreateable":false,"isUpdateable":true,"isFilterable":false,"isCalculated":false,"javaType":"java.lang.String","showLabel":true,"naturalOrder":15,"linkedFields":[],"relatedInfos":[],"references":[]}},{"@type":"fieldMap","id":"956301","targetField":{"@type":"field","id":2353390,"name":"po-email","type":"string","uniqueName":"po_email","label":"po-email","parentObject":"suppliers_supplier","pcType":"NSTRING","precision":2500,"scale":0,"columnIndex":-1,"isKey":false,"isExternalId":false,"isSfIdLookup":false,"isNullable":true,"isUnique":false,"isCreateable":false,"isUpdateable":true,"isFilterable":false,"isCalculated":false,"javaType":"java.lang.String","showLabel":true,"naturalOrder":16,"linkedFields":[],"relatedInfos":[],"references":[]}},{"@type":"fieldMap","id":"956297","targetField":{"@type":"field","id":2353386,"name":"invoice-matching-level","type":"string","uniqueName":"invoice_matching_level","label":"invoice-matching-level","parentObject":"suppliers_supplier","pcType":"NSTRING","precision":2500,"scale":0,"columnIndex":-1,"isKey":false,"isExternalId":false,"isSfIdLookup":false,"isNullable":true,"isUnique":false,"isCreateable":false,"isUpdateable":true,"isFilterable":false,"isCalculated":false,"javaType":"java.lang.String","showLabel":true,"naturalOrder":17,"linkedFields":[],"relatedInfos":[],"references":[]}},{"@type":"fieldMap","id":"956303","targetField":{"@type":"field","id":2353392,"name":"po-method","type":"string","uniqueName":"po_method","label":"po-method","parentObject":"suppliers_supplier","pcType":"NSTRING","precision":2500,"scale":0,"columnIndex":-1,"isKey":false,"isExternalId":false,"isSfIdLookup":false,"isNullable":true,"isUnique":false,"isCreateable":false,"isUpdateable":true,"isFilterable":false,"isCalculated":false,"javaType":"java.lang.String","showLabel":true,"naturalOrder":18,"linkedFields":[],"relatedInfos":[],"references":[]}},{"@type":"fieldMap","id":"956293","targetField":{"@type":"field","id":2353382,"name":"primary-contact_name-given","type":"string","uniqueName":"primary_contact_name_given","label":"primary-contact_name-given","parentObject":"suppliers_supplier","pcType":"NSTRING","precision":2500,"scale":0,"columnIndex":-1,"isKey":false,"isExternalId":false,"isSfIdLookup":false,"isNullable":true,"isUnique":false,"isCreateable":false,"isUpdateable":true,"isFilterable":false,"isCalculated":false,"javaType":"java.lang.String","showLabel":true,"naturalOrder":19,"linkedFields":[],"relatedInfos":[],"references":[]}},{"@type":"fieldMap","id":"956299","targetField":{"@type":"field","id":2353388,"name":"id","type":"string","uniqueName":"id","label":"id","parentObject":"suppliers_supplier","pcType":"NSTRING","precision":2500,"scale":0,"columnIndex":-1,"isKey":false,"isExternalId":false,"isSfIdLookup":false,"isNullable":true,"isUnique":false,"isCreateable":false,"isUpdateable":true,"isFilterable":false,"isCalculated":false,"javaType":"java.lang.String","showLabel":true,"naturalOrder":20,"linkedFields":[],"relatedInfos":[],"references":[]}},{"@type":"fieldMap","id":"956306","targetField":{"@type":"field","id":2353395,"name":"primary-contact_name-family","type":"string","uniqueName":"primary_contact_name_family","label":"primary-contact_name-family","parentObject":"suppliers_supplier","pcType":"NSTRING","precision":2500,"scale":0,"columnIndex":-1,"isKey":false,"isExternalId":false,"isSfIdLookup":false,"isNullable":true,"isUnique":false,"isCreateable":false,"isUpdateable":true,"isFilterable":false,"isCalculated":false,"javaType":"java.lang.String","showLabel":true,"naturalOrder":21,"linkedFields":[],"relatedInfos":[],"references":[]}},{"@type":"fieldMap","id":"956298","targetField":{"@type":"field","id":2353387,"name":"payment-term_code","type":"string","uniqueName":"payment_term_code","label":"payment-term_code","parentObject":"suppliers_supplier","pcType":"NSTRING","precision":2500,"scale":0,"columnIndex":-1,"isKey":false,"isExternalId":false,"isSfIdLookup":false,"isNullable":true,"isUnique":false,"isCreateable":false,"isUpdateable":true,"isFilterable":false,"isCalculated":false,"javaType":"java.lang.String","showLabel":true,"naturalOrder":22,"linkedFields":[],"relatedInfos":[],"references":[]}},{"@type":"fieldMap","id":"956309","targetField":{"@type":"field","id":2353398,"name":"primary-contact_phone-mobile","type":"string","uniqueName":"primary_contact_phone_mobile","label":"primary-contact_phone-mobile","parentObject":"suppliers_supplier","pcType":"NSTRING","precision":2500,"scale":0,"columnIndex":-1,"isKey":false,"isExternalId":false,"isSfIdLookup":false,"isNullable":true,"isUnique":false,"isCreateable":false,"isUpdateable":true,"isFilterable":false,"isCalculated":false,"javaType":"java.lang.String","showLabel":true,"naturalOrder":23,"linkedFields":[],"relatedInfos":[],"references":[]}},{"@type":"fieldMap","id":"956296","targetField":{"@type":"field","id":2353385,"name":"primary_address_street1","type":"string","uniqueName":"primary_address_street1","label":"primary_address_street1","parentObject":"suppliers_supplier","pcType":"NSTRING","precision":2500,"scale":0,"columnIndex":-1,"isKey":false,"isExternalId":false,"isSfIdLookup":false,"isNullable":true,"isUnique":false,"isCreateable":false,"isUpdateable":true,"isFilterable":false,"isCalculated":false,"javaType":"java.lang.String","showLabel":true,"naturalOrder":24,"linkedFields":[],"relatedInfos":[],"references":[]}},{"@type":"fieldMap","id":"956310","targetField":{"@type":"field","id":2353399,"name":"primary-contact_phone-fax","type":"string","uniqueName":"primary_contact_phone_fax","label":"primary-contact_phone-fax","parentObject":"suppliers_supplier","pcType":"NSTRING","precision":2500,"scale":0,"columnIndex":-1,"isKey":false,"isExternalId":false,"isSfIdLookup":false,"isNullable":true,"isUnique":false,"isCreateable":false,"isUpdateable":true,"isFilterable":false,"isCalculated":false,"javaType":"java.lang.String","showLabel":true,"naturalOrder":25,"linkedFields":[],"relatedInfos":[],"references":[]}},{"@type":"fieldMap","id":"956295","targetField":{"@type":"field","id":2353384,"name":"primary_address_street2","type":"string","uniqueName":"primary_address_street2","label":"primary_address_street2","parentObject":"suppliers_supplier","pcType":"NSTRING","precision":2500,"scale":0,"columnIndex":-1,"isKey":false,"isExternalId":false,"isSfIdLookup":false,"isNullable":true,"isUnique":false,"isCreateable":false,"isUpdateable":true,"isFilterable":false,"isCalculated":false,"javaType":"java.lang.String","showLabel":true,"naturalOrder":26,"linkedFields":[],"relatedInfos":[],"references":[]}},{"@type":"fieldMap","id":"956313","targetField":{"@type":"field","id":2353402,"name":"XFK_suppliers","type":"string","uniqueName":"XFK_suppliers","label":"XFK_suppliers","parentObject":"suppliers_supplier","pcType":"NSTRING","precision":2500,"scale":0,"columnIndex":-1,"isKey":true,"isExternalId":false,"isSfIdLookup":false,"isNullable":true,"isUnique":false,"isCreateable":false,"isUpdateable":true,"isFilterable":false,"isCalculated":false,"javaType":"java.lang.String","showLabel":true,"naturalOrder":27,"linkedFields":["SupplierNumber"],"relatedInfos":[],"references":[]},"expression":"SupplierNumber"},{"@type":"fieldMap","id":"956314","targetField":{"@type":"field","id":2353403,"name":"XPK_supplier","type":"string","uniqueName":"XPK_supplier","label":"XPK_supplier","parentObject":"suppliers_supplier","pcType":"NSTRING","precision":2500,"scale":0,"columnIndex":-1,"isKey":true,"isExternalId":false,"isSfIdLookup":false,"isNullable":false,"isUnique":false,"isCreateable":false,"isUpdateable":true,"isFilterable":false,"isCalculated":false,"javaType":"java.lang.String","showLabel":true,"naturalOrder":28,"linkedFields":["SupplierNumber"],"relatedInfos":[],"references":[]},"expression":"SupplierNumber"},{"@type":"fieldMap","id":"956315","targetField":{"@type":"field","id":2353404,"name":"ISFINALXML","type":"string","uniqueName":"ISFINALXML","label":"ISFINALXML","parentObject":"suppliers_supplier","pcType":"NSTRING","precision":2500,"scale":0,"columnIndex":-1,"isKey":false,"isExternalId":false,"isSfIdLookup":false,"isNullable":true,"isUnique":false,"isCreateable":false,"isUpdateable":true,"isFilterable":false,"isCalculated":false,"javaType":"java.lang.String","showLabel":true,"naturalOrder":29,"linkedFields":[],"relatedInfos":[],"references":[]},"expression":"'True'"}],"sourceFields":[{"@type":"field","id":19736648,"name":"externalId_CoupaId","type":"nstring","uniqueName":"externalId_CoupaId","label":"externalId_CoupaId","parentObject":"FF_Suppliers_FromNetSuite.csv","pcType":"UNISTRING","precision":255,"scale":0,"columnIndex":0,"isKey":false,"isExternalId":false,"isSfIdLookup":false,"isNullable":true,"isUnique":false,"isCreateable":false,"isUpdateable":true,"isFilterable":true,"isCalculated":false,"showLabel":false,"naturalOrder":0,"linkedFields":[],"relatedInfos":[],"references":[]},{"@type":"field","id":19736649,"name":"NS_InternalId","type":"nstring","uniqueName":"NS_InternalId","label":"NS_InternalId","parentObject":"FF_Suppliers_FromNetSuite.csv","pcType":"UNISTRING","precision":255,"scale":0,"columnIndex":1,"isKey":false,"isExternalId":false,"isSfIdLookup":false,"isNullable":true,"isUnique":false,"isCreateable":false,"isUpdateable":true,"isFilterable":true,"isCalculated":false,"showLabel":false,"naturalOrder":0,"linkedFields":[],"relatedInfos":[],"references":[]},{"@type":"field","id":19736650,"name":"Name","type":"nstring","uniqueName":"Name","label":"Name","parentObject":"FF_Suppliers_FromNetSuite.csv","pcType":"UNISTRING","precision":255,"scale":0,"columnIndex":2,"isKey":false,"isExternalId":false,"isSfIdLookup":false,"isNullable":true,"isUnique":false,"isCreateable":false,"isUpdateable":true,"isFilterable":true,"isCalculated":false,"showLabel":false,"naturalOrder":0,"linkedFields":[],"relatedInfos":[],"references":[]},{"@type":"field","id":19736651,"name":"Status","type":"nstring","uniqueName":"Status","label":"Status","parentObject":"FF_Suppliers_FromNetSuite.csv","pcType":"UNISTRING","precision":255,"scale":0,"columnIndex":3,"isKey":false,"isExternalId":false,"isSfIdLookup":false,"isNullable":true,"isUnique":false,"isCreateable":false,"isUpdateable":true,"isFilterable":true,"isCalculated":false,"showLabel":false,"naturalOrder":0,"linkedFields":[],"relatedInfos":[],"references":[]},{"@type":"field","id":19736652,"name":"SupplierNumber","type":"nstring","uniqueName":"SupplierNumber","label":"SupplierNumber","parentObject":"FF_Suppliers_FromNetSuite.csv","pcType":"UNISTRING","precision":2500,"scale":0,"columnIndex":4,"isKey":false,"isExternalId":false,"isSfIdLookup":false,"isNullable":true,"isUnique":false,"isCreateable":false,"isUpdateable":true,"isFilterable":true,"isCalculated":false,"showLabel":false,"naturalOrder":0,"linkedFields":["XFK_suppliers","XPK_supplier"],"relatedInfos":[],"references":[]},{"@type":"field","id":19736653,"name":"Website","type":"nstring","uniqueName":"Website","label":"Website","parentObject":"FF_Suppliers_FromNetSuite.csv","pcType":"UNISTRING","precision":255,"scale":0,"columnIndex":5,"isKey":false,"isExternalId":false,"isSfIdLookup":false,"isNullable":true,"isUnique":false,"isCreateable":false,"isUpdateable":true,"isFilterable":true,"isCalculated":false,"showLabel":false,"naturalOrder":0,"linkedFields":[],"relatedInfos":[],"references":[]},{"@type":"field","id":19736654,"name":"TaxID","type":"nstring","uniqueName":"TaxID","label":"TaxID","parentObject":"FF_Suppliers_FromNetSuite.csv","pcType":"UNISTRING","precision":255,"scale":0,"columnIndex":6,"isKey":false,"isExternalId":false,"isSfIdLookup":false,"isNullable":true,"isUnique":false,"isCreateable":false,"isUpdateable":true,"isFilterable":true,"isCalculated":false,"showLabel":false,"naturalOrder":0,"linkedFields":[],"relatedInfos":[],"references":[]},{"@type":"field","id":19736655,"name":"PO_TransmissionMehtod","type":"nstring","uniqueName":"PO_TransmissionMehtod","label":"PO_TransmissionMehtod","parentObject":"FF_Suppliers_FromNetSuite.csv","pcType":"UNISTRING","precision":255,"scale":0,"columnIndex":7,"isKey":false,"isExternalId":false,"isSfIdLookup":false,"isNullable":true,"isUnique":false,"isCreateable":false,"isUpdateable":true,"isFilterable":true,"isCalculated":false,"showLabel":false,"naturalOrder":0,"linkedFields":[],"relatedInfos":[],"references":[]},{"@type":"field","id":19736656,"name":"PO_Email","type":"nstring","uniqueName":"PO_Email","label":"PO_Email","parentObject":"FF_Suppliers_FromNetSuite.csv","pcType":"UNISTRING","precision":255,"scale":0,"columnIndex":8,"isKey":false,"isExternalId":false,"isSfIdLookup":false,"isNullable":true,"isUnique":false,"isCreateable":false,"isUpdateable":true,"isFilterable":true,"isCalculated":false,"showLabel":false,"naturalOrder":0,"linkedFields":[],"relatedInfos":[],"references":[]},{"@type":"field","id":19736657,"name":"PaymentTerm_Code","type":"nstring","uniqueName":"PaymentTerm_Code","label":"PaymentTerm_Code","parentObject":"FF_Suppliers_FromNetSuite.csv","pcType":"UNISTRING","precision":255,"scale":0,"columnIndex":9,"isKey":false,"isExternalId":false,"isSfIdLookup":false,"isNullable":true,"isUnique":false,"isCreateable":false,"isUpdateable":true,"isFilterable":true,"isCalculated":false,"showLabel":false,"naturalOrder":0,"linkedFields":[],"relatedInfos":[],"references":[]},{"@type":"field","id":19736658,"name":"InvoiceMatchingLevel","type":"nstring","uniqueName":"InvoiceMatchingLevel","label":"InvoiceMatchingLevel","parentObject":"FF_Suppliers_FromNetSuite.csv","pcType":"UNISTRING","precision":255,"scale":0,"columnIndex":10,"isKey":false,"isExternalId":false,"isSfIdLookup":false,"isNullable":true,"isUnique":false,"isCreateable":false,"isUpdateable":true,"isFilterable":true,"isCalculated":false,"showLabel":false,"naturalOrder":0,"linkedFields":[],"relatedInfos":[],"references":[]},{"@type":"field","id":19736659,"name":"Minority_Classification","type":"nstring","uniqueName":"Minority_Classification","label":"Minority_Classification","parentObject":"FF_Suppliers_FromNetSuite.csv","pcType":"UNISTRING","precision":255,"scale":0,"columnIndex":11,"isKey":false,"isExternalId":false,"isSfIdLookup":false,"isNullable":true,"isUnique":false,"isCreateable":false,"isUpdateable":true,"isFilterable":true,"isCalculated":false,"showLabel":false,"naturalOrder":0,"linkedFields":[],"relatedInfos":[],"references":[]},{"@type":"field","id":19736660,"name":"PrimaryContact_Email","type":"nstring","uniqueName":"PrimaryContact_Email","label":"PrimaryContact_Email","parentObject":"FF_Suppliers_FromNetSuite.csv","pcType":"UNISTRING","precision":255,"scale":0,"columnIndex":12,"isKey":false,"isExternalId":false,"isSfIdLookup":false,"isNullable":true,"isUnique":false,"isCreateable":false,"isUpdateable":true,"isFilterable":true,"isCalculated":false,"showLabel":false,"naturalOrder":0,"linkedFields":[],"relatedInfos":[],"references":[]},{"@type":"field","id":19736661,"name":"PrimaryContact_NameGiven","type":"nstring","uniqueName":"PrimaryContact_NameGiven","label":"PrimaryContact_NameGiven","parentObject":"FF_Suppliers_FromNetSuite.csv","pcType":"UNISTRING","precision":255,"scale":0,"columnIndex":13,"isKey":false,"isExternalId":false,"isSfIdLookup":false,"isNullable":true,"isUnique":false,"isCreateable":false,"isUpdateable":true,"isFilterable":true,"isCalculated":false,"showLabel":false,"naturalOrder":0,"linkedFields":[],"relatedInfos":[],"references":[]},{"@type":"field","id":19736662,"name":"PrimaryContact_NameFamily","type":"nstring","uniqueName":"PrimaryContact_NameFamily","label":"PrimaryContact_NameFamily","parentObject":"FF_Suppliers_FromNetSuite.csv","pcType":"UNISTRING","precision":255,"scale":0,"columnIndex":14,"isKey":false,"isExternalId":false,"isSfIdLookup":false,"isNullable":true,"isUnique":false,"isCreateable":false,"isUpdateable":true,"isFilterable":true,"isCalculated":false,"showLabel":false,"naturalOrder":0,"linkedFields":[],"relatedInfos":[],"references":[]},{"@type":"field","id":19736663,"name":"PrimaryContact_PhoneWork","type":"nstring","uniqueName":"PrimaryContact_PhoneWork","label":"PrimaryContact_PhoneWork","parentObject":"FF_Suppliers_FromNetSuite.csv","pcType":"UNISTRING","precision":255,"scale":0,"columnIndex":15,"isKey":false,"isExternalId":false,"isSfIdLookup":false,"isNullable":true,"isUnique":false,"isCreateable":false,"isUpdateable":true,"isFilterable":true,"isCalculated":false,"showLabel":false,"naturalOrder":0,"linkedFields":[],"relatedInfos":[],"references":[]},{"@type":"field","id":19736664,"name":"PrimaryContact_PhoneMobile","type":"nstring","uniqueName":"PrimaryContact_PhoneMobile","label":"PrimaryContact_PhoneMobile","parentObject":"FF_Suppliers_FromNetSuite.csv","pcType":"UNISTRING","precision":255,"scale":0,"columnIndex":16,"isKey":false,"isExternalId":false,"isSfIdLookup":false,"isNullable":true,"isUnique":false,"isCreateable":false,"isUpdateable":true,"isFilterable":true,"isCalculated":false,"showLabel":false,"naturalOrder":0,"linkedFields":[],"relatedInfos":[],"references":[]},{"@type":"field","id":19736665,"name":"PrimaryContact_PhoneFax","type":"nstring","uniqueName":"PrimaryContact_PhoneFax","label":"PrimaryContact_PhoneFax","parentObject":"FF_Suppliers_FromNetSuite.csv","pcType":"UNISTRING","precision":255,"scale":0,"columnIndex":17,"isKey":false,"isExternalId":false,"isSfIdLookup":false,"isNullable":true,"isUnique":false,"isCreateable":false,"isUpdateable":true,"isFilterable":true,"isCalculated":false,"showLabel":false,"naturalOrder":0,"linkedFields":[],"relatedInfos":[],"references":[]},{"@type":"field","id":19736666,"name":"PrimaryAddress_Street1","type":"nstring","uniqueName":"PrimaryAddress_Street1","label":"PrimaryAddress_Street1","parentObject":"FF_Suppliers_FromNetSuite.csv","pcType":"UNISTRING","precision":255,"scale":0,"columnIndex":18,"isKey":false,"isExternalId":false,"isSfIdLookup":false,"isNullable":true,"isUnique":false,"isCreateable":false,"isUpdateable":true,"isFilterable":true,"isCalculated":false,"showLabel":false,"naturalOrder":0,"linkedFields":[],"relatedInfos":[],"references":[]},{"@type":"field","id":19736667,"name":"PrimaryAddress_Street2","type":"nstring","uniqueName":"PrimaryAddress_Street2","label":"PrimaryAddress_Street2","parentObject":"FF_Suppliers_FromNetSuite.csv","pcType":"UNISTRING","precision":255,"scale":0,"columnIndex":19,"isKey":false,"isExternalId":false,"isSfIdLookup":false,"isNullable":true,"isUnique":false,"isCreateable":false,"isUpdateable":true,"isFilterable":true,"isCalculated":false,"showLabel":false,"naturalOrder":0,"linkedFields":[],"relatedInfos":[],"references":[]},{"@type":"field","id":19736668,"name":"PrimaryAddress_City","type":"nstring","uniqueName":"PrimaryAddress_City","label":"PrimaryAddress_City","parentObject":"FF_Suppliers_FromNetSuite.csv","pcType":"UNISTRING","precision":255,"scale":0,"columnIndex":20,"isKey":false,"isExternalId":false,"isSfIdLookup":false,"isNullable":true,"isUnique":false,"isCreateable":false,"isUpdateable":true,"isFilterable":true,"isCalculated":false,"showLabel":false,"naturalOrder":0,"linkedFields":[],"relatedInfos":[],"references":[]},{"@type":"field","id":19736669,"name":"PrimaryAddress_State","type":"nstring","uniqueName":"PrimaryAddress_State","label":"PrimaryAddress_State","parentObject":"FF_Suppliers_FromNetSuite.csv","pcType":"UNISTRING","precision":255,"scale":0,"columnIndex":21,"isKey":false,"isExternalId":false,"isSfIdLookup":false,"isNullable":true,"isUnique":false,"isCreateable":false,"isUpdateable":true,"isFilterable":true,"isCalculated":false,"showLabel":false,"naturalOrder":0,"linkedFields":[],"relatedInfos":[],"references":[]},{"@type":"field","id":19736670,"name":"PrimaryAddress_PostalCode","type":"nstring","uniqueName":"PrimaryAddress_PostalCode","label":"PrimaryAddress_PostalCode","parentObject":"FF_Suppliers_FromNetSuite.csv","pcType":"UNISTRING","precision":255,"scale":0,"columnIndex":22,"isKey":false,"isExternalId":false,"isSfIdLookup":false,"isNullable":true,"isUnique":false,"isCreateable":false,"isUpdateable":true,"isFilterable":true,"isCalculated":false,"showLabel":false,"naturalOrder":0,"linkedFields":[],"relatedInfos":[],"references":[]},{"@type":"field","id":19736671,"name":"PrimaryAddress_Country","type":"nstring","uniqueName":"PrimaryAddress_Country","label":"PrimaryAddress_Country","parentObject":"FF_Suppliers_FromNetSuite.csv","pcType":"UNISTRING","precision":255,"scale":0,"columnIndex":23,"isKey":false,"isExternalId":false,"isSfIdLookup":false,"isNullable":true,"isUnique":false,"isCreateable":false,"isUpdateable":true,"isFilterable":true,"isCalculated":false,"showLabel":false,"naturalOrder":0,"linkedFields":[],"relatedInfos":[],"references":[]},{"@type":"field","id":19736672,"name":"Subsidiary_internalId","type":"nstring","uniqueName":"Subsidiary_internalId","label":"Subsidiary_internalId","parentObject":"FF_Suppliers_FromNetSuite.csv","pcType":"UNISTRING","precision":255,"scale":0,"columnIndex":24,"isKey":false,"isExternalId":false,"isSfIdLookup":false,"isNullable":true,"isUnique":false,"isCreateable":false,"isUpdateable":true,"isFilterable":true,"isCalculated":false,"showLabel":false,"naturalOrder":0,"linkedFields":[],"relatedInfos":[],"references":[]},{"@type":"field","id":19736673,"name":"Subsidiary_Name","type":"nstring","uniqueName":"Subsidiary_Name","label":"Subsidiary_Name","parentObject":"FF_Suppliers_FromNetSuite.csv","pcType":"UNISTRING","precision":255,"scale":0,"columnIndex":25,"isKey":false,"isExternalId":false,"isSfIdLookup":false,"isNullable":true,"isUnique":false,"isCreateable":false,"isUpdateable":true,"isFilterable":true,"isCalculated":false,"showLabel":false,"naturalOrder":0,"linkedFields":[],"relatedInfos":[],"references":[]},{"@type":"field","id":19736674,"name":"integration","type":"nstring","uniqueName":"integration","label":"integration","parentObject":"FF_Suppliers_FromNetSuite.csv","pcType":"UNISTRING","precision":255,"scale":0,"columnIndex":26,"isKey":false,"isExternalId":false,"isSfIdLookup":false,"isNullable":true,"isUnique":false,"isCreateable":false,"isUpdateable":true,"isFilterable":true,"isCalculated":false,"showLabel":false,"naturalOrder":0,"linkedFields":[],"relatedInfos":[],"references":[]},{"@type":"field","id":19736675,"name":"Content_group","type":"nstring","uniqueName":"Content_group","label":"Content_group","parentObject":"FF_Suppliers_FromNetSuite.csv","pcType":"UNISTRING","precision":255,"scale":0,"columnIndex":27,"isKey":false,"isExternalId":false,"isSfIdLookup":false,"isNullable":true,"isUnique":false,"isCreateable":false,"isUpdateable":true,"isFilterable":true,"isCalculated":false,"showLabel":false,"naturalOrder":0,"linkedFields":[],"relatedInfos":[],"references":[]},{"@type":"field","id":19736676,"name":"NS_Currencies","type":"nstring","uniqueName":"NS_Currencies","label":"NS_Currencies","parentObject":"FF_Suppliers_FromNetSuite.csv","pcType":"UNISTRING","precision":255,"scale":0,"columnIndex":28,"isKey":false,"isExternalId":false,"isSfIdLookup":false,"isNullable":true,"isUnique":false,"isCreateable":false,"isUpdateable":true,"isFilterable":true,"isCalculated":false,"showLabel":false,"naturalOrder":0,"linkedFields":[],"relatedInfos":[],"references":[]},{"@type":"field","id":19736677,"name":"VAT_REG_Number","type":"nstring","uniqueName":"VAT_REG_Number","label":"VAT_REG_Number","parentObject":"FF_Suppliers_FromNetSuite.csv","pcType":"UNISTRING","precision":255,"scale":0,"columnIndex":29,"isKey":false,"isExternalId":false,"isSfIdLookup":false,"isNullable":true,"isUnique":false,"isCreateable":false,"isUpdateable":true,"isFilterable":true,"isCalculated":false,"showLabel":false,"naturalOrder":0,"linkedFields":[],"relatedInfos":[],"references":[]},{"@type":"field","id":19736678,"name":"DisplayName","type":"nstring","uniqueName":"DisplayName","label":"DisplayName","parentObject":"FF_Suppliers_FromNetSuite.csv","pcType":"UNISTRING","precision":255,"scale":0,"columnIndex":30,"isKey":false,"isExternalId":false,"isSfIdLookup":false,"isNullable":true,"isUnique":false,"isCreateable":false,"isUpdateable":true,"isFilterable":true,"isCalculated":false,"showLabel":false,"naturalOrder":0,"linkedFields":[],"relatedInfos":[],"references":[]}],"sortFields":[],"groupFields":[]}]