[{"@type":"mtTask","id":"@1","name":"mct_Invoice_Ok2Pay_03e1_CoupaFile_To_File_TaxLineItem","description":"","runtimeEnvironmentId":"@1KKuSUw1Rkfbzmz4wJo8eb","maxLogs":10,"verbose":false,"lastRunTime":1601420810000,"mappingId":"@60j4G7ARSkMjf76TqmTzSh","shortDescription":"","sessionProperties":{},"enableCrossSchemaPushdown":false,"autoTunedApplied":false,"parameters":[{"@type":"mtTaskParameter","id":101269899,"name":"$FF_InvoiceOk2Pay_FromCoupa_tax$","type":"EXTENDED_SOURCE","label":"FF_InvoiceOk2Pay_FromCoupa_tax","uiProperties":{"connectionParameterized":"false","isMsrcFilterParameterized":"false","isMsrcSortParameterized":"false","objectParameterized":"false","visible":"false"},"sourceConnectionId":"@6ey2Cmo3PaHcsThnJ0TYui","newFlatFile":false,"newObject":false,"showBusinessNames":false,"naturalOrder":true,"truncateTarget":false,"bulkApiDBTarget":false,"srcFFAttrs":{"@type":"flatFileAttrs","id":2002236,"delimiter":",","textQualifier":"\"","escapeChar":"","headerLineNo":1,"firstDataRow":2},"customFuncCfg":{"@type":"customFuncConfig","id":-1,"connections":[],"inputMap":[],"outputFields":[]},"tgtFieldRefs":{},"targetUpdateColumns":[],"extendedObject":{"@type":"extendedObject","object":{"@type":"mObject","name":"FF_InvoiceOk2Pay_FromCoupa_tax.csv","label":"FF_InvoiceOk2Pay_FromCoupa_tax.csv","metadataUpdated":false,"relations":[],"children":[]},"filters":[],"sortFields":[]},"runtimeAttrs":{},"isRESTModernSource":true,"isFileList":false,"handleSpecialChars":false,"frsAsset":false,"dynamicFileName":false,"tgtObjectAttributes":{},"runtimeParameterData":{"@type":"mtTaskRuntimeParameterData","isConnectionRuntimeParameter":false,"isObjectRuntimeParameter":false},"overriddenFields":[]},{"@type":"mtTaskParameter","id":101269900,"name":"$FF_InvoiceOk2Pay_FromCoupa_temp$","type":"TARGET","label":"FF_InvoiceOk2Pay_FromCoupa_temp","uiProperties":{"connectionParameterized":"false","objectParameterized":"false","visible":"false","defaultTargetUpdateColumns":""},"targetConnectionId":"@6ey2Cmo3PaHcsThnJ0TYui","targetObject":"FF_InvoiceOk2Pay_FromCoupa_temp.csv","targetObjectLabel":"FF_InvoiceOk2Pay_FromCoupa_temp.csv","newFlatFile":false,"newObject":false,"showBusinessNames":false,"naturalOrder":true,"truncateTarget":false,"bulkApiDBTarget":false,"operationType":"Insert","tgtFFAttrs":{"@type":"flatFileAttrs","id":2002237,"delimiter":",","textQualifier":"\"","escapeChar":"","headerLineNo":1},"customFuncCfg":{"@type":"customFuncConfig","id":-1,"connections":[],"inputMap":[],"outputFields":[]},"tgtFieldRefs":{},"targetUpdateColumns":[],"extendedObject":{"@type":"extendedObject","filters":[],"sortFields":[]},"runtimeAttrs":{},"isRESTModernSource":true,"isFileList":false,"handleSpecialChars":false,"frsAsset":false,"dynamicFileName":false,"tgtObjectAttributes":{},"runtimeParameterData":{"@type":"mtTaskRuntimeParameterData","isConnectionRuntimeParameter":false,"isObjectRuntimeParameter":false},"overriddenFields":[]},{"@type":"mtTaskParameter","id":101269901,"name":"$Lookup$","type":"LOOKUP","label":"Lookup","uiProperties":{"connectionParameterized":"false","objectParameterized":"false","visible":"false"},"lookupConnectionId":"@6ey2Cmo3PaHcsThnJ0TYui","lookupObject":"FF_InvoicesOk2Pay_REST_FromCoupa.csv","lookupObjectLabel":"FF_InvoicesOk2Pay_REST_FromCoupa.csv","newFlatFile":false,"newObject":false,"showBusinessNames":false,"naturalOrder":true,"truncateTarget":false,"bulkApiDBTarget":false,"lkpFFAttrs":{"@type":"flatFileAttrs","id":2002238,"delimiter":",","textQualifier":"\"","escapeChar":"","headerLineNo":1,"firstDataRow":2},"customFuncCfg":{"@type":"customFuncConfig","id":-1,"connections":[],"inputMap":[],"outputFields":[]},"tgtFieldRefs":{},"targetUpdateColumns":[],"runtimeAttrs":{},"isRESTModernSource":true,"isFileList":false,"handleSpecialChars":false,"frsAsset":false,"dynamicFileName":false,"tgtObjectAttributes":{},"runtimeParameterData":{"@type":"mtTaskRuntimeParameterData","isConnectionRuntimeParameter":false,"isObjectRuntimeParameter":false},"overriddenFields":[]}],"sequences":[],"inOutParameters":[],"connRuntimeAttrs":[]}]