[{"@type":"mappingTemplate","id":"@1","name":"m_Invoice_Ok2Pay_04_VendorBill_CoupaFile_To_NS","description":"","bundleVersion":"0","templateId":"@3","deployTime":1606682126000,"hasParameters":false,"valid":true,"fixedConnection":true,"hasParametersDeployed":false,"fixedConnectionDeployed":true,"tasks":2,"mappingPreviewFileRecordId":"@2","documentType":"","references":[{"@type":"reference","refObjectId":"@2HkgXY792eLcO5miPnn8me","refType":"connection"},{"@type":"reference","refObjectId":"@6ey2Cmo3PaHcsThnJ0TYui","refType":"connection"},{"@type":"reference","refObjectId":"@2CjV79tAT4nicr3VedQp4y","refType":"connection"},{"@type":"reference","refObjectId":"@b3U4nPCAkmZgKaHvUiQ8w2","refType":"connection"},{"@type":"reference","refObjectId":"@brwXcX8SFwdiPZrkZpvZQG","refType":"connection"}]}]