[{"@type":"workflow","id":"@1","name":"TF_NS_To_SFDC_User_Termination_Deactivations","errorTaskEmail":{"@type":"taskEmail","id":358845,"emails":"sri.battu@appdynamics.com","emailType":"ERROR"},"successTaskEmail":{"@type":"taskEmail","id":358846,"emails":"sri.battu@appdynamics.com","emailType":"SUCCESS"},"warningTaskEmail":{"@type":"taskEmail","id":358847,"emails":"sri.battu@appdynamics.com","emailType":"WARNING"},"maxLogs":10,"references":[{"@type":"reference","refObjectId":"@f7yx9poqwC8gBHaFBFNYUW","refType":"mtTask"}],"tasks":[{"@type":"workflowTask","taskId":"@f7yx9poqwC8gBHaFBFNYUW","type":"MTT","name":"mct_NS_SFDC_Termination_Deactivations","stopOnError":true,"stopOnWarning":false}]}]