[{"@type":"workflow","id":"@1","name":"TF_SFDC_FF_Int_Queue_Extract","errorTaskEmail":{"@type":"taskEmail","id":5926,"emails":"sri.battu@appdynamics.com, keo.zaiger@appdynamics.com, smitha.reddy@appdynamics.com","emailType":"ERROR"},"successTaskEmail":{"@type":"taskEmail","id":5927,"emails":"sri.battu@appdynamics.com","emailType":"SUCCESS"},"warningTaskEmail":{"@type":"taskEmail","id":5928,"emails":"sri.battu@appdynamics.com, keo.zaiger@appdynamics.com, smitha.reddy@appdynamics.com","emailType":"WARNING"},"maxLogs":10,"scheduleId":"@2","references":[{"@type":"reference","refObjectId":"@84exfXYxLRPhb9v1WjbW8r","refType":"mtTask"}],"tasks":[{"@type":"workflowTask","taskId":"@84exfXYxLRPhb9v1WjbW8r","type":"MTT","name":"mct_SFDC_FF_Int_Queue_Extract","stopOnError":true,"stopOnWarning":true}]}]