[{"@type":"workflow","id":"@1","name":"TF_JSP_Product_Usage_Daily","maxLogs":10,"references":[{"@type":"reference","refObjectId":"@0w39TOAeEIBdm5Ttb6EvKM","refType":"mtTask"},{"@type":"reference","refObjectId":"@axrt9kZbfIvgxWHrEDxIUA","refType":"mtTask"}],"tasks":[{"@type":"workflowTask","taskId":"@0w39TOAeEIBdm5Ttb6EvKM","type":"MTT","name":"mct_JSP_manifest_FF","stopOnError":true,"stopOnWarning":false},{"@type":"workflowTask","taskId":"@axrt9kZbfIvgxWHrEDxIUA","type":"MTT","name":"mct_S3_JSP_Product_Usage_SFDC_Account","stopOnError":true,"stopOnWarning":false}]}]