[{"@type":"mappingTemplate","id":"@1","name":"m_Coupa_Users_Update_File","description":"","bundleVersion":"0","templateId":"@3","deployTime":1582342885000,"hasParameters":false,"valid":true,"fixedConnection":true,"hasParametersDeployed":false,"fixedConnectionDeployed":true,"tasks":1,"mappingPreviewFileRecordId":"@2","documentType":"","references":[{"@type":"reference","refObjectId":"@8Qp1Vvtik7ejRmnNM3lSiT","refType":"connection"},{"@type":"reference","refObjectId":"@brwXcX8SFwdiPZrkZpvZQG","refType":"connection"}]}]