[{"@type":"mappingTemplate","id":"@1","name":"m_S3_JSP_Product_Usage_SFDC_Account","description":"","bundleVersion":"0","templateId":"@3","deployTime":1610673853000,"hasParameters":false,"valid":true,"fixedConnection":true,"hasParametersDeployed":false,"fixedConnectionDeployed":true,"tasks":0,"mappingPreviewFileRecordId":"@2","documentType":"","references":[{"@type":"reference","refObjectId":"@2CjV79tAT4nicr3VedQp4y","refType":"connection"},{"@type":"reference","refObjectId":"@kzkiwo8pACabDmEYH8IiIW","refType":"connection"}]}]