[{"@type":"mappingTemplate","id":"@1","name":"m_Invoice_Ok2Pay_03f_CoupaFile_To_File_Sorted","description":"","bundleVersion":"0","templateId":"@3","deployTime":1601250558000,"hasParameters":false,"valid":true,"fixedConnection":true,"hasParametersDeployed":false,"fixedConnectionDeployed":true,"tasks":3,"mappingPreviewFileRecordId":"@2","documentType":"","references":[{"@type":"reference","refObjectId":"@2HkgXY792eLcO5miPnn8me","refType":"connection"},{"@type":"reference","refObjectId":"@6ey2Cmo3PaHcsThnJ0TYui","refType":"connection"},{"@type":"reference","refObjectId":"@aO4WEROpbP2kxnr5Gq9CE6","refType":"connection"}]}]