[{"@type":"dssTask","id":"@1","name":"DSS_Suppliers_File_To_NS_UpdatedExternalID_CoupaID","description":"","maxLogs":10,"sourceConnectionId":"@6ey2Cmo3PaHcsThnJ0TYui","targetConnectionId":"@b3U4nPCAkmZgKaHvUiQ8w2","targetObject":"Vendor","targetObjectLabel":"Vendor","targetChildObjectLabel":"","operation":"Update","maxRows":0,"truncateTarget":false,"bulkApiDBTarget":false,"verbose":false,"srcFlatFileAttrs":{"@type":"flatFileAttrs","id":44335,"delimiter":",","textQualifier":"\"","escapeChar":"","headerLineNo":1,"firstDataRow":2},"targetMetadataUpdated":false,"modelVersion":"V3-R600","queryAll":false,"srcSettings":{"@type":"taskDataSourceSetting","isShowLabels":false,"isNaturalOrder":true},"tgtSettings":{"@type":"taskDataSourceSetting","isShowLabels":true,"isNaturalOrder":true},"cfSettings":{"@type":"taskDataSourceSetting","isShowLabels":false,"isNaturalOrder":true},"bulkApi":false,"bulkApiSerialMode":false,"bulkApiMonitor":false,"isTargetObjectSfCustom":false,"allowNullUpdates":false,"targetBatchSize":200,"assignmentRuleId":"-1","assignmentRuleType":"None","createSuccessFile":false,"bulkApiHardDelete":false,"srcRuntimeAttrs":{"@type":"taskRuntimeAttrs","attrs":{}},"tgtRuntimeAttrs":{"@type":"taskRuntimeAttrs","attrs":{"Replace All":"0","Concurrent Threads":"1","Success File":"","Reject File":"","Batch Size":"100"}},"sourceObjects":[{"@type":"mObject","name":"FF_Suppliers_Comparision_SB2.csv","label":"FF_Suppliers_Comparision_SB2.csv","metadataUpdated":false,"relations":[],"children":[]}],"advancedFilters":[{"@type":"advancedFilter","id":"4508","objectName":"FF_Suppliers_Comparision_SB2.csv","objectLabel":"FF_Suppliers_Comparision_SB2.csv","expression":"NOT ISNULL(ltrim(rtrim(NS_internalId)))  AND  NOT ISNULL(ltrim(rtrim(Coupa_Id)))"}],"filters":[],"fieldMaps":[{"@type":"fieldMap","id":"956855","targetField":{"@type":"field","id":2354437,"name":"customForm_InternalId","type":"string","uniqueName":"customForm_InternalId","label":"customForm_InternalId","parentObject":"Vendor","pcType":"NSTRING","precision":256,"scale":0,"columnIndex":-1,"isKey":false,"isExternalId":false,"isSfIdLookup":false,"isNullable":true,"isUnique":false,"isCreateable":false,"isUpdateable":true,"isFilterable":false,"isCalculated":false,"javaType":"java.lang.String","showLabel":true,"naturalOrder":0,"linkedFields":[],"relatedInfos":[],"references":[]}},{"@type":"fieldMap","id":"956857","targetField":{"@type":"field","id":2354439,"name":"customForm_ExternalId","type":"string","uniqueName":"customForm_ExternalId","label":"customForm_ExternalId","parentObject":"Vendor","pcType":"NSTRING","precision":256,"scale":0,"columnIndex":-1,"isKey":false,"isExternalId":false,"isSfIdLookup":false,"isNullable":true,"isUnique":false,"isCreateable":false,"isUpdateable":true,"isFilterable":false,"isCalculated":false,"javaType":"java.lang.String","showLabel":true,"naturalOrder":1,"linkedFields":[],"relatedInfos":[],"references":[]}},{"@type":"fieldMap","id":"956859","targetField":{"@type":"field","id":2354441,"name":"customForm_Type","type":"string","uniqueName":"customForm_Type","label":"customForm_Type","parentObject":"Vendor","pcType":"NSTRING","precision":256,"scale":0,"columnIndex":-1,"isKey":false,"isExternalId":false,"isSfIdLookup":false,"isNullable":true,"isUnique":false,"isCreateable":false,"isUpdateable":true,"isFilterable":false,"isCalculated":false,"javaType":"java.lang.String","showLabel":true,"naturalOrder":2,"linkedFields":[],"relatedInfos":[],"references":[]}},{"@type":"fieldMap","id":"956861","targetField":{"@type":"field","id":2354443,"name":"customForm_Name","type":"string","uniqueName":"customForm_Name","label":"customForm_Name","parentObject":"Vendor","pcType":"NSTRING","precision":256,"scale":0,"columnIndex":-1,"isKey":false,"isExternalId":false,"isSfIdLookup":false,"isNullable":true,"isUnique":false,"isCreateable":false,"isUpdateable":true,"isFilterable":false,"isCalculated":false,"javaType":"java.lang.String","showLabel":true,"naturalOrder":3,"linkedFields":[],"relatedInfos":[],"references":[]}},{"@type":"fieldMap","id":"956863","targetField":{"@type":"field","id":2354445,"name":"entityId","type":"string","uniqueName":"entityId","label":"entityId","parentObject":"Vendor","pcType":"NSTRING","precision":256,"scale":0,"columnIndex":-1,"isKey":false,"isExternalId":false,"isSfIdLookup":false,"isNullable":true,"isUnique":false,"isCreateable":false,"isUpdateable":true,"isFilterable":true,"isCalculated":false,"javaType":"java.lang.String","showLabel":true,"naturalOrder":4,"linkedFields":[],"relatedInfos":[],"references":[]}},{"@type":"fieldMap","id":"956866","targetField":{"@type":"field","id":2354447,"name":"altName","type":"string","uniqueName":"altName","label":"altName","parentObject":"Vendor","pcType":"NSTRING","precision":256,"scale":0,"columnIndex":-1,"isKey":false,"isExternalId":false,"isSfIdLookup":false,"isNullable":true,"isUnique":false,"isCreateable":false,"isUpdateable":true,"isFilterable":false,"isCalculated":false,"javaType":"java.lang.String","showLabel":true,"naturalOrder":5,"linkedFields":[],"relatedInfos":[],"references":[]}},{"@type":"fieldMap","id":"956868","targetField":{"@type":"field","id":2354450,"name":"isPerson","type":"boolean","uniqueName":"isPerson","label":"isPerson","parentObject":"Vendor","pcType":"SMALL_INTEGER","precision":2,"scale":0,"columnIndex":-1,"isKey":false,"isExternalId":false,"isSfIdLookup":false,"isNullable":true,"isUnique":false,"isCreateable":false,"isUpdateable":true,"isFilterable":true,"isCalculated":false,"javaType":"java.lang.Boolean","showLabel":true,"naturalOrder":6,"linkedFields":[],"relatedInfos":[],"references":[]}},{"@type":"fieldMap","id":"956870","targetField":{"@type":"field","id":2354452,"name":"phoneticName","type":"string","uniqueName":"phoneticName","label":"phoneticName","parentObject":"Vendor","pcType":"NSTRING","precision":256,"scale":0,"columnIndex":-1,"isKey":false,"isExternalId":false,"isSfIdLookup":false,"isNullable":true,"isUnique":false,"isCreateable":false,"isUpdateable":true,"isFilterable":true,"isCalculated":false,"javaType":"java.lang.String","showLabel":true,"naturalOrder":7,"linkedFields":[],"relatedInfos":[],"references":[]}},{"@type":"fieldMap","id":"956872","targetField":{"@type":"field","id":2354454,"name":"salutation","type":"string","uniqueName":"salutation","label":"salutation","parentObject":"Vendor","pcType":"NSTRING","precision":256,"scale":0,"columnIndex":-1,"isKey":false,"isExternalId":false,"isSfIdLookup":false,"isNullable":true,"isUnique":false,"isCreateable":false,"isUpdateable":true,"isFilterable":true,"isCalculated":false,"javaType":"java.lang.String","showLabel":true,"naturalOrder":8,"linkedFields":[],"relatedInfos":[],"references":[]}},{"@type":"fieldMap","id":"956874","targetField":{"@type":"field","id":2354456,"name":"firstName","type":"string","uniqueName":"firstName","label":"firstName","parentObject":"Vendor","pcType":"NSTRING","precision":256,"scale":0,"columnIndex":-1,"isKey":false,"isExternalId":false,"isSfIdLookup":false,"isNullable":true,"isUnique":false,"isCreateable":false,"isUpdateable":true,"isFilterable":true,"isCalculated":false,"javaType":"java.lang.String","showLabel":true,"naturalOrder":9,"linkedFields":[],"relatedInfos":[],"references":[]}},{"@type":"fieldMap","id":"956876","targetField":{"@type":"field","id":2354458,"name":"middleName","type":"string","uniqueName":"middleName","label":"middleName","parentObject":"Vendor","pcType":"NSTRING","precision":256,"scale":0,"columnIndex":-1,"isKey":false,"isExternalId":false,"isSfIdLookup":false,"isNullable":true,"isUnique":false,"isCreateable":false,"isUpdateable":true,"isFilterable":true,"isCalculated":false,"javaType":"java.lang.String","showLabel":true,"naturalOrder":10,"linkedFields":[],"relatedInfos":[],"references":[]}},{"@type":"fieldMap","id":"956878","targetField":{"@type":"field","id":2354460,"name":"lastName","type":"string","uniqueName":"lastName","label":"lastName","parentObject":"Vendor","pcType":"NSTRING","precision":256,"scale":0,"columnIndex":-1,"isKey":false,"isExternalId":false,"isSfIdLookup":false,"isNullable":true,"isUnique":false,"isCreateable":false,"isUpdateable":true,"isFilterable":true,"isCalculated":false,"javaType":"java.lang.String","showLabel":true,"naturalOrder":11,"linkedFields":[],"relatedInfos":[],"references":[]}},{"@type":"fieldMap","id":"956880","targetField":{"@type":"field","id":2354462,"name":"companyName","type":"string","uniqueName":"companyName","label":"companyName","parentObject":"Vendor","pcType":"NSTRING","precision":256,"scale":0,"columnIndex":-1,"isKey":false,"isExternalId":false,"isSfIdLookup":false,"isNullable":true,"isUnique":false,"isCreateable":false,"isUpdateable":true,"isFilterable":false,"isCalculated":false,"javaType":"java.lang.String","showLabel":true,"naturalOrder":12,"linkedFields":[],"relatedInfos":[],"references":[]}},{"@type":"fieldMap","id":"956881","targetField":{"@type":"field","id":2354465,"name":"phone","type":"string","uniqueName":"phone","label":"phone","parentObject":"Vendor","pcType":"NSTRING","precision":256,"scale":0,"columnIndex":-1,"isKey":false,"isExternalId":false,"isSfIdLookup":false,"isNullable":true,"isUnique":false,"isCreateable":false,"isUpdateable":true,"isFilterable":true,"isCalculated":false,"javaType":"java.lang.String","showLabel":true,"naturalOrder":13,"linkedFields":[],"relatedInfos":[],"references":[]}},{"@type":"fieldMap","id":"956882","targetField":{"@type":"field","id":2354467,"name":"fax","type":"string","uniqueName":"fax","label":"fax","parentObject":"Vendor","pcType":"NSTRING","precision":256,"scale":0,"columnIndex":-1,"isKey":false,"isExternalId":false,"isSfIdLookup":false,"isNullable":true,"isUnique":false,"isCreateable":false,"isUpdateable":true,"isFilterable":true,"isCalculated":false,"javaType":"java.lang.String","showLabel":true,"naturalOrder":14,"linkedFields":[],"relatedInfos":[],"references":[]}},{"@type":"fieldMap","id":"956883","targetField":{"@type":"field","id":2354469,"name":"email","type":"string","uniqueName":"email","label":"email","parentObject":"Vendor","pcType":"NSTRING","precision":256,"scale":0,"columnIndex":-1,"isKey":false,"isExternalId":false,"isSfIdLookup":false,"isNullable":true,"isUnique":false,"isCreateable":false,"isUpdateable":true,"isFilterable":true,"isCalculated":false,"javaType":"java.lang.String","showLabel":true,"naturalOrder":15,"linkedFields":[],"relatedInfos":[],"references":[]}},{"@type":"fieldMap","id":"956884","targetField":{"@type":"field","id":2354471,"name":"url","type":"string","uniqueName":"url","label":"url","parentObject":"Vendor","pcType":"NSTRING","precision":256,"scale":0,"columnIndex":-1,"isKey":false,"isExternalId":false,"isSfIdLookup":false,"isNullable":true,"isUnique":false,"isCreateable":false,"isUpdateable":true,"isFilterable":true,"isCalculated":false,"javaType":"java.lang.String","showLabel":true,"naturalOrder":16,"linkedFields":[],"relatedInfos":[],"references":[]}},{"@type":"fieldMap","id":"956885","targetField":{"@type":"field","id":2354474,"name":"defaultAddress","type":"string","uniqueName":"defaultAddress","label":"defaultAddress","parentObject":"Vendor","pcType":"NSTRING","precision":256,"scale":0,"columnIndex":-1,"isKey":false,"isExternalId":false,"isSfIdLookup":false,"isNullable":true,"isUnique":false,"isCreateable":false,"isUpdateable":true,"isFilterable":false,"isCalculated":false,"javaType":"java.lang.String","showLabel":true,"naturalOrder":17,"linkedFields":[],"relatedInfos":[],"references":[]}},{"@type":"fieldMap","id":"956886","targetField":{"@type":"field","id":2354477,"name":"isInactive","type":"boolean","uniqueName":"isInactive","label":"isInactive","parentObject":"Vendor","pcType":"SMALL_INTEGER","precision":2,"scale":0,"columnIndex":-1,"isKey":false,"isExternalId":false,"isSfIdLookup":false,"isNullable":true,"isUnique":false,"isCreateable":false,"isUpdateable":true,"isFilterable":true,"isCalculated":false,"javaType":"java.lang.Boolean","showLabel":true,"naturalOrder":18,"linkedFields":[],"relatedInfos":[],"references":[]}},{"@type":"fieldMap","id":"956887","targetField":{"@type":"field","id":2354480,"name":"lastModifiedDate","type":"datetime","uniqueName":"lastModifiedDate","label":"lastModifiedDate","parentObject":"Vendor","pcType":"TOOLKIT_DATETIME","precision":19,"scale":0,"columnIndex":-1,"isKey":false,"isExternalId":false,"isSfIdLookup":false,"isNullable":true,"isUnique":false,"isCreateable":false,"isUpdateable":true,"isFilterable":true,"isCalculated":false,"javaType":"java.sql.Timestamp","showLabel":true,"naturalOrder":19,"linkedFields":[],"relatedInfos":[],"references":[]}},{"@type":"fieldMap","id":"956888","targetField":{"@type":"field","id":2354482,"name":"dateCreated","type":"datetime","uniqueName":"dateCreated","label":"dateCreated","parentObject":"Vendor","pcType":"TOOLKIT_DATETIME","precision":19,"scale":0,"columnIndex":-1,"isKey":false,"isExternalId":false,"isSfIdLookup":false,"isNullable":true,"isUnique":false,"isCreateable":false,"isUpdateable":true,"isFilterable":true,"isCalculated":false,"javaType":"java.sql.Timestamp","showLabel":true,"naturalOrder":20,"linkedFields":[],"relatedInfos":[],"references":[]}},{"@type":"fieldMap","id":"956889","targetField":{"@type":"field","id":2354485,"name":"category_InternalId","type":"string","uniqueName":"category_InternalId","label":"category_InternalId","parentObject":"Vendor","pcType":"NSTRING","precision":256,"scale":0,"columnIndex":-1,"isKey":false,"isExternalId":false,"isSfIdLookup":false,"isNullable":true,"isUnique":false,"isCreateable":false,"isUpdateable":true,"isFilterable":false,"isCalculated":false,"javaType":"java.lang.String","showLabel":true,"naturalOrder":21,"linkedFields":[],"relatedInfos":[],"references":[]}},{"@type":"fieldMap","id":"956890","targetField":{"@type":"field","id":2354488,"name":"category_ExternalId","type":"string","uniqueName":"category_ExternalId","label":"category_ExternalId","parentObject":"Vendor","pcType":"NSTRING","precision":256,"scale":0,"columnIndex":-1,"isKey":false,"isExternalId":false,"isSfIdLookup":false,"isNullable":true,"isUnique":false,"isCreateable":false,"isUpdateable":true,"isFilterable":false,"isCalculated":false,"javaType":"java.lang.String","showLabel":true,"naturalOrder":22,"linkedFields":[],"relatedInfos":[],"references":[]}},{"@type":"fieldMap","id":"956891","targetField":{"@type":"field","id":2354491,"name":"category_Type","type":"string","uniqueName":"category_Type","label":"category_Type","parentObject":"Vendor","pcType":"NSTRING","precision":256,"scale":0,"columnIndex":-1,"isKey":false,"isExternalId":false,"isSfIdLookup":false,"isNullable":true,"isUnique":false,"isCreateable":false,"isUpdateable":true,"isFilterable":false,"isCalculated":false,"javaType":"java.lang.String","showLabel":true,"naturalOrder":23,"linkedFields":[],"relatedInfos":[],"references":[]}},{"@type":"fieldMap","id":"956892","targetField":{"@type":"field","id":2354494,"name":"category_Name","type":"string","uniqueName":"category_Name","label":"category_Name","parentObject":"Vendor","pcType":"NSTRING","precision":256,"scale":0,"columnIndex":-1,"isKey":false,"isExternalId":false,"isSfIdLookup":false,"isNullable":true,"isUnique":false,"isCreateable":false,"isUpdateable":true,"isFilterable":false,"isCalculated":false,"javaType":"java.lang.String","showLabel":true,"naturalOrder":24,"linkedFields":[],"relatedInfos":[],"references":[]}},{"@type":"fieldMap","id":"956893","targetField":{"@type":"field","id":2354497,"name":"title","type":"string","uniqueName":"title","label":"title","parentObject":"Vendor","pcType":"NSTRING","precision":256,"scale":0,"columnIndex":-1,"isKey":false,"isExternalId":false,"isSfIdLookup":false,"isNullable":true,"isUnique":false,"isCreateable":false,"isUpdateable":true,"isFilterable":true,"isCalculated":false,"javaType":"java.lang.String","showLabel":true,"naturalOrder":25,"linkedFields":[],"relatedInfos":[],"references":[]}},{"@type":"fieldMap","id":"956894","targetField":{"@type":"field","id":2354499,"name":"printOnCheckAs","type":"string","uniqueName":"printOnCheckAs","label":"printOnCheckAs","parentObject":"Vendor","pcType":"NSTRING","precision":256,"scale":0,"columnIndex":-1,"isKey":false,"isExternalId":false,"isSfIdLookup":false,"isNullable":true,"isUnique":false,"isCreateable":false,"isUpdateable":true,"isFilterable":false,"isCalculated":false,"javaType":"java.lang.String","showLabel":true,"naturalOrder":26,"linkedFields":[],"relatedInfos":[],"references":[]}},{"@type":"fieldMap","id":"956895","targetField":{"@type":"field","id":2354502,"name":"altPhone","type":"string","uniqueName":"altPhone","label":"altPhone","parentObject":"Vendor","pcType":"NSTRING","precision":256,"scale":0,"columnIndex":-1,"isKey":false,"isExternalId":false,"isSfIdLookup":false,"isNullable":true,"isUnique":false,"isCreateable":false,"isUpdateable":true,"isFilterable":false,"isCalculated":false,"javaType":"java.lang.String","showLabel":true,"naturalOrder":27,"linkedFields":[],"relatedInfos":[],"references":[]}},{"@type":"fieldMap","id":"956896","targetField":{"@type":"field","id":2354505,"name":"homePhone","type":"string","uniqueName":"homePhone","label":"homePhone","parentObject":"Vendor","pcType":"NSTRING","precision":256,"scale":0,"columnIndex":-1,"isKey":false,"isExternalId":false,"isSfIdLookup":false,"isNullable":true,"isUnique":false,"isCreateable":false,"isUpdateable":true,"isFilterable":false,"isCalculated":false,"javaType":"java.lang.String","showLabel":true,"naturalOrder":28,"linkedFields":[],"relatedInfos":[],"references":[]}},{"@type":"fieldMap","id":"956897","targetField":{"@type":"field","id":2354508,"name":"mobilePhone","type":"string","uniqueName":"mobilePhone","label":"mobilePhone","parentObject":"Vendor","pcType":"NSTRING","precision":256,"scale":0,"columnIndex":-1,"isKey":false,"isExternalId":false,"isSfIdLookup":false,"isNullable":true,"isUnique":false,"isCreateable":false,"isUpdateable":true,"isFilterable":false,"isCalculated":false,"javaType":"java.lang.String","showLabel":true,"naturalOrder":29,"linkedFields":[],"relatedInfos":[],"references":[]}},{"@type":"fieldMap","id":"956898","targetField":{"@type":"field","id":2354511,"name":"altEmail","type":"string","uniqueName":"altEmail","label":"altEmail","parentObject":"Vendor","pcType":"NSTRING","precision":256,"scale":0,"columnIndex":-1,"isKey":false,"isExternalId":false,"isSfIdLookup":false,"isNullable":true,"isUnique":false,"isCreateable":false,"isUpdateable":true,"isFilterable":false,"isCalculated":false,"javaType":"java.lang.String","showLabel":true,"naturalOrder":30,"linkedFields":[],"relatedInfos":[],"references":[]}},{"@type":"fieldMap","id":"956899","targetField":{"@type":"field","id":2354514,"name":"comments","type":"string","uniqueName":"comments","label":"comments","parentObject":"Vendor","pcType":"NSTRING","precision":256,"scale":0,"columnIndex":-1,"isKey":false,"isExternalId":false,"isSfIdLookup":false,"isNullable":true,"isUnique":false,"isCreateable":false,"isUpdateable":true,"isFilterable":true,"isCalculated":false,"javaType":"java.lang.String","showLabel":true,"naturalOrder":31,"linkedFields":[],"relatedInfos":[],"references":[]}},{"@type":"fieldMap","id":"956900","targetField":{"@type":"field","id":2354516,"name":"globalSubscriptionStatus","type":"string","uniqueName":"globalSubscriptionStatus","label":"globalSubscriptionStatus","parentObject":"Vendor","pcType":"NSTRING","precision":256,"scale":0,"columnIndex":-1,"isKey":false,"isExternalId":false,"isSfIdLookup":false,"isNullable":true,"isUnique":false,"isCreateable":false,"isUpdateable":true,"isFilterable":true,"isCalculated":false,"javaType":"java.lang.String","showLabel":true,"naturalOrder":32,"linkedFields":[],"relatedInfos":[],"references":[]}},{"@type":"fieldMap","id":"956901","targetField":{"@type":"field","id":2354519,"name":"image_InternalId","type":"string","uniqueName":"image_InternalId","label":"image_InternalId","parentObject":"Vendor","pcType":"NSTRING","precision":256,"scale":0,"columnIndex":-1,"isKey":false,"isExternalId":false,"isSfIdLookup":false,"isNullable":true,"isUnique":false,"isCreateable":false,"isUpdateable":true,"isFilterable":false,"isCalculated":false,"javaType":"java.lang.String","showLabel":true,"naturalOrder":33,"linkedFields":[],"relatedInfos":[],"references":[]}},{"@type":"fieldMap","id":"956902","targetField":{"@type":"field","id":2354521,"name":"image_ExternalId","type":"string","uniqueName":"image_ExternalId","label":"image_ExternalId","parentObject":"Vendor","pcType":"NSTRING","precision":256,"scale":0,"columnIndex":-1,"isKey":false,"isExternalId":false,"isSfIdLookup":false,"isNullable":true,"isUnique":false,"isCreateable":false,"isUpdateable":true,"isFilterable":false,"isCalculated":false,"javaType":"java.lang.String","showLabel":true,"naturalOrder":34,"linkedFields":[],"relatedInfos":[],"references":[]}},{"@type":"fieldMap","id":"956903","targetField":{"@type":"field","id":2354524,"name":"image_Type","type":"string","uniqueName":"image_Type","label":"image_Type","parentObject":"Vendor","pcType":"NSTRING","precision":256,"scale":0,"columnIndex":-1,"isKey":false,"isExternalId":false,"isSfIdLookup":false,"isNullable":true,"isUnique":false,"isCreateable":false,"isUpdateable":true,"isFilterable":false,"isCalculated":false,"javaType":"java.lang.String","showLabel":true,"naturalOrder":35,"linkedFields":[],"relatedInfos":[],"references":[]}},{"@type":"fieldMap","id":"956904","targetField":{"@type":"field","id":2354526,"name":"image_Name","type":"string","uniqueName":"image_Name","label":"image_Name","parentObject":"Vendor","pcType":"NSTRING","precision":256,"scale":0,"columnIndex":-1,"isKey":false,"isExternalId":false,"isSfIdLookup":false,"isNullable":true,"isUnique":false,"isCreateable":false,"isUpdateable":true,"isFilterable":false,"isCalculated":false,"javaType":"java.lang.String","showLabel":true,"naturalOrder":36,"linkedFields":[],"relatedInfos":[],"references":[]}},{"@type":"fieldMap","id":"956905","targetField":{"@type":"field","id":2354529,"name":"emailPreference","type":"string","uniqueName":"emailPreference","label":"emailPreference","parentObject":"Vendor","pcType":"NSTRING","precision":256,"scale":0,"columnIndex":-1,"isKey":false,"isExternalId":false,"isSfIdLookup":false,"isNullable":true,"isUnique":false,"isCreateable":false,"isUpdateable":true,"isFilterable":true,"isCalculated":false,"javaType":"java.lang.String","showLabel":true,"naturalOrder":37,"linkedFields":[],"relatedInfos":[],"references":[]}},{"@type":"fieldMap","id":"956906","targetField":{"@type":"field","id":2354531,"name":"subsidiary_InternalId","type":"string","uniqueName":"subsidiary_InternalId","label":"subsidiary_InternalId","parentObject":"Vendor","pcType":"NSTRING","precision":256,"scale":0,"columnIndex":-1,"isKey":false,"isExternalId":false,"isSfIdLookup":false,"isNullable":true,"isUnique":false,"isCreateable":false,"isUpdateable":true,"isFilterable":false,"isCalculated":false,"javaType":"java.lang.String","showLabel":true,"naturalOrder":38,"linkedFields":[],"relatedInfos":[],"references":[]}},{"@type":"fieldMap","id":"956907","targetField":{"@type":"field","id":2354534,"name":"subsidiary_ExternalId","type":"string","uniqueName":"subsidiary_ExternalId","label":"subsidiary_ExternalId","parentObject":"Vendor","pcType":"NSTRING","precision":256,"scale":0,"columnIndex":-1,"isKey":false,"isExternalId":false,"isSfIdLookup":false,"isNullable":true,"isUnique":false,"isCreateable":false,"isUpdateable":true,"isFilterable":false,"isCalculated":false,"javaType":"java.lang.String","showLabel":true,"naturalOrder":39,"linkedFields":[],"relatedInfos":[],"references":[]}},{"@type":"fieldMap","id":"956908","targetField":{"@type":"field","id":2354536,"name":"subsidiary_Type","type":"string","uniqueName":"subsidiary_Type","label":"subsidiary_Type","parentObject":"Vendor","pcType":"NSTRING","precision":256,"scale":0,"columnIndex":-1,"isKey":false,"isExternalId":false,"isSfIdLookup":false,"isNullable":true,"isUnique":false,"isCreateable":false,"isUpdateable":true,"isFilterable":false,"isCalculated":false,"javaType":"java.lang.String","showLabel":true,"naturalOrder":40,"linkedFields":[],"relatedInfos":[],"references":[]}},{"@type":"fieldMap","id":"956909","targetField":{"@type":"field","id":2354539,"name":"subsidiary_Name","type":"string","uniqueName":"subsidiary_Name","label":"subsidiary_Name","parentObject":"Vendor","pcType":"NSTRING","precision":256,"scale":0,"columnIndex":-1,"isKey":false,"isExternalId":false,"isSfIdLookup":false,"isNullable":true,"isUnique":false,"isCreateable":false,"isUpdateable":true,"isFilterable":false,"isCalculated":false,"javaType":"java.lang.String","showLabel":true,"naturalOrder":41,"linkedFields":[],"relatedInfos":[],"references":[]}},{"@type":"fieldMap","id":"956910","targetField":{"@type":"field","id":2354542,"name":"representingSubsidiary_InternalId","type":"string","uniqueName":"representingSubsidiary_InternalId","label":"representingSubsidiary_InternalId","parentObject":"Vendor","pcType":"NSTRING","precision":256,"scale":0,"columnIndex":-1,"isKey":false,"isExternalId":false,"isSfIdLookup":false,"isNullable":true,"isUnique":false,"isCreateable":false,"isUpdateable":true,"isFilterable":false,"isCalculated":false,"javaType":"java.lang.String","showLabel":true,"naturalOrder":42,"linkedFields":[],"relatedInfos":[],"references":[]}},{"@type":"fieldMap","id":"956911","targetField":{"@type":"field","id":2354545,"name":"representingSubsidiary_ExternalId","type":"string","uniqueName":"representingSubsidiary_ExternalId","label":"representingSubsidiary_ExternalId","parentObject":"Vendor","pcType":"NSTRING","precision":256,"scale":0,"columnIndex":-1,"isKey":false,"isExternalId":false,"isSfIdLookup":false,"isNullable":true,"isUnique":false,"isCreateable":false,"isUpdateable":true,"isFilterable":false,"isCalculated":false,"javaType":"java.lang.String","showLabel":true,"naturalOrder":43,"linkedFields":[],"relatedInfos":[],"references":[]}},{"@type":"fieldMap","id":"956912","targetField":{"@type":"field","id":2354548,"name":"representingSubsidiary_Type","type":"string","uniqueName":"representingSubsidiary_Type","label":"representingSubsidiary_Type","parentObject":"Vendor","pcType":"NSTRING","precision":256,"scale":0,"columnIndex":-1,"isKey":false,"isExternalId":false,"isSfIdLookup":false,"isNullable":true,"isUnique":false,"isCreateable":false,"isUpdateable":true,"isFilterable":false,"isCalculated":false,"javaType":"java.lang.String","showLabel":true,"naturalOrder":44,"linkedFields":[],"relatedInfos":[],"references":[]}},{"@type":"fieldMap","id":"956913","targetField":{"@type":"field","id":2354551,"name":"representingSubsidiary_Name","type":"string","uniqueName":"representingSubsidiary_Name","label":"representingSubsidiary_Name","parentObject":"Vendor","pcType":"NSTRING","precision":256,"scale":0,"columnIndex":-1,"isKey":false,"isExternalId":false,"isSfIdLookup":false,"isNullable":true,"isUnique":false,"isCreateable":false,"isUpdateable":true,"isFilterable":false,"isCalculated":false,"javaType":"java.lang.String","showLabel":true,"naturalOrder":45,"linkedFields":[],"relatedInfos":[],"references":[]}},{"@type":"fieldMap","id":"956914","targetField":{"@type":"field","id":2354554,"name":"accountNumber","type":"string","uniqueName":"accountNumber","label":"accountNumber","parentObject":"Vendor","pcType":"NSTRING","precision":256,"scale":0,"columnIndex":-1,"isKey":false,"isExternalId":false,"isSfIdLookup":false,"isNullable":true,"isUnique":false,"isCreateable":false,"isUpdateable":true,"isFilterable":true,"isCalculated":false,"javaType":"java.lang.String","showLabel":true,"naturalOrder":46,"linkedFields":[],"relatedInfos":[],"references":[]}},{"@type":"fieldMap","id":"956915","targetField":{"@type":"field","id":2354557,"name":"legalName","type":"string","uniqueName":"legalName","label":"legalName","parentObject":"Vendor","pcType":"NSTRING","precision":256,"scale":0,"columnIndex":-1,"isKey":false,"isExternalId":false,"isSfIdLookup":false,"isNullable":true,"isUnique":false,"isCreateable":false,"isUpdateable":true,"isFilterable":false,"isCalculated":false,"javaType":"java.lang.String","showLabel":true,"naturalOrder":47,"linkedFields":[],"relatedInfos":[],"references":[]}},{"@type":"fieldMap","id":"956916","targetField":{"@type":"field","id":2354560,"name":"vatRegNumber","type":"string","uniqueName":"vatRegNumber","label":"vatRegNumber","parentObject":"Vendor","pcType":"NSTRING","precision":256,"scale":0,"columnIndex":-1,"isKey":false,"isExternalId":false,"isSfIdLookup":false,"isNullable":true,"isUnique":false,"isCreateable":false,"isUpdateable":true,"isFilterable":true,"isCalculated":false,"javaType":"java.lang.String","showLabel":true,"naturalOrder":48,"linkedFields":[],"relatedInfos":[],"references":[]}},{"@type":"fieldMap","id":"956917","targetField":{"@type":"field","id":2354563,"name":"expenseAccount_InternalId","type":"string","uniqueName":"expenseAccount_InternalId","label":"expenseAccount_InternalId","parentObject":"Vendor","pcType":"NSTRING","precision":256,"scale":0,"columnIndex":-1,"isKey":false,"isExternalId":false,"isSfIdLookup":false,"isNullable":true,"isUnique":false,"isCreateable":false,"isUpdateable":true,"isFilterable":false,"isCalculated":false,"javaType":"java.lang.String","showLabel":true,"naturalOrder":49,"linkedFields":[],"relatedInfos":[],"references":[]}},{"@type":"fieldMap","id":"956918","targetField":{"@type":"field","id":2354566,"name":"expenseAccount_ExternalId","type":"string","uniqueName":"expenseAccount_ExternalId","label":"expenseAccount_ExternalId","parentObject":"Vendor","pcType":"NSTRING","precision":256,"scale":0,"columnIndex":-1,"isKey":false,"isExternalId":false,"isSfIdLookup":false,"isNullable":true,"isUnique":false,"isCreateable":false,"isUpdateable":true,"isFilterable":false,"isCalculated":false,"javaType":"java.lang.String","showLabel":true,"naturalOrder":50,"linkedFields":[],"relatedInfos":[],"references":[]}},{"@type":"fieldMap","id":"956919","targetField":{"@type":"field","id":2354569,"name":"expenseAccount_Type","type":"string","uniqueName":"expenseAccount_Type","label":"expenseAccount_Type","parentObject":"Vendor","pcType":"NSTRING","precision":256,"scale":0,"columnIndex":-1,"isKey":false,"isExternalId":false,"isSfIdLookup":false,"isNullable":true,"isUnique":false,"isCreateable":false,"isUpdateable":true,"isFilterable":false,"isCalculated":false,"javaType":"java.lang.String","showLabel":true,"naturalOrder":51,"linkedFields":[],"relatedInfos":[],"references":[]}},{"@type":"fieldMap","id":"956920","targetField":{"@type":"field","id":2354572,"name":"expenseAccount_Name","type":"string","uniqueName":"expenseAccount_Name","label":"expenseAccount_Name","parentObject":"Vendor","pcType":"NSTRING","precision":256,"scale":0,"columnIndex":-1,"isKey":false,"isExternalId":false,"isSfIdLookup":false,"isNullable":true,"isUnique":false,"isCreateable":false,"isUpdateable":true,"isFilterable":false,"isCalculated":false,"javaType":"java.lang.String","showLabel":true,"naturalOrder":52,"linkedFields":[],"relatedInfos":[],"references":[]}},{"@type":"fieldMap","id":"956921","targetField":{"@type":"field","id":2354575,"name":"payablesAccount_InternalId","type":"string","uniqueName":"payablesAccount_InternalId","label":"payablesAccount_InternalId","parentObject":"Vendor","pcType":"NSTRING","precision":256,"scale":0,"columnIndex":-1,"isKey":false,"isExternalId":false,"isSfIdLookup":false,"isNullable":true,"isUnique":false,"isCreateable":false,"isUpdateable":true,"isFilterable":false,"isCalculated":false,"javaType":"java.lang.String","showLabel":true,"naturalOrder":53,"linkedFields":[],"relatedInfos":[],"references":[]}},{"@type":"fieldMap","id":"956922","targetField":{"@type":"field","id":2354578,"name":"payablesAccount_ExternalId","type":"string","uniqueName":"payablesAccount_ExternalId","label":"payablesAccount_ExternalId","parentObject":"Vendor","pcType":"NSTRING","precision":256,"scale":0,"columnIndex":-1,"isKey":false,"isExternalId":false,"isSfIdLookup":false,"isNullable":true,"isUnique":false,"isCreateable":false,"isUpdateable":true,"isFilterable":false,"isCalculated":false,"javaType":"java.lang.String","showLabel":true,"naturalOrder":54,"linkedFields":[],"relatedInfos":[],"references":[]}},{"@type":"fieldMap","id":"956923","targetField":{"@type":"field","id":2354581,"name":"payablesAccount_Type","type":"string","uniqueName":"payablesAccount_Type","label":"payablesAccount_Type","parentObject":"Vendor","pcType":"NSTRING","precision":256,"scale":0,"columnIndex":-1,"isKey":false,"isExternalId":false,"isSfIdLookup":false,"isNullable":true,"isUnique":false,"isCreateable":false,"isUpdateable":true,"isFilterable":false,"isCalculated":false,"javaType":"java.lang.String","showLabel":true,"naturalOrder":55,"linkedFields":[],"relatedInfos":[],"references":[]}},{"@type":"fieldMap","id":"956924","targetField":{"@type":"field","id":2354584,"name":"payablesAccount_Name","type":"string","uniqueName":"payablesAccount_Name","label":"payablesAccount_Name","parentObject":"Vendor","pcType":"NSTRING","precision":256,"scale":0,"columnIndex":-1,"isKey":false,"isExternalId":false,"isSfIdLookup":false,"isNullable":true,"isUnique":false,"isCreateable":false,"isUpdateable":true,"isFilterable":false,"isCalculated":false,"javaType":"java.lang.String","showLabel":true,"naturalOrder":56,"linkedFields":[],"relatedInfos":[],"references":[]}},{"@type":"fieldMap","id":"956925","targetField":{"@type":"field","id":2354587,"name":"terms_InternalId","type":"string","uniqueName":"terms_InternalId","label":"terms_InternalId","parentObject":"Vendor","pcType":"NSTRING","precision":256,"scale":0,"columnIndex":-1,"isKey":false,"isExternalId":false,"isSfIdLookup":false,"isNullable":true,"isUnique":false,"isCreateable":false,"isUpdateable":true,"isFilterable":false,"isCalculated":false,"javaType":"java.lang.String","showLabel":true,"naturalOrder":57,"linkedFields":[],"relatedInfos":[],"references":[]}},{"@type":"fieldMap","id":"956926","targetField":{"@type":"field","id":2354590,"name":"terms_ExternalId","type":"string","uniqueName":"terms_ExternalId","label":"terms_ExternalId","parentObject":"Vendor","pcType":"NSTRING","precision":256,"scale":0,"columnIndex":-1,"isKey":false,"isExternalId":false,"isSfIdLookup":false,"isNullable":true,"isUnique":false,"isCreateable":false,"isUpdateable":true,"isFilterable":false,"isCalculated":false,"javaType":"java.lang.String","showLabel":true,"naturalOrder":58,"linkedFields":[],"relatedInfos":[],"references":[]}},{"@type":"fieldMap","id":"956927","targetField":{"@type":"field","id":2354593,"name":"terms_Type","type":"string","uniqueName":"terms_Type","label":"terms_Type","parentObject":"Vendor","pcType":"NSTRING","precision":256,"scale":0,"columnIndex":-1,"isKey":false,"isExternalId":false,"isSfIdLookup":false,"isNullable":true,"isUnique":false,"isCreateable":false,"isUpdateable":true,"isFilterable":false,"isCalculated":false,"javaType":"java.lang.String","showLabel":true,"naturalOrder":59,"linkedFields":[],"relatedInfos":[],"references":[]}},{"@type":"fieldMap","id":"956928","targetField":{"@type":"field","id":2354596,"name":"terms_Name","type":"string","uniqueName":"terms_Name","label":"terms_Name","parentObject":"Vendor","pcType":"NSTRING","precision":256,"scale":0,"columnIndex":-1,"isKey":false,"isExternalId":false,"isSfIdLookup":false,"isNullable":true,"isUnique":false,"isCreateable":false,"isUpdateable":true,"isFilterable":false,"isCalculated":false,"javaType":"java.lang.String","showLabel":true,"naturalOrder":60,"linkedFields":[],"relatedInfos":[],"references":[]}},{"@type":"fieldMap","id":"956929","targetField":{"@type":"field","id":2354600,"name":"incoterm_InternalId","type":"string","uniqueName":"incoterm_InternalId","label":"incoterm_InternalId","parentObject":"Vendor","pcType":"NSTRING","precision":256,"scale":0,"columnIndex":-1,"isKey":false,"isExternalId":false,"isSfIdLookup":false,"isNullable":true,"isUnique":false,"isCreateable":false,"isUpdateable":true,"isFilterable":false,"isCalculated":false,"javaType":"java.lang.String","showLabel":true,"naturalOrder":61,"linkedFields":[],"relatedInfos":[],"references":[]}},{"@type":"fieldMap","id":"956930","targetField":{"@type":"field","id":2354602,"name":"incoterm_ExternalId","type":"string","uniqueName":"incoterm_ExternalId","label":"incoterm_ExternalId","parentObject":"Vendor","pcType":"NSTRING","precision":256,"scale":0,"columnIndex":-1,"isKey":false,"isExternalId":false,"isSfIdLookup":false,"isNullable":true,"isUnique":false,"isCreateable":false,"isUpdateable":true,"isFilterable":false,"isCalculated":false,"javaType":"java.lang.String","showLabel":true,"naturalOrder":62,"linkedFields":[],"relatedInfos":[],"references":[]}},{"@type":"fieldMap","id":"956931","targetField":{"@type":"field","id":2354603,"name":"incoterm_Type","type":"string","uniqueName":"incoterm_Type","label":"incoterm_Type","parentObject":"Vendor","pcType":"NSTRING","precision":256,"scale":0,"columnIndex":-1,"isKey":false,"isExternalId":false,"isSfIdLookup":false,"isNullable":true,"isUnique":false,"isCreateable":false,"isUpdateable":true,"isFilterable":false,"isCalculated":false,"javaType":"java.lang.String","showLabel":true,"naturalOrder":63,"linkedFields":[],"relatedInfos":[],"references":[]}},{"@type":"fieldMap","id":"956932","targetField":{"@type":"field","id":2354604,"name":"incoterm_Name","type":"string","uniqueName":"incoterm_Name","label":"incoterm_Name","parentObject":"Vendor","pcType":"NSTRING","precision":256,"scale":0,"columnIndex":-1,"isKey":false,"isExternalId":false,"isSfIdLookup":false,"isNullable":true,"isUnique":false,"isCreateable":false,"isUpdateable":true,"isFilterable":false,"isCalculated":false,"javaType":"java.lang.String","showLabel":true,"naturalOrder":64,"linkedFields":[],"relatedInfos":[],"references":[]}},{"@type":"fieldMap","id":"956933","targetField":{"@type":"field","id":2354605,"name":"creditLimit","type":"double","uniqueName":"creditLimit","label":"creditLimit","parentObject":"Vendor","pcType":"DECIMAL","precision":15,"scale":0,"columnIndex":-1,"isKey":false,"isExternalId":false,"isSfIdLookup":false,"isNullable":true,"isUnique":false,"isCreateable":false,"isUpdateable":true,"isFilterable":true,"isCalculated":false,"javaType":"java.math.BigDecimal","showLabel":true,"naturalOrder":65,"linkedFields":[],"relatedInfos":[],"references":[]}},{"@type":"fieldMap","id":"956934","targetField":{"@type":"field","id":2354606,"name":"balancePrimary","type":"double","uniqueName":"balancePrimary","label":"balancePrimary","parentObject":"Vendor","pcType":"DECIMAL","precision":15,"scale":0,"columnIndex":-1,"isKey":false,"isExternalId":false,"isSfIdLookup":false,"isNullable":true,"isUnique":false,"isCreateable":false,"isUpdateable":true,"isFilterable":false,"isCalculated":false,"javaType":"java.math.BigDecimal","showLabel":true,"naturalOrder":66,"linkedFields":[],"relatedInfos":[],"references":[]}},{"@type":"fieldMap","id":"956935","targetField":{"@type":"field","id":2354607,"name":"openingBalance","type":"double","uniqueName":"openingBalance","label":"openingBalance","parentObject":"Vendor","pcType":"DECIMAL","precision":15,"scale":0,"columnIndex":-1,"isKey":false,"isExternalId":false,"isSfIdLookup":false,"isNullable":true,"isUnique":false,"isCreateable":false,"isUpdateable":true,"isFilterable":false,"isCalculated":false,"javaType":"java.math.BigDecimal","showLabel":true,"naturalOrder":67,"linkedFields":[],"relatedInfos":[],"references":[]}},{"@type":"fieldMap","id":"956936","targetField":{"@type":"field","id":2354608,"name":"openingBalanceDate","type":"datetime","uniqueName":"openingBalanceDate","label":"openingBalanceDate","parentObject":"Vendor","pcType":"TOOLKIT_DATETIME","precision":19,"scale":0,"columnIndex":-1,"isKey":false,"isExternalId":false,"isSfIdLookup":false,"isNullable":true,"isUnique":false,"isCreateable":false,"isUpdateable":true,"isFilterable":false,"isCalculated":false,"javaType":"java.sql.Timestamp","showLabel":true,"naturalOrder":68,"linkedFields":[],"relatedInfos":[],"references":[]}},{"@type":"fieldMap","id":"956937","targetField":{"@type":"field","id":2354609,"name":"openingBalanceAccount_InternalId","type":"string","uniqueName":"openingBalanceAccount_InternalId","label":"openingBalanceAccount_InternalId","parentObject":"Vendor","pcType":"NSTRING","precision":256,"scale":0,"columnIndex":-1,"isKey":false,"isExternalId":false,"isSfIdLookup":false,"isNullable":true,"isUnique":false,"isCreateable":false,"isUpdateable":true,"isFilterable":false,"isCalculated":false,"javaType":"java.lang.String","showLabel":true,"naturalOrder":69,"linkedFields":[],"relatedInfos":[],"references":[]}},{"@type":"fieldMap","id":"956938","targetField":{"@type":"field","id":2354610,"name":"openingBalanceAccount_ExternalId","type":"string","uniqueName":"openingBalanceAccount_ExternalId","label":"openingBalanceAccount_ExternalId","parentObject":"Vendor","pcType":"NSTRING","precision":256,"scale":0,"columnIndex":-1,"isKey":false,"isExternalId":false,"isSfIdLookup":false,"isNullable":true,"isUnique":false,"isCreateable":false,"isUpdateable":true,"isFilterable":false,"isCalculated":false,"javaType":"java.lang.String","showLabel":true,"naturalOrder":70,"linkedFields":[],"relatedInfos":[],"references":[]}},{"@type":"fieldMap","id":"956939","targetField":{"@type":"field","id":2354611,"name":"openingBalanceAccount_Type","type":"string","uniqueName":"openingBalanceAccount_Type","label":"openingBalanceAccount_Type","parentObject":"Vendor","pcType":"NSTRING","precision":256,"scale":0,"columnIndex":-1,"isKey":false,"isExternalId":false,"isSfIdLookup":false,"isNullable":true,"isUnique":false,"isCreateable":false,"isUpdateable":true,"isFilterable":false,"isCalculated":false,"javaType":"java.lang.String","showLabel":true,"naturalOrder":71,"linkedFields":[],"relatedInfos":[],"references":[]}},{"@type":"fieldMap","id":"956940","targetField":{"@type":"field","id":2354612,"name":"openingBalanceAccount_Name","type":"string","uniqueName":"openingBalanceAccount_Name","label":"openingBalanceAccount_Name","parentObject":"Vendor","pcType":"NSTRING","precision":256,"scale":0,"columnIndex":-1,"isKey":false,"isExternalId":false,"isSfIdLookup":false,"isNullable":true,"isUnique":false,"isCreateable":false,"isUpdateable":true,"isFilterable":false,"isCalculated":false,"javaType":"java.lang.String","showLabel":true,"naturalOrder":72,"linkedFields":[],"relatedInfos":[],"references":[]}},{"@type":"fieldMap","id":"956941","targetField":{"@type":"field","id":2354613,"name":"balance","type":"double","uniqueName":"balance","label":"balance","parentObject":"Vendor","pcType":"DECIMAL","precision":15,"scale":0,"columnIndex":-1,"isKey":false,"isExternalId":false,"isSfIdLookup":false,"isNullable":true,"isUnique":false,"isCreateable":false,"isUpdateable":true,"isFilterable":true,"isCalculated":false,"javaType":"java.math.BigDecimal","showLabel":true,"naturalOrder":73,"linkedFields":[],"relatedInfos":[],"references":[]}},{"@type":"fieldMap","id":"956942","targetField":{"@type":"field","id":2354614,"name":"unbilledOrdersPrimary","type":"double","uniqueName":"unbilledOrdersPrimary","label":"unbilledOrdersPrimary","parentObject":"Vendor","pcType":"DECIMAL","precision":15,"scale":0,"columnIndex":-1,"isKey":false,"isExternalId":false,"isSfIdLookup":false,"isNullable":true,"isUnique":false,"isCreateable":false,"isUpdateable":true,"isFilterable":false,"isCalculated":false,"javaType":"java.math.BigDecimal","showLabel":true,"naturalOrder":74,"linkedFields":[],"relatedInfos":[],"references":[]}},{"@type":"fieldMap","id":"956943","targetField":{"@type":"field","id":2354615,"name":"bcn","type":"string","uniqueName":"bcn","label":"bcn","parentObject":"Vendor","pcType":"NSTRING","precision":256,"scale":0,"columnIndex":-1,"isKey":false,"isExternalId":false,"isSfIdLookup":false,"isNullable":true,"isUnique":false,"isCreateable":false,"isUpdateable":true,"isFilterable":false,"isCalculated":false,"javaType":"java.lang.String","showLabel":true,"naturalOrder":75,"linkedFields":[],"relatedInfos":[],"references":[]}},{"@type":"fieldMap","id":"956944","targetField":{"@type":"field","id":2354616,"name":"unbilledOrders","type":"double","uniqueName":"unbilledOrders","label":"unbilledOrders","parentObject":"Vendor","pcType":"DECIMAL","precision":15,"scale":0,"columnIndex":-1,"isKey":false,"isExternalId":false,"isSfIdLookup":false,"isNullable":true,"isUnique":false,"isCreateable":false,"isUpdateable":true,"isFilterable":true,"isCalculated":false,"javaType":"java.math.BigDecimal","showLabel":true,"naturalOrder":76,"linkedFields":[],"relatedInfos":[],"references":[]}},{"@type":"fieldMap","id":"956945","targetField":{"@type":"field","id":2354617,"name":"currency_InternalId","type":"string","uniqueName":"currency_InternalId","label":"currency_InternalId","parentObject":"Vendor","pcType":"NSTRING","precision":256,"scale":0,"columnIndex":-1,"isKey":false,"isExternalId":false,"isSfIdLookup":false,"isNullable":true,"isUnique":false,"isCreateable":false,"isUpdateable":true,"isFilterable":false,"isCalculated":false,"javaType":"java.lang.String","showLabel":true,"naturalOrder":77,"linkedFields":[],"relatedInfos":[],"references":[]}},{"@type":"fieldMap","id":"956946","targetField":{"@type":"field","id":2354618,"name":"currency_ExternalId","type":"string","uniqueName":"currency_ExternalId","label":"currency_ExternalId","parentObject":"Vendor","pcType":"NSTRING","precision":256,"scale":0,"columnIndex":-1,"isKey":false,"isExternalId":false,"isSfIdLookup":false,"isNullable":true,"isUnique":false,"isCreateable":false,"isUpdateable":true,"isFilterable":false,"isCalculated":false,"javaType":"java.lang.String","showLabel":true,"naturalOrder":78,"linkedFields":[],"relatedInfos":[],"references":[]}},{"@type":"fieldMap","id":"956947","targetField":{"@type":"field","id":2354619,"name":"currency_Type","type":"string","uniqueName":"currency_Type","label":"currency_Type","parentObject":"Vendor","pcType":"NSTRING","precision":256,"scale":0,"columnIndex":-1,"isKey":false,"isExternalId":false,"isSfIdLookup":false,"isNullable":true,"isUnique":false,"isCreateable":false,"isUpdateable":true,"isFilterable":false,"isCalculated":false,"javaType":"java.lang.String","showLabel":true,"naturalOrder":79,"linkedFields":[],"relatedInfos":[],"references":[]}},{"@type":"fieldMap","id":"956948","targetField":{"@type":"field","id":2354620,"name":"currency_Name","type":"string","uniqueName":"currency_Name","label":"currency_Name","parentObject":"Vendor","pcType":"NSTRING","precision":256,"scale":0,"columnIndex":-1,"isKey":false,"isExternalId":false,"isSfIdLookup":false,"isNullable":true,"isUnique":false,"isCreateable":false,"isUpdateable":true,"isFilterable":false,"isCalculated":false,"javaType":"java.lang.String","showLabel":true,"naturalOrder":80,"linkedFields":[],"relatedInfos":[],"references":[]}},{"@type":"fieldMap","id":"956949","targetField":{"@type":"field","id":2354621,"name":"is1099Eligible","type":"boolean","uniqueName":"is1099Eligible","label":"is1099Eligible","parentObject":"Vendor","pcType":"SMALL_INTEGER","precision":2,"scale":0,"columnIndex":-1,"isKey":false,"isExternalId":false,"isSfIdLookup":false,"isNullable":true,"isUnique":false,"isCreateable":false,"isUpdateable":true,"isFilterable":true,"isCalculated":false,"javaType":"java.lang.Boolean","showLabel":true,"naturalOrder":81,"linkedFields":[],"relatedInfos":[],"references":[]}},{"@type":"fieldMap","id":"956950","targetField":{"@type":"field","id":2354622,"name":"isJobResourceVend","type":"boolean","uniqueName":"isJobResourceVend","label":"isJobResourceVend","parentObject":"Vendor","pcType":"SMALL_INTEGER","precision":2,"scale":0,"columnIndex":-1,"isKey":false,"isExternalId":false,"isSfIdLookup":false,"isNullable":true,"isUnique":false,"isCreateable":false,"isUpdateable":true,"isFilterable":true,"isCalculated":false,"javaType":"java.lang.Boolean","showLabel":true,"naturalOrder":82,"linkedFields":[],"relatedInfos":[],"references":[]}},{"@type":"fieldMap","id":"956951","targetField":{"@type":"field","id":2354623,"name":"laborCost","type":"double","uniqueName":"laborCost","label":"laborCost","parentObject":"Vendor","pcType":"DECIMAL","precision":15,"scale":0,"columnIndex":-1,"isKey":false,"isExternalId":false,"isSfIdLookup":false,"isNullable":true,"isUnique":false,"isCreateable":false,"isUpdateable":true,"isFilterable":true,"isCalculated":false,"javaType":"java.math.BigDecimal","showLabel":true,"naturalOrder":83,"linkedFields":[],"relatedInfos":[],"references":[]}},{"@type":"fieldMap","id":"956952","targetField":{"@type":"field","id":2354624,"name":"purchaseOrderQuantity","type":"double","uniqueName":"purchaseOrderQuantity","label":"purchaseOrderQuantity","parentObject":"Vendor","pcType":"DECIMAL","precision":15,"scale":0,"columnIndex":-1,"isKey":false,"isExternalId":false,"isSfIdLookup":false,"isNullable":true,"isUnique":false,"isCreateable":false,"isUpdateable":true,"isFilterable":true,"isCalculated":false,"javaType":"java.math.BigDecimal","showLabel":true,"naturalOrder":84,"linkedFields":[],"relatedInfos":[],"references":[]}},{"@type":"fieldMap","id":"956953","targetField":{"@type":"field","id":2354625,"name":"purchaseOrderAmount","type":"double","uniqueName":"purchaseOrderAmount","label":"purchaseOrderAmount","parentObject":"Vendor","pcType":"DECIMAL","precision":15,"scale":0,"columnIndex":-1,"isKey":false,"isExternalId":false,"isSfIdLookup":false,"isNullable":true,"isUnique":false,"isCreateable":false,"isUpdateable":true,"isFilterable":true,"isCalculated":false,"javaType":"java.math.BigDecimal","showLabel":true,"naturalOrder":85,"linkedFields":[],"relatedInfos":[],"references":[]}},{"@type":"fieldMap","id":"956954","targetField":{"@type":"field","id":2354626,"name":"purchaseOrderQuantityDiff","type":"double","uniqueName":"purchaseOrderQuantityDiff","label":"purchaseOrderQuantityDiff","parentObject":"Vendor","pcType":"DECIMAL","precision":15,"scale":0,"columnIndex":-1,"isKey":false,"isExternalId":false,"isSfIdLookup":false,"isNullable":true,"isUnique":false,"isCreateable":false,"isUpdateable":true,"isFilterable":true,"isCalculated":false,"javaType":"java.math.BigDecimal","showLabel":true,"naturalOrder":86,"linkedFields":[],"relatedInfos":[],"references":[]}},{"@type":"fieldMap","id":"956955","targetField":{"@type":"field","id":2354627,"name":"receiptQuantity","type":"double","uniqueName":"receiptQuantity","label":"receiptQuantity","parentObject":"Vendor","pcType":"DECIMAL","precision":15,"scale":0,"columnIndex":-1,"isKey":false,"isExternalId":false,"isSfIdLookup":false,"isNullable":true,"isUnique":false,"isCreateable":false,"isUpdateable":true,"isFilterable":true,"isCalculated":false,"javaType":"java.math.BigDecimal","showLabel":true,"naturalOrder":87,"linkedFields":[],"relatedInfos":[],"references":[]}},{"@type":"fieldMap","id":"956956","targetField":{"@type":"field","id":2354628,"name":"receiptAmount","type":"double","uniqueName":"receiptAmount","label":"receiptAmount","parentObject":"Vendor","pcType":"DECIMAL","precision":15,"scale":0,"columnIndex":-1,"isKey":false,"isExternalId":false,"isSfIdLookup":false,"isNullable":true,"isUnique":false,"isCreateable":false,"isUpdateable":true,"isFilterable":true,"isCalculated":false,"javaType":"java.math.BigDecimal","showLabel":true,"naturalOrder":88,"linkedFields":[],"relatedInfos":[],"references":[]}},{"@type":"fieldMap","id":"956957","targetField":{"@type":"field","id":2354629,"name":"receiptQuantityDiff","type":"double","uniqueName":"receiptQuantityDiff","label":"receiptQuantityDiff","parentObject":"Vendor","pcType":"DECIMAL","precision":15,"scale":0,"columnIndex":-1,"isKey":false,"isExternalId":false,"isSfIdLookup":false,"isNullable":true,"isUnique":false,"isCreateable":false,"isUpdateable":true,"isFilterable":true,"isCalculated":false,"javaType":"java.math.BigDecimal","showLabel":true,"naturalOrder":89,"linkedFields":[],"relatedInfos":[],"references":[]}},{"@type":"fieldMap","id":"956958","targetField":{"@type":"field","id":2354630,"name":"workCalendar_InternalId","type":"string","uniqueName":"workCalendar_InternalId","label":"workCalendar_InternalId","parentObject":"Vendor","pcType":"NSTRING","precision":256,"scale":0,"columnIndex":-1,"isKey":false,"isExternalId":false,"isSfIdLookup":false,"isNullable":true,"isUnique":false,"isCreateable":false,"isUpdateable":true,"isFilterable":false,"isCalculated":false,"javaType":"java.lang.String","showLabel":true,"naturalOrder":90,"linkedFields":[],"relatedInfos":[],"references":[]}},{"@type":"fieldMap","id":"956959","targetField":{"@type":"field","id":2354631,"name":"workCalendar_ExternalId","type":"string","uniqueName":"workCalendar_ExternalId","label":"workCalendar_ExternalId","parentObject":"Vendor","pcType":"NSTRING","precision":256,"scale":0,"columnIndex":-1,"isKey":false,"isExternalId":false,"isSfIdLookup":false,"isNullable":true,"isUnique":false,"isCreateable":false,"isUpdateable":true,"isFilterable":false,"isCalculated":false,"javaType":"java.lang.String","showLabel":true,"naturalOrder":91,"linkedFields":[],"relatedInfos":[],"references":[]}},{"@type":"fieldMap","id":"956960","targetField":{"@type":"field","id":2354632,"name":"workCalendar_Type","type":"string","uniqueName":"workCalendar_Type","label":"workCalendar_Type","parentObject":"Vendor","pcType":"NSTRING","precision":256,"scale":0,"columnIndex":-1,"isKey":false,"isExternalId":false,"isSfIdLookup":false,"isNullable":true,"isUnique":false,"isCreateable":false,"isUpdateable":true,"isFilterable":false,"isCalculated":false,"javaType":"java.lang.String","showLabel":true,"naturalOrder":92,"linkedFields":[],"relatedInfos":[],"references":[]}},{"@type":"fieldMap","id":"956961","targetField":{"@type":"field","id":2354633,"name":"workCalendar_Name","type":"string","uniqueName":"workCalendar_Name","label":"workCalendar_Name","parentObject":"Vendor","pcType":"NSTRING","precision":256,"scale":0,"columnIndex":-1,"isKey":false,"isExternalId":false,"isSfIdLookup":false,"isNullable":true,"isUnique":false,"isCreateable":false,"isUpdateable":true,"isFilterable":false,"isCalculated":false,"javaType":"java.lang.String","showLabel":true,"naturalOrder":93,"linkedFields":[],"relatedInfos":[],"references":[]}},{"@type":"fieldMap","id":"956962","targetField":{"@type":"field","id":2354634,"name":"taxIdNum","type":"string","uniqueName":"taxIdNum","label":"taxIdNum","parentObject":"Vendor","pcType":"NSTRING","precision":256,"scale":0,"columnIndex":-1,"isKey":false,"isExternalId":false,"isSfIdLookup":false,"isNullable":true,"isUnique":false,"isCreateable":false,"isUpdateable":true,"isFilterable":true,"isCalculated":false,"javaType":"java.lang.String","showLabel":true,"naturalOrder":94,"linkedFields":[],"relatedInfos":[],"references":[]}},{"@type":"fieldMap","id":"956963","targetField":{"@type":"field","id":2354635,"name":"taxItem_InternalId","type":"string","uniqueName":"taxItem_InternalId","label":"taxItem_InternalId","parentObject":"Vendor","pcType":"NSTRING","precision":256,"scale":0,"columnIndex":-1,"isKey":false,"isExternalId":false,"isSfIdLookup":false,"isNullable":true,"isUnique":false,"isCreateable":false,"isUpdateable":true,"isFilterable":false,"isCalculated":false,"javaType":"java.lang.String","showLabel":true,"naturalOrder":95,"linkedFields":[],"relatedInfos":[],"references":[]}},{"@type":"fieldMap","id":"956964","targetField":{"@type":"field","id":2354636,"name":"taxItem_ExternalId","type":"string","uniqueName":"taxItem_ExternalId","label":"taxItem_ExternalId","parentObject":"Vendor","pcType":"NSTRING","precision":256,"scale":0,"columnIndex":-1,"isKey":false,"isExternalId":false,"isSfIdLookup":false,"isNullable":true,"isUnique":false,"isCreateable":false,"isUpdateable":true,"isFilterable":false,"isCalculated":false,"javaType":"java.lang.String","showLabel":true,"naturalOrder":96,"linkedFields":[],"relatedInfos":[],"references":[]}},{"@type":"fieldMap","id":"956965","targetField":{"@type":"field","id":2354637,"name":"taxItem_Type","type":"string","uniqueName":"taxItem_Type","label":"taxItem_Type","parentObject":"Vendor","pcType":"NSTRING","precision":256,"scale":0,"columnIndex":-1,"isKey":false,"isExternalId":false,"isSfIdLookup":false,"isNullable":true,"isUnique":false,"isCreateable":false,"isUpdateable":true,"isFilterable":false,"isCalculated":false,"javaType":"java.lang.String","showLabel":true,"naturalOrder":97,"linkedFields":[],"relatedInfos":[],"references":[]}},{"@type":"fieldMap","id":"956966","targetField":{"@type":"field","id":2354638,"name":"taxItem_Name","type":"string","uniqueName":"taxItem_Name","label":"taxItem_Name","parentObject":"Vendor","pcType":"NSTRING","precision":256,"scale":0,"columnIndex":-1,"isKey":false,"isExternalId":false,"isSfIdLookup":false,"isNullable":true,"isUnique":false,"isCreateable":false,"isUpdateable":true,"isFilterable":false,"isCalculated":false,"javaType":"java.lang.String","showLabel":true,"naturalOrder":98,"linkedFields":[],"relatedInfos":[],"references":[]}},{"@type":"fieldMap","id":"956967","targetField":{"@type":"field","id":2354639,"name":"giveAccess","type":"boolean","uniqueName":"giveAccess","label":"giveAccess","parentObject":"Vendor","pcType":"SMALL_INTEGER","precision":2,"scale":0,"columnIndex":-1,"isKey":false,"isExternalId":false,"isSfIdLookup":false,"isNullable":true,"isUnique":false,"isCreateable":false,"isUpdateable":true,"isFilterable":true,"isCalculated":false,"javaType":"java.lang.Boolean","showLabel":true,"naturalOrder":99,"linkedFields":[],"relatedInfos":[],"references":[]}},{"@type":"fieldMap","id":"956968","targetField":{"@type":"field","id":2354640,"name":"sendEmail","type":"boolean","uniqueName":"sendEmail","label":"sendEmail","parentObject":"Vendor","pcType":"SMALL_INTEGER","precision":2,"scale":0,"columnIndex":-1,"isKey":false,"isExternalId":false,"isSfIdLookup":false,"isNullable":true,"isUnique":false,"isCreateable":false,"isUpdateable":true,"isFilterable":false,"isCalculated":false,"javaType":"java.lang.Boolean","showLabel":true,"naturalOrder":100,"linkedFields":[],"relatedInfos":[],"references":[]}},{"@type":"fieldMap","id":"956969","targetField":{"@type":"field","id":2354641,"name":"billPay","type":"boolean","uniqueName":"billPay","label":"billPay","parentObject":"Vendor","pcType":"SMALL_INTEGER","precision":2,"scale":0,"columnIndex":-1,"isKey":false,"isExternalId":false,"isSfIdLookup":false,"isNullable":true,"isUnique":false,"isCreateable":false,"isUpdateable":true,"isFilterable":false,"isCalculated":false,"javaType":"java.lang.Boolean","showLabel":true,"naturalOrder":101,"linkedFields":[],"relatedInfos":[],"references":[]}},{"@type":"fieldMap","id":"956970","targetField":{"@type":"field","id":2354642,"name":"isAccountant","type":"boolean","uniqueName":"isAccountant","label":"isAccountant","parentObject":"Vendor","pcType":"SMALL_INTEGER","precision":2,"scale":0,"columnIndex":-1,"isKey":false,"isExternalId":false,"isSfIdLookup":false,"isNullable":true,"isUnique":false,"isCreateable":false,"isUpdateable":true,"isFilterable":false,"isCalculated":false,"javaType":"java.lang.Boolean","showLabel":true,"naturalOrder":102,"linkedFields":[],"relatedInfos":[],"references":[]}},{"@type":"fieldMap","id":"956971","targetField":{"@type":"field","id":2354643,"name":"password","type":"string","uniqueName":"password","label":"password","parentObject":"Vendor","pcType":"NSTRING","precision":256,"scale":0,"columnIndex":-1,"isKey":false,"isExternalId":false,"isSfIdLookup":false,"isNullable":true,"isUnique":false,"isCreateable":false,"isUpdateable":true,"isFilterable":false,"isCalculated":false,"javaType":"java.lang.String","showLabel":true,"naturalOrder":103,"linkedFields":[],"relatedInfos":[],"references":[]}},{"@type":"fieldMap","id":"956972","targetField":{"@type":"field","id":2354644,"name":"password2","type":"string","uniqueName":"password2","label":"password2","parentObject":"Vendor","pcType":"NSTRING","precision":256,"scale":0,"columnIndex":-1,"isKey":false,"isExternalId":false,"isSfIdLookup":false,"isNullable":true,"isUnique":false,"isCreateable":false,"isUpdateable":true,"isFilterable":false,"isCalculated":false,"javaType":"java.lang.String","showLabel":true,"naturalOrder":104,"linkedFields":[],"relatedInfos":[],"references":[]}},{"@type":"fieldMap","id":"956973","targetField":{"@type":"field","id":2354645,"name":"requirePwdChange","type":"boolean","uniqueName":"requirePwdChange","label":"requirePwdChange","parentObject":"Vendor","pcType":"SMALL_INTEGER","precision":2,"scale":0,"columnIndex":-1,"isKey":false,"isExternalId":false,"isSfIdLookup":false,"isNullable":true,"isUnique":false,"isCreateable":false,"isUpdateable":true,"isFilterable":false,"isCalculated":false,"javaType":"java.lang.Boolean","showLabel":true,"naturalOrder":105,"linkedFields":[],"relatedInfos":[],"references":[]}},{"@type":"fieldMap","id":"956974","targetField":{"@type":"field","id":2354646,"name":"eligibleForCommission","type":"boolean","uniqueName":"eligibleForCommission","label":"eligibleForCommission","parentObject":"Vendor","pcType":"SMALL_INTEGER","precision":2,"scale":0,"columnIndex":-1,"isKey":false,"isExternalId":false,"isSfIdLookup":false,"isNullable":true,"isUnique":false,"isCreateable":false,"isUpdateable":true,"isFilterable":true,"isCalculated":false,"javaType":"java.lang.Boolean","showLabel":true,"naturalOrder":106,"linkedFields":[],"relatedInfos":[],"references":[]}},{"@type":"fieldMap","id":"956975","targetField":{"@type":"field","id":2354647,"name":"emailTransactions","type":"boolean","uniqueName":"emailTransactions","label":"emailTransactions","parentObject":"Vendor","pcType":"SMALL_INTEGER","precision":2,"scale":0,"columnIndex":-1,"isKey":false,"isExternalId":false,"isSfIdLookup":false,"isNullable":true,"isUnique":false,"isCreateable":false,"isUpdateable":true,"isFilterable":true,"isCalculated":false,"javaType":"java.lang.Boolean","showLabel":true,"naturalOrder":107,"linkedFields":[],"relatedInfos":[],"references":[]}},{"@type":"fieldMap","id":"956976","targetField":{"@type":"field","id":2354648,"name":"printTransactions","type":"boolean","uniqueName":"printTransactions","label":"printTransactions","parentObject":"Vendor","pcType":"SMALL_INTEGER","precision":2,"scale":0,"columnIndex":-1,"isKey":false,"isExternalId":false,"isSfIdLookup":false,"isNullable":true,"isUnique":false,"isCreateable":false,"isUpdateable":true,"isFilterable":true,"isCalculated":false,"javaType":"java.lang.Boolean","showLabel":true,"naturalOrder":108,"linkedFields":[],"relatedInfos":[],"references":[]}},{"@type":"fieldMap","id":"956977","targetField":{"@type":"field","id":2354649,"name":"faxTransactions","type":"boolean","uniqueName":"faxTransactions","label":"faxTransactions","parentObject":"Vendor","pcType":"SMALL_INTEGER","precision":2,"scale":0,"columnIndex":-1,"isKey":false,"isExternalId":false,"isSfIdLookup":false,"isNullable":true,"isUnique":false,"isCreateable":false,"isUpdateable":true,"isFilterable":true,"isCalculated":false,"javaType":"java.lang.Boolean","showLabel":true,"naturalOrder":109,"linkedFields":[],"relatedInfos":[],"references":[]}},{"@type":"fieldMap","id":"956978","targetField":{"@type":"field","id":2354650,"name":"internalId","type":"string","uniqueName":"internalId","label":"internalId","parentObject":"Vendor","pcType":"NSTRING","precision":256,"scale":0,"columnIndex":-1,"isKey":true,"isExternalId":false,"isSfIdLookup":false,"isNullable":true,"isUnique":false,"isCreateable":false,"isUpdateable":true,"isFilterable":true,"isCalculated":false,"javaType":"java.lang.String","showLabel":true,"naturalOrder":110,"linkedFields":["NS_internalId"],"relatedInfos":[],"references":[]},"expression":"NS_internalId"},{"@type":"fieldMap","id":"956979","targetField":{"@type":"field","id":2354651,"name":"externalId","type":"string","uniqueName":"externalId","label":"externalId","parentObject":"Vendor","pcType":"NSTRING","precision":256,"scale":0,"columnIndex":-1,"isKey":false,"isExternalId":false,"isSfIdLookup":false,"isNullable":true,"isUnique":false,"isCreateable":false,"isUpdateable":true,"isFilterable":true,"isCalculated":false,"javaType":"java.lang.String","showLabel":true,"naturalOrder":111,"linkedFields":["Coupa_Id"],"relatedInfos":[],"references":[]},"expression":"Coupa_Id"},{"@type":"fieldMap","id":"956980","targetField":{"@type":"field","id":2354652,"name":"custom_ACH_Enabled","type":"check_box","uniqueName":"custom_ACH_Enabled","label":"custom_ACH_Enabled","parentObject":"Vendor","pcType":"SMALL_INTEGER","precision":10,"scale":0,"columnIndex":-1,"isKey":false,"isExternalId":false,"isSfIdLookup":false,"isNullable":true,"isUnique":false,"isCreateable":false,"isUpdateable":true,"isFilterable":true,"isCalculated":false,"javaType":"java.lang.Boolean","showLabel":true,"naturalOrder":112,"linkedFields":[],"relatedInfos":[],"references":[]}},{"@type":"fieldMap","id":"956981","targetField":{"@type":"field","id":2354653,"name":"custom_PayPal_Email","type":"string","uniqueName":"custom_PayPal_Email","label":"custom_PayPal_Email","parentObject":"Vendor","pcType":"NSTRING","precision":256,"scale":0,"columnIndex":-1,"isKey":false,"isExternalId":false,"isSfIdLookup":false,"isNullable":true,"isUnique":false,"isCreateable":false,"isUpdateable":true,"isFilterable":true,"isCalculated":false,"javaType":"java.lang.String","showLabel":true,"naturalOrder":113,"linkedFields":[],"relatedInfos":[],"references":[]}},{"@type":"fieldMap","id":"956982","targetField":{"@type":"field","id":2354654,"name":"custom_PayPal_Enabled","type":"check_box","uniqueName":"custom_PayPal_Enabled","label":"custom_PayPal_Enabled","parentObject":"Vendor","pcType":"SMALL_INTEGER","precision":10,"scale":0,"columnIndex":-1,"isKey":false,"isExternalId":false,"isSfIdLookup":false,"isNullable":true,"isUnique":false,"isCreateable":false,"isUpdateable":true,"isFilterable":true,"isCalculated":false,"javaType":"java.lang.Boolean","showLabel":true,"naturalOrder":114,"linkedFields":[],"relatedInfos":[],"references":[]}},{"@type":"fieldMap","id":"956983","targetField":{"@type":"field","id":2354655,"name":"custom_Exclude_From_Avid_Payments","type":"check_box","uniqueName":"custom_Exclude_From_Avid_Payments","label":"custom_Exclude_From_Avid_Payments","parentObject":"Vendor","pcType":"SMALL_INTEGER","precision":10,"scale":0,"columnIndex":-1,"isKey":false,"isExternalId":false,"isSfIdLookup":false,"isNullable":true,"isUnique":false,"isCreateable":false,"isUpdateable":true,"isFilterable":true,"isCalculated":false,"javaType":"java.lang.Boolean","showLabel":true,"naturalOrder":115,"linkedFields":[],"relatedInfos":[],"references":[]}},{"@type":"fieldMap","id":"956984","targetField":{"@type":"field","id":2354656,"name":"custom_Avid_Num_Withdrawal_ACH_Accounts","type":"integer_number","uniqueName":"custom_Avid_Num_Withdrawal_ACH_Accounts","label":"custom_Avid_Num_Withdrawal_ACH_Accounts","parentObject":"Vendor","pcType":"INTEGER","precision":10,"scale":0,"columnIndex":-1,"isKey":false,"isExternalId":false,"isSfIdLookup":false,"isNullable":true,"isUnique":false,"isCreateable":false,"isUpdateable":true,"isFilterable":true,"isCalculated":false,"javaType":"java.lang.Integer","showLabel":true,"naturalOrder":116,"linkedFields":[],"relatedInfos":[],"references":[]}},{"@type":"fieldMap","id":"956985","targetField":{"@type":"field","id":2354657,"name":"custom_Enable_For_AvidPay_Network","type":"check_box","uniqueName":"custom_Enable_For_AvidPay_Network","label":"custom_Enable_For_AvidPay_Network","parentObject":"Vendor","pcType":"SMALL_INTEGER","precision":10,"scale":0,"columnIndex":-1,"isKey":false,"isExternalId":false,"isSfIdLookup":false,"isNullable":true,"isUnique":false,"isCreateable":false,"isUpdateable":true,"isFilterable":true,"isCalculated":false,"javaType":"java.lang.Boolean","showLabel":true,"naturalOrder":117,"linkedFields":[],"relatedInfos":[],"references":[]}},{"@type":"fieldMap","id":"956986","targetField":{"@type":"field","id":2354658,"name":"custom_AvidInvoice_Vendor_Account_Number_Override","type":"check_box","uniqueName":"custom_AvidInvoice_Vendor_Account_Number_Override","label":"custom_AvidInvoice_Vendor_Account_Number_Override","parentObject":"Vendor","pcType":"SMALL_INTEGER","precision":10,"scale":0,"columnIndex":-1,"isKey":false,"isExternalId":false,"isSfIdLookup":false,"isNullable":true,"isUnique":false,"isCreateable":false,"isUpdateable":true,"isFilterable":true,"isCalculated":false,"javaType":"java.lang.Boolean","showLabel":true,"naturalOrder":118,"linkedFields":[],"relatedInfos":[],"references":[]}},{"@type":"fieldMap","id":"956987","targetField":{"@type":"field","id":2354659,"name":"custom_EFT_Bill_Payment","type":"check_box","uniqueName":"custom_EFT_Bill_Payment","label":"custom_EFT_Bill_Payment","parentObject":"Vendor","pcType":"SMALL_INTEGER","precision":10,"scale":0,"columnIndex":-1,"isKey":false,"isExternalId":false,"isSfIdLookup":false,"isNullable":true,"isUnique":false,"isCreateable":false,"isUpdateable":true,"isFilterable":true,"isCalculated":false,"javaType":"java.lang.Boolean","showLabel":true,"naturalOrder":119,"linkedFields":[],"relatedInfos":[],"references":[]}},{"@type":"fieldMap","id":"956988","targetField":{"@type":"field","id":2354660,"name":"custom_EFT_File_Format_InternalId","type":"string","uniqueName":"custom_EFT_File_Format_InternalId","label":"custom_EFT_File_Format_InternalId","parentObject":"Vendor","pcType":"NSTRING","precision":256,"scale":0,"columnIndex":-1,"isKey":false,"isExternalId":false,"isSfIdLookup":false,"isNullable":true,"isUnique":false,"isCreateable":false,"isUpdateable":true,"isFilterable":false,"isCalculated":false,"javaType":"java.lang.String","showLabel":true,"naturalOrder":120,"linkedFields":[],"relatedInfos":[],"references":[]}},{"@type":"fieldMap","id":"956989","targetField":{"@type":"field","id":2354661,"name":"custom_EFT_File_Format_ExternalId","type":"string","uniqueName":"custom_EFT_File_Format_ExternalId","label":"custom_EFT_File_Format_ExternalId","parentObject":"Vendor","pcType":"NSTRING","precision":256,"scale":0,"columnIndex":-1,"isKey":false,"isExternalId":false,"isSfIdLookup":false,"isNullable":true,"isUnique":false,"isCreateable":false,"isUpdateable":true,"isFilterable":false,"isCalculated":false,"javaType":"java.lang.String","showLabel":true,"naturalOrder":121,"linkedFields":[],"relatedInfos":[],"references":[]}},{"@type":"fieldMap","id":"956990","targetField":{"@type":"field","id":2354662,"name":"custom_EFT_File_Format_TypeId","type":"string","uniqueName":"custom_EFT_File_Format_TypeId","label":"custom_EFT_File_Format_TypeId","parentObject":"Vendor","pcType":"NSTRING","precision":256,"scale":0,"columnIndex":-1,"isKey":false,"isExternalId":false,"isSfIdLookup":false,"isNullable":true,"isUnique":false,"isCreateable":false,"isUpdateable":true,"isFilterable":false,"isCalculated":false,"javaType":"java.lang.String","showLabel":true,"naturalOrder":122,"linkedFields":[],"relatedInfos":[],"references":[]}},{"@type":"fieldMap","id":"956991","targetField":{"@type":"field","id":2354663,"name":"custom_EFT_File_Format_Name","type":"string","uniqueName":"custom_EFT_File_Format_Name","label":"custom_EFT_File_Format_Name","parentObject":"Vendor","pcType":"NSTRING","precision":256,"scale":0,"columnIndex":-1,"isKey":false,"isExternalId":false,"isSfIdLookup":false,"isNullable":true,"isUnique":false,"isCreateable":false,"isUpdateable":true,"isFilterable":false,"isCalculated":false,"javaType":"java.lang.String","showLabel":true,"naturalOrder":123,"linkedFields":[],"relatedInfos":[],"references":[]}},{"@type":"fieldMap","id":"956992","targetField":{"@type":"field","id":2354664,"name":"custom_EFT_Email_Address","type":"string","uniqueName":"custom_EFT_Email_Address","label":"custom_EFT_Email_Address","parentObject":"Vendor","pcType":"NSTRING","precision":256,"scale":0,"columnIndex":-1,"isKey":false,"isExternalId":false,"isSfIdLookup":false,"isNullable":true,"isUnique":false,"isCreateable":false,"isUpdateable":true,"isFilterable":true,"isCalculated":false,"javaType":"java.lang.String","showLabel":true,"naturalOrder":124,"linkedFields":[],"relatedInfos":[],"references":[]}},{"@type":"fieldMap","id":"956993","targetField":{"@type":"field","id":2354665,"name":"custom_Vendor_Reviewed","type":"check_box","uniqueName":"custom_Vendor_Reviewed","label":"custom_Vendor_Reviewed","parentObject":"Vendor","pcType":"SMALL_INTEGER","precision":10,"scale":0,"columnIndex":-1,"isKey":false,"isExternalId":false,"isSfIdLookup":false,"isNullable":true,"isUnique":false,"isCreateable":false,"isUpdateable":true,"isFilterable":true,"isCalculated":false,"javaType":"java.lang.Boolean","showLabel":true,"naturalOrder":125,"linkedFields":[],"relatedInfos":[],"references":[]}},{"@type":"fieldMap","id":"956994","targetField":{"@type":"field","id":2354666,"name":"custom_Email_Address_for_Payment_Notification","type":"string","uniqueName":"custom_Email_Address_for_Payment_Notification","label":"custom_Email_Address_for_Payment_Notification","parentObject":"Vendor","pcType":"NSTRING","precision":256,"scale":0,"columnIndex":-1,"isKey":false,"isExternalId":false,"isSfIdLookup":false,"isNullable":true,"isUnique":false,"isCreateable":false,"isUpdateable":true,"isFilterable":true,"isCalculated":false,"javaType":"java.lang.String","showLabel":true,"naturalOrder":126,"linkedFields":[],"relatedInfos":[],"references":[]}},{"@type":"fieldMap","id":"956995","targetField":{"@type":"field","id":2354667,"name":"custom_Tax_Contact_Last_Name","type":"string","uniqueName":"custom_Tax_Contact_Last_Name","label":"custom_Tax_Contact_Last_Name","parentObject":"Vendor","pcType":"NSTRING","precision":256,"scale":0,"columnIndex":-1,"isKey":false,"isExternalId":false,"isSfIdLookup":false,"isNullable":true,"isUnique":false,"isCreateable":false,"isUpdateable":true,"isFilterable":false,"isCalculated":false,"javaType":"java.lang.String","showLabel":true,"naturalOrder":127,"linkedFields":[],"relatedInfos":[],"references":[]}},{"@type":"fieldMap","id":"956996","targetField":{"@type":"field","id":2354668,"name":"custom_Tax_Contact_First_Name","type":"string","uniqueName":"custom_Tax_Contact_First_Name","label":"custom_Tax_Contact_First_Name","parentObject":"Vendor","pcType":"NSTRING","precision":256,"scale":0,"columnIndex":-1,"isKey":false,"isExternalId":false,"isSfIdLookup":false,"isNullable":true,"isUnique":false,"isCreateable":false,"isUpdateable":true,"isFilterable":false,"isCalculated":false,"javaType":"java.lang.String","showLabel":true,"naturalOrder":128,"linkedFields":[],"relatedInfos":[],"references":[]}},{"@type":"fieldMap","id":"956997","targetField":{"@type":"field","id":2354669,"name":"custom_Tax_Contact_Middle_Name","type":"string","uniqueName":"custom_Tax_Contact_Middle_Name","label":"custom_Tax_Contact_Middle_Name","parentObject":"Vendor","pcType":"NSTRING","precision":256,"scale":0,"columnIndex":-1,"isKey":false,"isExternalId":false,"isSfIdLookup":false,"isNullable":true,"isUnique":false,"isCreateable":false,"isUpdateable":true,"isFilterable":false,"isCalculated":false,"javaType":"java.lang.String","showLabel":true,"naturalOrder":129,"linkedFields":[],"relatedInfos":[],"references":[]}},{"@type":"fieldMap","id":"956998","targetField":{"@type":"field","id":2354670,"name":"custom_Tax_Contact_InternalId","type":"string","uniqueName":"custom_Tax_Contact_InternalId","label":"custom_Tax_Contact_InternalId","parentObject":"Vendor","pcType":"NSTRING","precision":256,"scale":0,"columnIndex":-1,"isKey":false,"isExternalId":false,"isSfIdLookup":false,"isNullable":true,"isUnique":false,"isCreateable":false,"isUpdateable":true,"isFilterable":false,"isCalculated":false,"javaType":"java.lang.String","showLabel":true,"naturalOrder":130,"linkedFields":[],"relatedInfos":[],"references":[]}},{"@type":"fieldMap","id":"956999","targetField":{"@type":"field","id":2354671,"name":"custom_Tax_Contact_ExternalId","type":"string","uniqueName":"custom_Tax_Contact_ExternalId","label":"custom_Tax_Contact_ExternalId","parentObject":"Vendor","pcType":"NSTRING","precision":256,"scale":0,"columnIndex":-1,"isKey":false,"isExternalId":false,"isSfIdLookup":false,"isNullable":true,"isUnique":false,"isCreateable":false,"isUpdateable":true,"isFilterable":false,"isCalculated":false,"javaType":"java.lang.String","showLabel":true,"naturalOrder":131,"linkedFields":[],"relatedInfos":[],"references":[]}},{"@type":"fieldMap","id":"957000","targetField":{"@type":"field","id":2354672,"name":"custom_Tax_Contact_TypeId","type":"string","uniqueName":"custom_Tax_Contact_TypeId","label":"custom_Tax_Contact_TypeId","parentObject":"Vendor","pcType":"NSTRING","precision":256,"scale":0,"columnIndex":-1,"isKey":false,"isExternalId":false,"isSfIdLookup":false,"isNullable":true,"isUnique":false,"isCreateable":false,"isUpdateable":true,"isFilterable":false,"isCalculated":false,"javaType":"java.lang.String","showLabel":true,"naturalOrder":132,"linkedFields":[],"relatedInfos":[],"references":[]}},{"@type":"fieldMap","id":"957001","targetField":{"@type":"field","id":2354673,"name":"custom_Tax_Contact_Name","type":"string","uniqueName":"custom_Tax_Contact_Name","label":"custom_Tax_Contact_Name","parentObject":"Vendor","pcType":"NSTRING","precision":256,"scale":0,"columnIndex":-1,"isKey":false,"isExternalId":false,"isSfIdLookup":false,"isNullable":true,"isUnique":false,"isCreateable":false,"isUpdateable":true,"isFilterable":false,"isCalculated":false,"javaType":"java.lang.String","showLabel":true,"naturalOrder":133,"linkedFields":[],"relatedInfos":[],"references":[]}},{"@type":"fieldMap","id":"957002","targetField":{"@type":"field","id":2354674,"name":"custom_SFDC_Id","type":"string","uniqueName":"custom_SFDC_Id","label":"custom_SFDC_Id","parentObject":"Vendor","pcType":"NSTRING","precision":256,"scale":0,"columnIndex":-1,"isKey":false,"isExternalId":false,"isSfIdLookup":false,"isNullable":true,"isUnique":false,"isCreateable":false,"isUpdateable":true,"isFilterable":true,"isCalculated":false,"javaType":"java.lang.String","showLabel":true,"naturalOrder":134,"linkedFields":[],"relatedInfos":[],"references":[]}},{"@type":"fieldMap","id":"957003","targetField":{"@type":"field","id":2354675,"name":"custom_SFDC_Lock_Record","type":"check_box","uniqueName":"custom_SFDC_Lock_Record","label":"custom_SFDC_Lock_Record","parentObject":"Vendor","pcType":"SMALL_INTEGER","precision":10,"scale":0,"columnIndex":-1,"isKey":false,"isExternalId":false,"isSfIdLookup":false,"isNullable":true,"isUnique":false,"isCreateable":false,"isUpdateable":true,"isFilterable":true,"isCalculated":false,"javaType":"java.lang.Boolean","showLabel":true,"naturalOrder":135,"linkedFields":[],"relatedInfos":[],"references":[]}},{"@type":"fieldMap","id":"957004","targetField":{"@type":"field","id":2354676,"name":"custom_Minority_Classication_InternalId","type":"string","uniqueName":"custom_Minority_Classication_InternalId","label":"custom_Minority_Classication_InternalId","parentObject":"Vendor","pcType":"NSTRING","precision":256,"scale":0,"columnIndex":-1,"isKey":false,"isExternalId":false,"isSfIdLookup":false,"isNullable":true,"isUnique":false,"isCreateable":false,"isUpdateable":true,"isFilterable":false,"isCalculated":false,"javaType":"java.lang.String","showLabel":true,"naturalOrder":136,"linkedFields":[],"relatedInfos":[],"references":[]}},{"@type":"fieldMap","id":"957005","targetField":{"@type":"field","id":2354677,"name":"custom_Minority_Classication_ExternalId","type":"string","uniqueName":"custom_Minority_Classication_ExternalId","label":"custom_Minority_Classication_ExternalId","parentObject":"Vendor","pcType":"NSTRING","precision":256,"scale":0,"columnIndex":-1,"isKey":false,"isExternalId":false,"isSfIdLookup":false,"isNullable":true,"isUnique":false,"isCreateable":false,"isUpdateable":true,"isFilterable":false,"isCalculated":false,"javaType":"java.lang.String","showLabel":true,"naturalOrder":137,"linkedFields":[],"relatedInfos":[],"references":[]}},{"@type":"fieldMap","id":"957006","targetField":{"@type":"field","id":2354678,"name":"custom_Minority_Classication_TypeId","type":"string","uniqueName":"custom_Minority_Classication_TypeId","label":"custom_Minority_Classication_TypeId","parentObject":"Vendor","pcType":"NSTRING","precision":256,"scale":0,"columnIndex":-1,"isKey":false,"isExternalId":false,"isSfIdLookup":false,"isNullable":true,"isUnique":false,"isCreateable":false,"isUpdateable":true,"isFilterable":false,"isCalculated":false,"javaType":"java.lang.String","showLabel":true,"naturalOrder":138,"linkedFields":[],"relatedInfos":[],"references":[]}},{"@type":"fieldMap","id":"957007","targetField":{"@type":"field","id":2354679,"name":"custom_Minority_Classication_Name","type":"string","uniqueName":"custom_Minority_Classication_Name","label":"custom_Minority_Classication_Name","parentObject":"Vendor","pcType":"NSTRING","precision":256,"scale":0,"columnIndex":-1,"isKey":false,"isExternalId":false,"isSfIdLookup":false,"isNullable":true,"isUnique":false,"isCreateable":false,"isUpdateable":true,"isFilterable":false,"isCalculated":false,"javaType":"java.lang.String","showLabel":true,"naturalOrder":139,"linkedFields":[],"relatedInfos":[],"references":[]}}],"sourceFields":[{"@type":"field","id":2354680,"name":"NS_internalId","type":"nstring","uniqueName":"NS_internalId","label":"NS_internalId","parentObject":"FF_Suppliers_Comparision_SB2.csv","pcType":"UNISTRING","precision":256,"scale":0,"columnIndex":0,"isKey":false,"isExternalId":false,"isSfIdLookup":false,"isNullable":true,"isUnique":false,"isCreateable":false,"isUpdateable":true,"isFilterable":true,"isCalculated":false,"showLabel":false,"naturalOrder":0,"linkedFields":["internalId"],"relatedInfos":[],"references":[]},{"@type":"field","id":2354681,"name":"NS_externalId","type":"nstring","uniqueName":"NS_externalId","label":"NS_externalId","parentObject":"FF_Suppliers_Comparision_SB2.csv","pcType":"UNISTRING","precision":255,"scale":0,"columnIndex":1,"isKey":false,"isExternalId":false,"isSfIdLookup":false,"isNullable":true,"isUnique":false,"isCreateable":false,"isUpdateable":true,"isFilterable":true,"isCalculated":false,"showLabel":false,"naturalOrder":0,"linkedFields":[],"relatedInfos":[],"references":[]},{"@type":"field","id":2354682,"name":"NS_Name","type":"nstring","uniqueName":"NS_Name","label":"NS_Name","parentObject":"FF_Suppliers_Comparision_SB2.csv","pcType":"UNISTRING","precision":255,"scale":0,"columnIndex":2,"isKey":false,"isExternalId":false,"isSfIdLookup":false,"isNullable":true,"isUnique":false,"isCreateable":false,"isUpdateable":true,"isFilterable":true,"isCalculated":false,"showLabel":false,"naturalOrder":0,"linkedFields":[],"relatedInfos":[],"references":[]},{"@type":"field","id":2354683,"name":"NS_entityId","type":"nstring","uniqueName":"NS_entityId","label":"NS_entityId","parentObject":"FF_Suppliers_Comparision_SB2.csv","pcType":"UNISTRING","precision":255,"scale":0,"columnIndex":3,"isKey":false,"isExternalId":false,"isSfIdLookup":false,"isNullable":true,"isUnique":false,"isCreateable":false,"isUpdateable":true,"isFilterable":true,"isCalculated":false,"showLabel":false,"naturalOrder":0,"linkedFields":[],"relatedInfos":[],"references":[]},{"@type":"field","id":2354684,"name":"Coupa_Id","type":"nstring","uniqueName":"Coupa_Id","label":"Coupa_Id","parentObject":"FF_Suppliers_Comparision_SB2.csv","pcType":"UNISTRING","precision":256,"scale":0,"columnIndex":4,"isKey":false,"isExternalId":false,"isSfIdLookup":false,"isNullable":true,"isUnique":false,"isCreateable":false,"isUpdateable":true,"isFilterable":true,"isCalculated":false,"showLabel":false,"naturalOrder":0,"linkedFields":["externalId"],"relatedInfos":[],"references":[]},{"@type":"field","id":2354685,"name":"Coupa_SupplierNumber","type":"nstring","uniqueName":"Coupa_SupplierNumber","label":"Coupa_SupplierNumber","parentObject":"FF_Suppliers_Comparision_SB2.csv","pcType":"UNISTRING","precision":255,"scale":0,"columnIndex":5,"isKey":false,"isExternalId":false,"isSfIdLookup":false,"isNullable":true,"isUnique":false,"isCreateable":false,"isUpdateable":true,"isFilterable":true,"isCalculated":false,"showLabel":false,"naturalOrder":0,"linkedFields":[],"relatedInfos":[],"references":[]},{"@type":"field","id":2354686,"name":"Coupa_Supplier_Name","type":"nstring","uniqueName":"Coupa_Supplier_Name","label":"Coupa_Supplier_Name","parentObject":"FF_Suppliers_Comparision_SB2.csv","pcType":"UNISTRING","precision":255,"scale":0,"columnIndex":6,"isKey":false,"isExternalId":false,"isSfIdLookup":false,"isNullable":true,"isUnique":false,"isCreateable":false,"isUpdateable":true,"isFilterable":true,"isCalculated":false,"showLabel":false,"naturalOrder":0,"linkedFields":[],"relatedInfos":[],"references":[]},{"@type":"field","id":2354687,"name":"Match_Yes_No","type":"nstring","uniqueName":"Match_Yes_No","label":"Match_Yes_No","parentObject":"FF_Suppliers_Comparision_SB2.csv","pcType":"UNISTRING","precision":255,"scale":0,"columnIndex":7,"isKey":false,"isExternalId":false,"isSfIdLookup":false,"isNullable":true,"isUnique":false,"isCreateable":false,"isUpdateable":true,"isFilterable":true,"isCalculated":false,"showLabel":false,"naturalOrder":0,"linkedFields":[],"relatedInfos":[],"references":[]}],"sortFields":[],"groupFields":[]}]