[{"@type":"dssTask","id":"@1","name":"DSS_Users_01_PUT_File_To_XMLCreate.","description":"","errorTaskEmail":{"@type":"taskEmail","id":123145,"emails":"sri.battu@appdynamics.com","emailType":"ERROR"},"successTaskEmail":{"@type":"taskEmail","id":123146,"emails":"sri.battu@appdynamics.com","emailType":"SUCCESS"},"warningTaskEmail":{"@type":"taskEmail","id":123147,"emails":"sri.battu@appdynamics.com","emailType":"WARNING"},"preProcessingCmd":"rm -f $PMRootDir/stage/Coupa/PayLoad/PayLoadCoupaUsersPUT.xml","maxLogs":10,"sourceConnectionId":"@8Qp1Vvtik7ejRmnNM3lSiT","targetConnectionId":"@czO9gTODjsVkWK0YzAwGKL","targetObject":"users_user","targetObjectLabel":"users_user","operation":"Insert","maxRows":0,"truncateTarget":false,"bulkApiDBTarget":false,"verbose":false,"srcFlatFileAttrs":{"@type":"flatFileAttrs","id":1149617,"delimiter":",","textQualifier":"\"","escapeChar":"","headerLineNo":1,"firstDataRow":2},"targetMetadataUpdated":false,"modelVersion":"V3-R600","queryAll":false,"srcSettings":{"@type":"taskDataSourceSetting","isShowLabels":false,"isNaturalOrder":true},"tgtSettings":{"@type":"taskDataSourceSetting","isShowLabels":true,"isNaturalOrder":false},"cfSettings":{"@type":"taskDataSourceSetting","isShowLabels":false,"isNaturalOrder":false},"bulkApi":false,"bulkApiSerialMode":false,"bulkApiMonitor":false,"isTargetObjectSfCustom":false,"allowNullUpdates":false,"targetBatchSize":200,"assignmentRuleId":"-1","assignmentRuleType":"None","createSuccessFile":false,"bulkApiHardDelete":false,"srcRuntimeAttrs":{"@type":"taskRuntimeAttrs","attrs":{}},"tgtRuntimeAttrs":{"@type":"taskRuntimeAttrs","attrs":{"Error File Directory":"","Success File Directory":""}},"parameterFileEncoding":"UTF-8","sourceObjects":[{"@type":"mObject","name":"FF_Users_Coupa_Update.csv","label":"FF_Users_Coupa_Update.csv","metadataUpdated":false,"relations":[],"children":[]}],"advancedFilters":[],"filters":[],"fieldMaps":[{"@type":"fieldMap","id":"5226364","targetField":{"@type":"field","id":15252024,"name":"manager_login","type":"string","uniqueName":"manager_login","label":"manager_login","parentObject":"users_user","pcType":"NSTRING","precision":2500,"scale":0,"columnIndex":-1,"isKey":false,"isExternalId":false,"isSfIdLookup":false,"isNullable":true,"isUnique":false,"isCreateable":false,"isUpdateable":true,"isFilterable":false,"isCalculated":false,"javaType":"java.lang.String","showLabel":true,"naturalOrder":0,"linkedFields":[],"relatedInfos":[],"references":[]}},{"@type":"fieldMap","id":"5226365","targetField":{"@type":"field","id":15252025,"name":"phone-work","type":"string","uniqueName":"phone_work","label":"phone-work","parentObject":"users_user","pcType":"NSTRING","precision":2500,"scale":0,"columnIndex":-1,"isKey":false,"isExternalId":false,"isSfIdLookup":false,"isNullable":true,"isUnique":false,"isCreateable":false,"isUpdateable":true,"isFilterable":false,"isCalculated":false,"javaType":"java.lang.String","showLabel":true,"naturalOrder":1,"linkedFields":[],"relatedInfos":[],"references":[]}},{"@type":"fieldMap","id":"5226366","targetField":{"@type":"field","id":15252026,"name":"sso-identifier","type":"string","uniqueName":"sso_identifier","label":"sso-identifier","parentObject":"users_user","pcType":"NSTRING","precision":2500,"scale":0,"columnIndex":-1,"isKey":false,"isExternalId":false,"isSfIdLookup":false,"isNullable":true,"isUnique":false,"isCreateable":false,"isUpdateable":true,"isFilterable":false,"isCalculated":false,"javaType":"java.lang.String","showLabel":true,"naturalOrder":2,"linkedFields":[],"relatedInfos":[],"references":[]}},{"@type":"fieldMap","id":"5226367","targetField":{"@type":"field","id":15252027,"name":"active","type":"string","uniqueName":"active","label":"active","parentObject":"users_user","pcType":"NSTRING","precision":2500,"scale":0,"columnIndex":-1,"isKey":false,"isExternalId":false,"isSfIdLookup":false,"isNullable":true,"isUnique":false,"isCreateable":false,"isUpdateable":true,"isFilterable":false,"isCalculated":false,"javaType":"java.lang.String","showLabel":true,"naturalOrder":3,"linkedFields":["Coupa_Access"],"relatedInfos":[],"references":[]},"expression":"IIF(Coupa_Access = 'F', false, true)"},{"@type":"fieldMap","id":"5226368","targetField":{"@type":"field","id":15252028,"name":"default-address_name","type":"string","uniqueName":"default_address_name","label":"default-address_name","parentObject":"users_user","pcType":"NSTRING","precision":2500,"scale":0,"columnIndex":-1,"isKey":false,"isExternalId":false,"isSfIdLookup":false,"isNullable":true,"isUnique":false,"isCreateable":false,"isUpdateable":true,"isFilterable":false,"isCalculated":false,"javaType":"java.lang.String","showLabel":true,"naturalOrder":4,"linkedFields":[],"relatedInfos":[],"references":[]}},{"@type":"fieldMap","id":"5226369","targetField":{"@type":"field","id":15252029,"name":"phone-mobile","type":"string","uniqueName":"phone_mobile","label":"phone-mobile","parentObject":"users_user","pcType":"NSTRING","precision":2500,"scale":0,"columnIndex":-1,"isKey":false,"isExternalId":false,"isSfIdLookup":false,"isNullable":true,"isUnique":false,"isCreateable":false,"isUpdateable":true,"isFilterable":false,"isCalculated":false,"javaType":"java.lang.String","showLabel":true,"naturalOrder":5,"linkedFields":[],"relatedInfos":[],"references":[]}},{"@type":"fieldMap","id":"5226370","targetField":{"@type":"field","id":15252030,"name":"lastname","type":"string","uniqueName":"lastname","label":"lastname","parentObject":"users_user","pcType":"NSTRING","precision":2500,"scale":0,"columnIndex":-1,"isKey":false,"isExternalId":false,"isSfIdLookup":false,"isNullable":true,"isUnique":false,"isCreateable":false,"isUpdateable":true,"isFilterable":false,"isCalculated":false,"javaType":"java.lang.String","showLabel":true,"naturalOrder":6,"linkedFields":[],"relatedInfos":[],"references":[]}},{"@type":"fieldMap","id":"5226371","targetField":{"@type":"field","id":15252031,"name":"default-currency_code","type":"string","uniqueName":"default_currency_code","label":"default-currency_code","parentObject":"users_user","pcType":"NSTRING","precision":2500,"scale":0,"columnIndex":-1,"isKey":false,"isExternalId":false,"isSfIdLookup":false,"isNullable":true,"isUnique":false,"isCreateable":false,"isUpdateable":true,"isFilterable":false,"isCalculated":false,"javaType":"java.lang.String","showLabel":true,"naturalOrder":7,"linkedFields":[],"relatedInfos":[],"references":[]}},{"@type":"fieldMap","id":"5226372","targetField":{"@type":"field","id":15252032,"name":"roles_role_name","type":"string","uniqueName":"roles_role_name","label":"roles_role_name","parentObject":"users_user","pcType":"NSTRING","precision":2500,"scale":0,"columnIndex":-1,"isKey":false,"isExternalId":false,"isSfIdLookup":false,"isNullable":true,"isUnique":false,"isCreateable":false,"isUpdateable":true,"isFilterable":false,"isCalculated":false,"javaType":"java.lang.String","showLabel":true,"naturalOrder":8,"linkedFields":[],"relatedInfos":[],"references":[]}},{"@type":"fieldMap","id":"5226373","targetField":{"@type":"field","id":15252033,"name":"roles_type","type":"string","uniqueName":"roles_type","label":"roles_type","parentObject":"users_user","pcType":"NSTRING","precision":2500,"scale":0,"columnIndex":-1,"isKey":false,"isExternalId":false,"isSfIdLookup":false,"isNullable":true,"isUnique":false,"isCreateable":false,"isUpdateable":true,"isFilterable":false,"isCalculated":false,"javaType":"java.lang.String","showLabel":true,"naturalOrder":9,"linkedFields":[],"relatedInfos":[],"references":[]}},{"@type":"fieldMap","id":"5226374","targetField":{"@type":"field","id":15252034,"name":"email","type":"string","uniqueName":"email","label":"email","parentObject":"users_user","pcType":"NSTRING","precision":2500,"scale":0,"columnIndex":-1,"isKey":false,"isExternalId":false,"isSfIdLookup":false,"isNullable":true,"isUnique":false,"isCreateable":false,"isUpdateable":true,"isFilterable":false,"isCalculated":false,"javaType":"java.lang.String","showLabel":true,"naturalOrder":10,"linkedFields":[],"relatedInfos":[],"references":[]}},{"@type":"fieldMap","id":"5226375","targetField":{"@type":"field","id":15252035,"name":"employee-number","type":"string","uniqueName":"employee_number","label":"employee-number","parentObject":"users_user","pcType":"NSTRING","precision":2500,"scale":0,"columnIndex":-1,"isKey":false,"isExternalId":false,"isSfIdLookup":false,"isNullable":true,"isUnique":false,"isCreateable":false,"isUpdateable":true,"isFilterable":false,"isCalculated":false,"javaType":"java.lang.String","showLabel":true,"naturalOrder":11,"linkedFields":[],"relatedInfos":[],"references":[]}},{"@type":"fieldMap","id":"5226376","targetField":{"@type":"field","id":15252036,"name":"default-account_account-type_name","type":"string","uniqueName":"default_account_account_type_name","label":"default-account_account-type_name","parentObject":"users_user","pcType":"NSTRING","precision":2500,"scale":0,"columnIndex":-1,"isKey":false,"isExternalId":false,"isSfIdLookup":false,"isNullable":true,"isUnique":false,"isCreateable":false,"isUpdateable":true,"isFilterable":false,"isCalculated":false,"javaType":"java.lang.String","showLabel":true,"naturalOrder":12,"linkedFields":[],"relatedInfos":[],"references":[]}},{"@type":"fieldMap","id":"5226377","targetField":{"@type":"field","id":15252037,"name":"requisition-approval-limit_amount","type":"string","uniqueName":"requisition_approval_limit_amount","label":"requisition-approval-limit_amount","parentObject":"users_user","pcType":"NSTRING","precision":2500,"scale":0,"columnIndex":-1,"isKey":false,"isExternalId":false,"isSfIdLookup":false,"isNullable":true,"isUnique":false,"isCreateable":false,"isUpdateable":true,"isFilterable":false,"isCalculated":false,"javaType":"java.lang.String","showLabel":true,"naturalOrder":13,"linkedFields":[],"relatedInfos":[],"references":[]}},{"@type":"fieldMap","id":"5226378","targetField":{"@type":"field","id":15252038,"name":"login","type":"string","uniqueName":"login","label":"login","parentObject":"users_user","pcType":"NSTRING","precision":2500,"scale":0,"columnIndex":-1,"isKey":false,"isExternalId":false,"isSfIdLookup":false,"isNullable":true,"isUnique":false,"isCreateable":false,"isUpdateable":true,"isFilterable":false,"isCalculated":false,"javaType":"java.lang.String","showLabel":true,"naturalOrder":14,"linkedFields":[],"relatedInfos":[],"references":[]}},{"@type":"fieldMap","id":"5226379","targetField":{"@type":"field","id":15252039,"name":"id","type":"string","uniqueName":"id","label":"id","parentObject":"users_user","pcType":"NSTRING","precision":2500,"scale":0,"columnIndex":-1,"isKey":false,"isExternalId":false,"isSfIdLookup":false,"isNullable":true,"isUnique":false,"isCreateable":false,"isUpdateable":true,"isFilterable":false,"isCalculated":false,"javaType":"java.lang.String","showLabel":true,"naturalOrder":15,"linkedFields":["Coupa_Id"],"relatedInfos":[],"references":[]},"expression":"Coupa_Id"},{"@type":"fieldMap","id":"5226380","targetField":{"@type":"field","id":15252040,"name":"company-code","type":"string","uniqueName":"company_code","label":"company-code","parentObject":"users_user","pcType":"NSTRING","precision":2500,"scale":0,"columnIndex":-1,"isKey":false,"isExternalId":false,"isSfIdLookup":false,"isNullable":true,"isUnique":false,"isCreateable":false,"isUpdateable":true,"isFilterable":false,"isCalculated":false,"javaType":"java.lang.String","showLabel":true,"naturalOrder":16,"linkedFields":[],"relatedInfos":[],"references":[]}},{"@type":"fieldMap","id":"5226381","targetField":{"@type":"field","id":15252041,"name":"department_id","type":"string","uniqueName":"department_id","label":"department_id","parentObject":"users_user","pcType":"NSTRING","precision":2500,"scale":0,"columnIndex":-1,"isKey":false,"isExternalId":false,"isSfIdLookup":false,"isNullable":true,"isUnique":false,"isCreateable":false,"isUpdateable":true,"isFilterable":false,"isCalculated":false,"javaType":"java.lang.String","showLabel":true,"naturalOrder":17,"linkedFields":[],"relatedInfos":[],"references":[]}},{"@type":"fieldMap","id":"5226382","targetField":{"@type":"field","id":15252042,"name":"requisition-approval-limit_currency_code","type":"string","uniqueName":"requisition_approval_limit_currency_code","label":"requisition-approval-limit_currency_code","parentObject":"users_user","pcType":"NSTRING","precision":2500,"scale":0,"columnIndex":-1,"isKey":false,"isExternalId":false,"isSfIdLookup":false,"isNullable":true,"isUnique":false,"isCreateable":false,"isUpdateable":true,"isFilterable":false,"isCalculated":false,"javaType":"java.lang.String","showLabel":true,"naturalOrder":18,"linkedFields":[],"relatedInfos":[],"references":[]}},{"@type":"fieldMap","id":"5226383","targetField":{"@type":"field","id":15252043,"name":"firstname","type":"string","uniqueName":"firstname","label":"firstname","parentObject":"users_user","pcType":"NSTRING","precision":2500,"scale":0,"columnIndex":-1,"isKey":false,"isExternalId":false,"isSfIdLookup":false,"isNullable":true,"isUnique":false,"isCreateable":false,"isUpdateable":true,"isFilterable":false,"isCalculated":false,"javaType":"java.lang.String","showLabel":true,"naturalOrder":19,"linkedFields":[],"relatedInfos":[],"references":[]}},{"@type":"fieldMap","id":"5226384","targetField":{"@type":"field","id":15252044,"name":"authentication-method","type":"string","uniqueName":"authentication_method","label":"authentication-method","parentObject":"users_user","pcType":"NSTRING","precision":2500,"scale":0,"columnIndex":-1,"isKey":false,"isExternalId":false,"isSfIdLookup":false,"isNullable":true,"isUnique":false,"isCreateable":false,"isUpdateable":true,"isFilterable":false,"isCalculated":false,"javaType":"java.lang.String","showLabel":true,"naturalOrder":20,"linkedFields":[],"relatedInfos":[],"references":[]}},{"@type":"fieldMap","id":"5226385","targetField":{"@type":"field","id":15252045,"name":"XFK_users","type":"string","uniqueName":"XFK_users","label":"XFK_users","parentObject":"users_user","pcType":"NSTRING","precision":2500,"scale":0,"columnIndex":-1,"isKey":true,"isExternalId":false,"isSfIdLookup":false,"isNullable":true,"isUnique":false,"isCreateable":false,"isUpdateable":true,"isFilterable":false,"isCalculated":false,"javaType":"java.lang.String","showLabel":true,"naturalOrder":21,"linkedFields":["Coupa_Id"],"relatedInfos":[],"references":[]},"expression":"Coupa_Id"},{"@type":"fieldMap","id":"5226386","targetField":{"@type":"field","id":15252046,"name":"XPK_user","type":"string","uniqueName":"XPK_user","label":"XPK_user","parentObject":"users_user","pcType":"NSTRING","precision":2500,"scale":0,"columnIndex":-1,"isKey":true,"isExternalId":false,"isSfIdLookup":false,"isNullable":false,"isUnique":false,"isCreateable":false,"isUpdateable":true,"isFilterable":false,"isCalculated":false,"javaType":"java.lang.String","showLabel":true,"naturalOrder":22,"linkedFields":["Coupa_Id"],"relatedInfos":[],"references":[]},"expression":"Coupa_Id"},{"@type":"fieldMap","id":"5226387","targetField":{"@type":"field","id":15252047,"name":"ISFINALXML","type":"string","uniqueName":"ISFINALXML","label":"ISFINALXML","parentObject":"users_user","pcType":"NSTRING","precision":2500,"scale":0,"columnIndex":-1,"isKey":false,"isExternalId":false,"isSfIdLookup":false,"isNullable":true,"isUnique":false,"isCreateable":false,"isUpdateable":true,"isFilterable":false,"isCalculated":false,"javaType":"java.lang.String","showLabel":true,"naturalOrder":23,"linkedFields":[],"relatedInfos":[],"references":[]}}],"sourceFields":[{"@type":"field","id":15252048,"name":"Coupa_Id","type":"nstring","uniqueName":"Coupa_Id","label":"Coupa_Id","parentObject":"FF_Users_Coupa_Update.csv","pcType":"UNISTRING","precision":2500,"scale":0,"columnIndex":0,"isKey":false,"isExternalId":false,"isSfIdLookup":false,"isNullable":true,"isUnique":false,"isCreateable":false,"isUpdateable":true,"isFilterable":true,"isCalculated":false,"showLabel":false,"naturalOrder":0,"linkedFields":["id","XPK_user","XFK_users"],"relatedInfos":[],"references":[]},{"@type":"field","id":15252049,"name":"Coupa_EmployeeNumber","type":"nstring","uniqueName":"Coupa_EmployeeNumber","label":"Coupa_EmployeeNumber","parentObject":"FF_Users_Coupa_Update.csv","pcType":"UNISTRING","precision":255,"scale":0,"columnIndex":1,"isKey":false,"isExternalId":false,"isSfIdLookup":false,"isNullable":true,"isUnique":false,"isCreateable":false,"isUpdateable":true,"isFilterable":true,"isCalculated":false,"showLabel":false,"naturalOrder":0,"linkedFields":[],"relatedInfos":[],"references":[]},{"@type":"field","id":15252050,"name":"Coupa_login","type":"nstring","uniqueName":"Coupa_login","label":"Coupa_login","parentObject":"FF_Users_Coupa_Update.csv","pcType":"UNISTRING","precision":255,"scale":0,"columnIndex":2,"isKey":false,"isExternalId":false,"isSfIdLookup":false,"isNullable":true,"isUnique":false,"isCreateable":false,"isUpdateable":true,"isFilterable":true,"isCalculated":false,"showLabel":false,"naturalOrder":0,"linkedFields":[],"relatedInfos":[],"references":[]},{"@type":"field","id":15252051,"name":"Coupa_email","type":"nstring","uniqueName":"Coupa_email","label":"Coupa_email","parentObject":"FF_Users_Coupa_Update.csv","pcType":"UNISTRING","precision":255,"scale":0,"columnIndex":3,"isKey":false,"isExternalId":false,"isSfIdLookup":false,"isNullable":true,"isUnique":false,"isCreateable":false,"isUpdateable":true,"isFilterable":true,"isCalculated":false,"showLabel":false,"naturalOrder":0,"linkedFields":[],"relatedInfos":[],"references":[]},{"@type":"field","id":15252052,"name":"Coupa_Status","type":"nstring","uniqueName":"Coupa_Status","label":"Coupa_Status","parentObject":"FF_Users_Coupa_Update.csv","pcType":"UNISTRING","precision":255,"scale":0,"columnIndex":4,"isKey":false,"isExternalId":false,"isSfIdLookup":false,"isNullable":true,"isUnique":false,"isCreateable":false,"isUpdateable":true,"isFilterable":true,"isCalculated":false,"showLabel":false,"naturalOrder":0,"linkedFields":[],"relatedInfos":[],"references":[]},{"@type":"field","id":15252053,"name":"Coupa_Access","type":"nstring","uniqueName":"Coupa_Access","label":"Coupa_Access","parentObject":"FF_Users_Coupa_Update.csv","pcType":"UNISTRING","precision":255,"scale":0,"columnIndex":5,"isKey":false,"isExternalId":false,"isSfIdLookup":false,"isNullable":true,"isUnique":false,"isCreateable":false,"isUpdateable":true,"isFilterable":true,"isCalculated":false,"showLabel":false,"naturalOrder":0,"linkedFields":["active"],"relatedInfos":[],"references":[]},{"@type":"field","id":15252054,"name":"Email","type":"nstring","uniqueName":"Email","label":"Email","parentObject":"FF_Users_Coupa_Update.csv","pcType":"UNISTRING","precision":255,"scale":0,"columnIndex":6,"isKey":false,"isExternalId":false,"isSfIdLookup":false,"isNullable":true,"isUnique":false,"isCreateable":false,"isUpdateable":true,"isFilterable":true,"isCalculated":false,"showLabel":false,"naturalOrder":0,"linkedFields":[],"relatedInfos":[],"references":[]}],"sortFields":[],"groupFields":[]}]