[{"@type":"dssTask","id":"@1","name":"DSS_Invoice_Ok2Pay_00_NS_To_File_AccountPostingPeriods","description":"","maxLogs":10,"sourceConnectionId":"@2HkgXY792eLcO5miPnn8me","targetConnectionId":"@6ey2Cmo3PaHcsThnJ0TYui","targetObject":"FF_AccountPostingPeriods_FromNetSuite.csv","targetObjectLabel":"FF_AccountPostingPeriods_FromNetSuite.csv","targetChildObjectLabel":"","operation":"Insert","maxRows":0,"truncateTarget":false,"bulkApiDBTarget":false,"verbose":false,"tgtFlatFileAttrs":{"@type":"flatFileAttrs","id":44303,"delimiter":",","textQualifier":"\"","escapeChar":"","headerLineNo":1,"firstDataRow":2},"targetMetadataUpdated":false,"modelVersion":"V3-R600","queryAll":false,"srcSettings":{"@type":"taskDataSourceSetting","isShowLabels":true,"isNaturalOrder":true},"tgtSettings":{"@type":"taskDataSourceSetting","isShowLabels":false,"isNaturalOrder":true},"cfSettings":{"@type":"taskDataSourceSetting","isShowLabels":false,"isNaturalOrder":true},"bulkApi":false,"bulkApiSerialMode":false,"bulkApiMonitor":false,"isTargetObjectSfCustom":false,"allowNullUpdates":false,"targetBatchSize":200,"assignmentRuleId":"-1","assignmentRuleType":"None","createSuccessFile":false,"bulkApiHardDelete":false,"srcRuntimeAttrs":{"@type":"taskRuntimeAttrs","attrs":{"Start Date":"","End Date":"","Maximum Number of Records to be read":"0","Retry Delay":"15","Page Size":"1000","Concurrent Threads":"1","Number of Retry":"3","Get Deleted":"0"}},"tgtRuntimeAttrs":{"@type":"taskRuntimeAttrs","attrs":{}},"sourceObjects":[{"@type":"mObject","name":"AccountingPeriod","label":"AccountingPeriod","metadataUpdated":false,"relations":[],"children":[]}],"advancedFilters":[],"filters":[{"@type":"filter","objectName":"AccountingPeriod","objectLabel":"AccountingPeriod","field":"isQuarter","fieldLabel":"isQuarter","type":"INT","operator":"equals","value":"0"},{"@type":"filter","objectName":"AccountingPeriod","objectLabel":"AccountingPeriod","field":"isYear","fieldLabel":"isYear","type":"INT","operator":"equals","value":"0"},{"@type":"filter","objectName":"AccountingPeriod","objectLabel":"AccountingPeriod","field":"apLocked","fieldLabel":"","type":"INT","operator":"equals","value":"0"},{"@type":"filter","objectName":"AccountingPeriod","objectLabel":"AccountingPeriod","field":"internalId","fieldLabel":"internalId","type":"STRING","operator":"notEquals","value":"565"},{"@type":"filter","objectName":"AccountingPeriod","objectLabel":"AccountingPeriod","field":"periodName","fieldLabel":"periodName","type":"STRING","operator":"notEquals","value":"August 2018 (Adjustment Period)"}],"fieldMaps":[{"@type":"fieldMap","id":"954769","targetField":{"@type":"field","id":2350188,"name":"internalId","type":"nstring","uniqueName":"internalId","label":"internalId","parentObject":"FF_AccountPostingPeriods_FromNetSuite.csv","pcType":"UNISTRING","precision":256,"scale":0,"columnIndex":0,"isKey":false,"isExternalId":false,"isSfIdLookup":false,"isNullable":true,"isUnique":false,"isCreateable":false,"isUpdateable":true,"isFilterable":true,"isCalculated":false,"showLabel":false,"naturalOrder":0,"linkedFields":["internalId"],"relatedInfos":[],"references":[]},"expression":"internalId"},{"@type":"fieldMap","id":"954771","targetField":{"@type":"field","id":2350190,"name":"startDate","type":"datetime","uniqueName":"startDate","label":"startDate","parentObject":"FF_AccountPostingPeriods_FromNetSuite.csv","pcType":"DATE","precision":19,"scale":0,"columnIndex":1,"isKey":false,"isExternalId":false,"isSfIdLookup":false,"isNullable":true,"isUnique":false,"isCreateable":false,"isUpdateable":true,"isFilterable":true,"isCalculated":false,"showLabel":false,"naturalOrder":0,"linkedFields":["startDate"],"relatedInfos":[],"references":[]},"expression":"startDate"},{"@type":"fieldMap","id":"954772","targetField":{"@type":"field","id":2350193,"name":"endDate","type":"datetime","uniqueName":"endDate","label":"endDate","parentObject":"FF_AccountPostingPeriods_FromNetSuite.csv","pcType":"DATE","precision":19,"scale":0,"columnIndex":2,"isKey":false,"isExternalId":false,"isSfIdLookup":false,"isNullable":true,"isUnique":false,"isCreateable":false,"isUpdateable":true,"isFilterable":true,"isCalculated":false,"showLabel":false,"naturalOrder":0,"linkedFields":["endDate"],"relatedInfos":[],"references":[]},"expression":"endDate"},{"@type":"fieldMap","id":"954774","targetField":{"@type":"field","id":2350195,"name":"periodName","type":"nstring","uniqueName":"periodName","label":"periodName","parentObject":"FF_AccountPostingPeriods_FromNetSuite.csv","pcType":"UNISTRING","precision":256,"scale":0,"columnIndex":3,"isKey":false,"isExternalId":false,"isSfIdLookup":false,"isNullable":true,"isUnique":false,"isCreateable":false,"isUpdateable":true,"isFilterable":true,"isCalculated":false,"showLabel":false,"naturalOrder":0,"linkedFields":["periodName"],"relatedInfos":[],"references":[]},"expression":"periodName"},{"@type":"fieldMap","id":"954776","targetField":{"@type":"field","id":2350197,"name":"apLocked","type":"nstring","uniqueName":"apLocked","label":"apLocked","parentObject":"FF_AccountPostingPeriods_FromNetSuite.csv","pcType":"UNISTRING","precision":255,"scale":0,"columnIndex":4,"isKey":false,"isExternalId":false,"isSfIdLookup":false,"isNullable":true,"isUnique":false,"isCreateable":false,"isUpdateable":true,"isFilterable":true,"isCalculated":false,"showLabel":false,"naturalOrder":0,"linkedFields":[],"relatedInfos":[],"references":[]},"expression":"'0'"}],"sourceFields":[{"@type":"field","id":4982261,"name":"periodName","type":"string","uniqueName":"periodName","label":"periodName","parentObject":"AccountingPeriod","pcType":"NSTRING","precision":256,"scale":0,"columnIndex":-1,"isKey":false,"isExternalId":false,"isSfIdLookup":false,"isNullable":true,"isUnique":false,"isCreateable":false,"isUpdateable":true,"isFilterable":true,"isCalculated":false,"javaType":"java.lang.String","showLabel":true,"naturalOrder":0,"linkedFields":["periodName"],"relatedInfos":[],"references":[]},{"@type":"field","id":4982262,"name":"parent_InternalId","type":"string","uniqueName":"parent_InternalId","label":"parent_InternalId","parentObject":"AccountingPeriod","pcType":"NSTRING","precision":256,"scale":0,"columnIndex":-1,"isKey":false,"isExternalId":false,"isSfIdLookup":false,"isNullable":true,"isUnique":false,"isCreateable":false,"isUpdateable":true,"isFilterable":false,"isCalculated":false,"javaType":"java.lang.String","showLabel":true,"naturalOrder":1,"linkedFields":[],"relatedInfos":[],"references":[]},{"@type":"field","id":4982263,"name":"parent_ExternalId","type":"string","uniqueName":"parent_ExternalId","label":"parent_ExternalId","parentObject":"AccountingPeriod","pcType":"NSTRING","precision":256,"scale":0,"columnIndex":-1,"isKey":false,"isExternalId":false,"isSfIdLookup":false,"isNullable":true,"isUnique":false,"isCreateable":false,"isUpdateable":true,"isFilterable":false,"isCalculated":false,"javaType":"java.lang.String","showLabel":true,"naturalOrder":2,"linkedFields":[],"relatedInfos":[],"references":[]},{"@type":"field","id":4982264,"name":"parent_Type","type":"string","uniqueName":"parent_Type","label":"parent_Type","parentObject":"AccountingPeriod","pcType":"NSTRING","precision":256,"scale":0,"columnIndex":-1,"isKey":false,"isExternalId":false,"isSfIdLookup":false,"isNullable":true,"isUnique":false,"isCreateable":false,"isUpdateable":true,"isFilterable":false,"isCalculated":false,"javaType":"java.lang.String","showLabel":true,"naturalOrder":3,"linkedFields":[],"relatedInfos":[],"references":[]},{"@type":"field","id":4982265,"name":"parent_Name","type":"string","uniqueName":"parent_Name","label":"parent_Name","parentObject":"AccountingPeriod","pcType":"NSTRING","precision":256,"scale":0,"columnIndex":-1,"isKey":false,"isExternalId":false,"isSfIdLookup":false,"isNullable":true,"isUnique":false,"isCreateable":false,"isUpdateable":true,"isFilterable":false,"isCalculated":false,"javaType":"java.lang.String","showLabel":true,"naturalOrder":4,"linkedFields":[],"relatedInfos":[],"references":[]},{"@type":"field","id":4982266,"name":"startDate","type":"datetime","uniqueName":"startDate","label":"startDate","parentObject":"AccountingPeriod","pcType":"TOOLKIT_DATETIME","precision":19,"scale":0,"columnIndex":-1,"isKey":false,"isExternalId":false,"isSfIdLookup":false,"isNullable":true,"isUnique":false,"isCreateable":false,"isUpdateable":true,"isFilterable":true,"isCalculated":false,"javaType":"java.sql.Timestamp","showLabel":true,"naturalOrder":5,"linkedFields":["startDate"],"relatedInfos":[],"references":[]},{"@type":"field","id":4982267,"name":"endDate","type":"datetime","uniqueName":"endDate","label":"endDate","parentObject":"AccountingPeriod","pcType":"TOOLKIT_DATETIME","precision":19,"scale":0,"columnIndex":-1,"isKey":false,"isExternalId":false,"isSfIdLookup":false,"isNullable":true,"isUnique":false,"isCreateable":false,"isUpdateable":true,"isFilterable":true,"isCalculated":false,"javaType":"java.sql.Timestamp","showLabel":true,"naturalOrder":6,"linkedFields":["endDate"],"relatedInfos":[],"references":[]},{"@type":"field","id":4982268,"name":"fiscalCalendar_InternalId","type":"string","uniqueName":"fiscalCalendar_InternalId","label":"fiscalCalendar_InternalId","parentObject":"AccountingPeriod","pcType":"NSTRING","precision":256,"scale":0,"columnIndex":-1,"isKey":false,"isExternalId":false,"isSfIdLookup":false,"isNullable":true,"isUnique":false,"isCreateable":false,"isUpdateable":true,"isFilterable":false,"isCalculated":false,"javaType":"java.lang.String","showLabel":true,"naturalOrder":7,"linkedFields":[],"relatedInfos":[],"references":[]},{"@type":"field","id":4982269,"name":"fiscalCalendar_ExternalId","type":"string","uniqueName":"fiscalCalendar_ExternalId","label":"fiscalCalendar_ExternalId","parentObject":"AccountingPeriod","pcType":"NSTRING","precision":256,"scale":0,"columnIndex":-1,"isKey":false,"isExternalId":false,"isSfIdLookup":false,"isNullable":true,"isUnique":false,"isCreateable":false,"isUpdateable":true,"isFilterable":false,"isCalculated":false,"javaType":"java.lang.String","showLabel":true,"naturalOrder":8,"linkedFields":[],"relatedInfos":[],"references":[]},{"@type":"field","id":4982270,"name":"fiscalCalendar_Type","type":"string","uniqueName":"fiscalCalendar_Type","label":"fiscalCalendar_Type","parentObject":"AccountingPeriod","pcType":"NSTRING","precision":256,"scale":0,"columnIndex":-1,"isKey":false,"isExternalId":false,"isSfIdLookup":false,"isNullable":true,"isUnique":false,"isCreateable":false,"isUpdateable":true,"isFilterable":false,"isCalculated":false,"javaType":"java.lang.String","showLabel":true,"naturalOrder":9,"linkedFields":[],"relatedInfos":[],"references":[]},{"@type":"field","id":4982271,"name":"fiscalCalendar_Name","type":"string","uniqueName":"fiscalCalendar_Name","label":"fiscalCalendar_Name","parentObject":"AccountingPeriod","pcType":"NSTRING","precision":256,"scale":0,"columnIndex":-1,"isKey":false,"isExternalId":false,"isSfIdLookup":false,"isNullable":true,"isUnique":false,"isCreateable":false,"isUpdateable":true,"isFilterable":false,"isCalculated":false,"javaType":"java.lang.String","showLabel":true,"naturalOrder":10,"linkedFields":[],"relatedInfos":[],"references":[]},{"@type":"field","id":4982272,"name":"closedOnDate","type":"datetime","uniqueName":"closedOnDate","label":"closedOnDate","parentObject":"AccountingPeriod","pcType":"TOOLKIT_DATETIME","precision":19,"scale":0,"columnIndex":-1,"isKey":false,"isExternalId":false,"isSfIdLookup":false,"isNullable":true,"isUnique":false,"isCreateable":false,"isUpdateable":true,"isFilterable":true,"isCalculated":false,"javaType":"java.sql.Timestamp","showLabel":true,"naturalOrder":11,"linkedFields":[],"relatedInfos":[],"references":[]},{"@type":"field","id":4982273,"name":"isAdjust","type":"boolean","uniqueName":"isAdjust","label":"isAdjust","parentObject":"AccountingPeriod","pcType":"SMALL_INTEGER","precision":2,"scale":0,"columnIndex":-1,"isKey":false,"isExternalId":false,"isSfIdLookup":false,"isNullable":true,"isUnique":false,"isCreateable":false,"isUpdateable":true,"isFilterable":true,"isCalculated":false,"javaType":"java.lang.Boolean","showLabel":true,"naturalOrder":12,"linkedFields":[],"relatedInfos":[],"references":[]},{"@type":"field","id":4982274,"name":"isQuarter","type":"boolean","uniqueName":"isQuarter","label":"isQuarter","parentObject":"AccountingPeriod","pcType":"SMALL_INTEGER","precision":2,"scale":0,"columnIndex":-1,"isKey":false,"isExternalId":false,"isSfIdLookup":false,"isNullable":true,"isUnique":false,"isCreateable":false,"isUpdateable":true,"isFilterable":true,"isCalculated":false,"javaType":"java.lang.Boolean","showLabel":true,"naturalOrder":13,"linkedFields":[],"relatedInfos":[],"references":[]},{"@type":"field","id":4982275,"name":"isYear","type":"boolean","uniqueName":"isYear","label":"isYear","parentObject":"AccountingPeriod","pcType":"SMALL_INTEGER","precision":2,"scale":0,"columnIndex":-1,"isKey":false,"isExternalId":false,"isSfIdLookup":false,"isNullable":true,"isUnique":false,"isCreateable":false,"isUpdateable":true,"isFilterable":true,"isCalculated":false,"javaType":"java.lang.Boolean","showLabel":true,"naturalOrder":14,"linkedFields":[],"relatedInfos":[],"references":[]},{"@type":"field","id":4982276,"name":"closed","type":"boolean","uniqueName":"closed","label":"closed","parentObject":"AccountingPeriod","pcType":"SMALL_INTEGER","precision":2,"scale":0,"columnIndex":-1,"isKey":false,"isExternalId":false,"isSfIdLookup":false,"isNullable":true,"isUnique":false,"isCreateable":false,"isUpdateable":true,"isFilterable":true,"isCalculated":false,"javaType":"java.lang.Boolean","showLabel":true,"naturalOrder":15,"linkedFields":[],"relatedInfos":[],"references":[]},{"@type":"field","id":4982277,"name":"apLocked","type":"boolean","uniqueName":"apLocked","label":"apLocked","parentObject":"AccountingPeriod","pcType":"SMALL_INTEGER","precision":2,"scale":0,"columnIndex":-1,"isKey":false,"isExternalId":false,"isSfIdLookup":false,"isNullable":true,"isUnique":false,"isCreateable":false,"isUpdateable":true,"isFilterable":true,"isCalculated":false,"javaType":"java.lang.Boolean","showLabel":true,"naturalOrder":16,"linkedFields":[],"relatedInfos":[],"references":[]},{"@type":"field","id":4982278,"name":"arLocked","type":"boolean","uniqueName":"arLocked","label":"arLocked","parentObject":"AccountingPeriod","pcType":"SMALL_INTEGER","precision":2,"scale":0,"columnIndex":-1,"isKey":false,"isExternalId":false,"isSfIdLookup":false,"isNullable":true,"isUnique":false,"isCreateable":false,"isUpdateable":true,"isFilterable":true,"isCalculated":false,"javaType":"java.lang.Boolean","showLabel":true,"naturalOrder":17,"linkedFields":[],"relatedInfos":[],"references":[]},{"@type":"field","id":4982279,"name":"payrollLocked","type":"boolean","uniqueName":"payrollLocked","label":"payrollLocked","parentObject":"AccountingPeriod","pcType":"SMALL_INTEGER","precision":2,"scale":0,"columnIndex":-1,"isKey":false,"isExternalId":false,"isSfIdLookup":false,"isNullable":true,"isUnique":false,"isCreateable":false,"isUpdateable":true,"isFilterable":true,"isCalculated":false,"javaType":"java.lang.Boolean","showLabel":true,"naturalOrder":18,"linkedFields":[],"relatedInfos":[],"references":[]},{"@type":"field","id":4982280,"name":"allLocked","type":"boolean","uniqueName":"allLocked","label":"allLocked","parentObject":"AccountingPeriod","pcType":"SMALL_INTEGER","precision":2,"scale":0,"columnIndex":-1,"isKey":false,"isExternalId":false,"isSfIdLookup":false,"isNullable":true,"isUnique":false,"isCreateable":false,"isUpdateable":true,"isFilterable":true,"isCalculated":false,"javaType":"java.lang.Boolean","showLabel":true,"naturalOrder":19,"linkedFields":[],"relatedInfos":[],"references":[]},{"@type":"field","id":4982281,"name":"allowNonGLChanges","type":"boolean","uniqueName":"allowNonGLChanges","label":"allowNonGLChanges","parentObject":"AccountingPeriod","pcType":"SMALL_INTEGER","precision":2,"scale":0,"columnIndex":-1,"isKey":false,"isExternalId":false,"isSfIdLookup":false,"isNullable":true,"isUnique":false,"isCreateable":false,"isUpdateable":true,"isFilterable":false,"isCalculated":false,"javaType":"java.lang.Boolean","showLabel":true,"naturalOrder":20,"linkedFields":[],"relatedInfos":[],"references":[]},{"@type":"field","id":4982282,"name":"internalId","type":"string","uniqueName":"internalId","label":"internalId","parentObject":"AccountingPeriod","pcType":"NSTRING","precision":256,"scale":0,"columnIndex":-1,"isKey":true,"isExternalId":false,"isSfIdLookup":false,"isNullable":true,"isUnique":false,"isCreateable":false,"isUpdateable":true,"isFilterable":true,"isCalculated":false,"javaType":"java.lang.String","showLabel":true,"naturalOrder":21,"linkedFields":["internalId"],"relatedInfos":[],"references":[]}],"sortFields":[],"groupFields":[]}]