[{"@type":"mappingTemplate","id":"@1","name":"m_Netsuite_To_RevPro_LoadTransactions_SOExpiryDate","description":"","bundleVersion":"0","templateId":"@3","deployTime":1619201019000,"hasParameters":false,"valid":true,"fixedConnection":true,"hasParametersDeployed":false,"fixedConnectionDeployed":true,"tasks":1,"mappingPreviewFileRecordId":"@2","documentType":"MAPPING","references":[{"@type":"reference","refObjectId":"@6PU3rFIMgCQbgSudCSzFiN","refType":"connection"},{"@type":"reference","refObjectId":"@8Qp1Vvtik7ejRmnNM3lSiT","refType":"connection"}]}]