[{"@type":"workflow","id":"@1","name":"TF_Netsuite_FF_DLs_Update","maxLogs":10,"references":[{"@type":"reference","refObjectId":"@agw0U2tzrMXkd4lOJz1cih","refType":"mtTask"},{"@type":"reference","refObjectId":"@7ViCYbaa2y0d12F9TjxPOV","refType":"mtTask"}],"tasks":[{"@type":"workflowTask","taskId":"@agw0U2tzrMXkd4lOJz1cih","type":"MTT","name":"mct_Netsuite_Active_Employee_FF_Extract","stopOnError":true,"stopOnWarning":true},{"@type":"workflowTask","taskId":"@7ViCYbaa2y0d12F9TjxPOV","type":"MTT","name":"mct_Netsuite_DLs_Update_FF_Extract","stopOnError":true,"stopOnWarning":true}]}]