[{"@type":"mappingTemplate","id":"@1","name":"m_SFDC_To_SFDC_Account_ArchiveParentAccount","description":"BISAP-12278: Update Account Archive query to exclude Subcontractor record type","bundleVersion":"0","templateId":"@3","deployTime":1596126978000,"hasParameters":false,"valid":true,"fixedConnection":true,"hasParametersDeployed":false,"fixedConnectionDeployed":true,"tasks":5,"mappingPreviewFileRecordId":"@2","documentType":"","references":[{"@type":"reference","refObjectId":"@2CjV79tAT4nicr3VedQp4y","refType":"connection"}]}]