[{"@type":"mappingTemplate","id":"@1","name":"m_Employee_User_SFDC_To_SFDC_UpdateFromNetsuite","description":"Updates below fields\n\n- Title (Pending)\n- ManagerId\n- Cisco Email\n- Department\n- Hire Date\n- Termination Date\n- Office Location","bundleVersion":"0","templateId":"@3","deployTime":1566095641000,"hasParameters":false,"valid":true,"fixedConnection":true,"hasParametersDeployed":false,"fixedConnectionDeployed":true,"tasks":1,"mappingPreviewFileRecordId":"@2","documentType":"","references":[{"@type":"reference","refObjectId":"@8Qp1Vvtik7ejRmnNM3lSiT","refType":"connection"},{"@type":"reference","refObjectId":"@2CjV79tAT4nicr3VedQp4y","refType":"connection"}]}]