[{"@type":"dssTask","id":"@1","name":"DSS_Suppliers_08_PUT_File_To_XMLCreate","description":"","errorTaskEmail":{"@type":"taskEmail","id":123949,"emails":"sri.battu@appdynamics.com","emailType":"ERROR"},"successTaskEmail":{"@type":"taskEmail","id":123950,"emails":"sri.battu@appdynamics.com","emailType":"SUCCESS"},"warningTaskEmail":{"@type":"taskEmail","id":123951,"emails":"sri.battu@appdynamics.com","emailType":"WARNING"},"preProcessingCmd":"rm -f $PMRootDir/stage/Coupa/PayLoad/PayLoadCoupaSuppliersPUT.xml","maxLogs":10,"sourceConnectionId":"@6ey2Cmo3PaHcsThnJ0TYui","targetConnectionId":"@l06Hsixkxyejt60pQV3d6M","targetObject":"suppliers_supplier","targetObjectLabel":"","targetChildObjectLabel":"","operation":"Insert","maxRows":0,"truncateTarget":false,"bulkApiDBTarget":false,"verbose":false,"srcFlatFileAttrs":{"@type":"flatFileAttrs","id":44326,"delimiter":",","textQualifier":"\"","escapeChar":"","headerLineNo":1,"firstDataRow":2},"targetMetadataUpdated":false,"modelVersion":"V3-R600","queryAll":false,"srcSettings":{"@type":"taskDataSourceSetting","isShowLabels":false,"isNaturalOrder":true},"tgtSettings":{"@type":"taskDataSourceSetting","isShowLabels":true,"isNaturalOrder":true},"cfSettings":{"@type":"taskDataSourceSetting","isShowLabels":false,"isNaturalOrder":true},"bulkApi":false,"bulkApiSerialMode":false,"bulkApiMonitor":false,"isTargetObjectSfCustom":false,"allowNullUpdates":false,"targetBatchSize":200,"assignmentRuleId":"-1","assignmentRuleType":"None","createSuccessFile":false,"bulkApiHardDelete":false,"srcRuntimeAttrs":{"@type":"taskRuntimeAttrs","attrs":{}},"tgtRuntimeAttrs":{"@type":"taskRuntimeAttrs","attrs":{"Error File Directory":"","Success File Directory":""}},"sourceObjects":[{"@type":"mObject","name":"FF_Suppliers_FromNetSuite.csv","label":"FF_Suppliers_FromNetSuite.csv","metadataUpdated":false,"relations":[],"children":[]}],"advancedFilters":[{"@type":"advancedFilter","id":"4498","objectName":"FF_Suppliers_FromNetSuite.csv","objectLabel":"FF_Suppliers_FromNetSuite.csv","expression":"Subsidiary_internalId = '1'  AND  NOT isnull(ltrim(rtrim(externalId_CoupaId)))"}],"filters":[],"fieldMaps":[{"@type":"fieldMap","id":"956084","targetField":{"@type":"field","id":2352964,"name":"status","type":"string","uniqueName":"status","label":"status","parentObject":"suppliers_supplier","pcType":"NSTRING","precision":2500,"scale":0,"columnIndex":-1,"isKey":false,"isExternalId":false,"isSfIdLookup":false,"isNullable":true,"isUnique":false,"isCreateable":false,"isUpdateable":true,"isFilterable":false,"isCalculated":false,"javaType":"java.lang.String","showLabel":true,"naturalOrder":0,"linkedFields":["Status"],"relatedInfos":[],"references":[]},"expression":"Status"},{"@type":"fieldMap","id":"956085","targetField":{"@type":"field","id":2352965,"name":"primary-contact_email","type":"string","uniqueName":"primary_contact_email","label":"primary-contact_email","parentObject":"suppliers_supplier","pcType":"NSTRING","precision":2500,"scale":0,"columnIndex":-1,"isKey":false,"isExternalId":false,"isSfIdLookup":false,"isNullable":true,"isUnique":false,"isCreateable":false,"isUpdateable":true,"isFilterable":false,"isCalculated":false,"javaType":"java.lang.String","showLabel":true,"naturalOrder":1,"linkedFields":["PrimaryContact_Email"],"relatedInfos":[],"references":[]},"expression":"PrimaryContact_Email"},{"@type":"fieldMap","id":"956086","targetField":{"@type":"field","id":2352966,"name":"name","type":"string","uniqueName":"name","label":"name","parentObject":"suppliers_supplier","pcType":"NSTRING","precision":2500,"scale":0,"columnIndex":-1,"isKey":false,"isExternalId":false,"isSfIdLookup":false,"isNullable":true,"isUnique":false,"isCreateable":false,"isUpdateable":true,"isFilterable":false,"isCalculated":false,"javaType":"java.lang.String","showLabel":true,"naturalOrder":2,"linkedFields":["Name"],"relatedInfos":[],"references":[]},"expression":"Name"},{"@type":"fieldMap","id":"956087","targetField":{"@type":"field","id":2352967,"name":"primary_address_postal_code","type":"string","uniqueName":"primary_address_postal_code","label":"primary_address_postal_code","parentObject":"suppliers_supplier","pcType":"NSTRING","precision":2500,"scale":0,"columnIndex":-1,"isKey":false,"isExternalId":false,"isSfIdLookup":false,"isNullable":true,"isUnique":false,"isCreateable":false,"isUpdateable":true,"isFilterable":false,"isCalculated":false,"javaType":"java.lang.String","showLabel":true,"naturalOrder":3,"linkedFields":["PrimaryAddress_PostalCode"],"relatedInfos":[],"references":[]},"expression":"PrimaryAddress_PostalCode"},{"@type":"fieldMap","id":"956088","targetField":{"@type":"field","id":2352968,"name":"primary-contact_phone-work","type":"string","uniqueName":"primary_contact_phone_work","label":"primary-contact_phone-work","parentObject":"suppliers_supplier","pcType":"NSTRING","precision":2500,"scale":0,"columnIndex":-1,"isKey":false,"isExternalId":false,"isSfIdLookup":false,"isNullable":true,"isUnique":false,"isCreateable":false,"isUpdateable":true,"isFilterable":false,"isCalculated":false,"javaType":"java.lang.String","showLabel":true,"naturalOrder":4,"linkedFields":["PrimaryContact_PhoneWork"],"relatedInfos":[],"references":[]},"expression":"PrimaryContact_PhoneWork"},{"@type":"fieldMap","id":"956089","targetField":{"@type":"field","id":2352969,"name":"primary_address_city","type":"string","uniqueName":"primary_address_city","label":"primary_address_city","parentObject":"suppliers_supplier","pcType":"NSTRING","precision":2500,"scale":0,"columnIndex":-1,"isKey":false,"isExternalId":false,"isSfIdLookup":false,"isNullable":true,"isUnique":false,"isCreateable":false,"isUpdateable":true,"isFilterable":false,"isCalculated":false,"javaType":"java.lang.String","showLabel":true,"naturalOrder":5,"linkedFields":["PrimaryAddress_City"],"relatedInfos":[],"references":[]},"expression":"PrimaryAddress_City"},{"@type":"fieldMap","id":"956090","targetField":{"@type":"field","id":2352970,"name":"diversity-supplier-information","type":"string","uniqueName":"diversity_supplier_information","label":"diversity-supplier-information","parentObject":"suppliers_supplier","pcType":"NSTRING","precision":2500,"scale":0,"columnIndex":-1,"isKey":false,"isExternalId":false,"isSfIdLookup":false,"isNullable":true,"isUnique":false,"isCreateable":false,"isUpdateable":true,"isFilterable":false,"isCalculated":false,"javaType":"java.lang.String","showLabel":true,"naturalOrder":6,"linkedFields":["Minority_Classification"],"relatedInfos":[],"references":[]},"expression":"Minority_Classification"},{"@type":"fieldMap","id":"956091","targetField":{"@type":"field","id":2352971,"name":"number","type":"string","uniqueName":"number","label":"number","parentObject":"suppliers_supplier","pcType":"NSTRING","precision":2500,"scale":0,"columnIndex":-1,"isKey":false,"isExternalId":false,"isSfIdLookup":false,"isNullable":true,"isUnique":false,"isCreateable":false,"isUpdateable":true,"isFilterable":false,"isCalculated":false,"javaType":"java.lang.String","showLabel":true,"naturalOrder":7,"linkedFields":["SupplierNumber"],"relatedInfos":[],"references":[]},"expression":"SupplierNumber"},{"@type":"fieldMap","id":"956092","targetField":{"@type":"field","id":2352972,"name":"tax-id","type":"string","uniqueName":"tax_id","label":"tax-id","parentObject":"suppliers_supplier","pcType":"NSTRING","precision":2500,"scale":0,"columnIndex":-1,"isKey":false,"isExternalId":false,"isSfIdLookup":false,"isNullable":true,"isUnique":false,"isCreateable":false,"isUpdateable":true,"isFilterable":false,"isCalculated":false,"javaType":"java.lang.String","showLabel":true,"naturalOrder":8,"linkedFields":["TaxID"],"relatedInfos":[],"references":[]},"expression":"TaxID"},{"@type":"fieldMap","id":"956093","targetField":{"@type":"field","id":2352973,"name":"primary_address_country_code","type":"string","uniqueName":"primary_address_country_code","label":"primary_address_country_code","parentObject":"suppliers_supplier","pcType":"NSTRING","precision":2500,"scale":0,"columnIndex":-1,"isKey":false,"isExternalId":false,"isSfIdLookup":false,"isNullable":true,"isUnique":false,"isCreateable":false,"isUpdateable":true,"isFilterable":false,"isCalculated":false,"javaType":"java.lang.String","showLabel":true,"naturalOrder":9,"linkedFields":["PrimaryAddress_Country"],"relatedInfos":[],"references":[]},"expression":"PrimaryAddress_Country"},{"@type":"fieldMap","id":"956094","targetField":{"@type":"field","id":2352974,"name":"primary_address_state","type":"string","uniqueName":"primary_address_state","label":"primary_address_state","parentObject":"suppliers_supplier","pcType":"NSTRING","precision":2500,"scale":0,"columnIndex":-1,"isKey":false,"isExternalId":false,"isSfIdLookup":false,"isNullable":true,"isUnique":false,"isCreateable":false,"isUpdateable":true,"isFilterable":false,"isCalculated":false,"javaType":"java.lang.String","showLabel":true,"naturalOrder":10,"linkedFields":["PrimaryAddress_State"],"relatedInfos":[],"references":[]},"expression":"PrimaryAddress_State"},{"@type":"fieldMap","id":"956095","targetField":{"@type":"field","id":2352975,"name":"po-email","type":"string","uniqueName":"po_email","label":"po-email","parentObject":"suppliers_supplier","pcType":"NSTRING","precision":2500,"scale":0,"columnIndex":-1,"isKey":false,"isExternalId":false,"isSfIdLookup":false,"isNullable":true,"isUnique":false,"isCreateable":false,"isUpdateable":true,"isFilterable":false,"isCalculated":false,"javaType":"java.lang.String","showLabel":true,"naturalOrder":11,"linkedFields":["PO_Email"],"relatedInfos":[],"references":[]},"expression":"PO_Email"},{"@type":"fieldMap","id":"956096","targetField":{"@type":"field","id":2352976,"name":"invoice-matching-level","type":"string","uniqueName":"invoice_matching_level","label":"invoice-matching-level","parentObject":"suppliers_supplier","pcType":"NSTRING","precision":2500,"scale":0,"columnIndex":-1,"isKey":false,"isExternalId":false,"isSfIdLookup":false,"isNullable":true,"isUnique":false,"isCreateable":false,"isUpdateable":true,"isFilterable":false,"isCalculated":false,"javaType":"java.lang.String","showLabel":true,"naturalOrder":12,"linkedFields":["InvoiceMatchingLevel"],"relatedInfos":[],"references":[]},"expression":"InvoiceMatchingLevel"},{"@type":"fieldMap","id":"956097","targetField":{"@type":"field","id":2352977,"name":"po-method","type":"string","uniqueName":"po_method","label":"po-method","parentObject":"suppliers_supplier","pcType":"NSTRING","precision":2500,"scale":0,"columnIndex":-1,"isKey":false,"isExternalId":false,"isSfIdLookup":false,"isNullable":true,"isUnique":false,"isCreateable":false,"isUpdateable":true,"isFilterable":false,"isCalculated":false,"javaType":"java.lang.String","showLabel":true,"naturalOrder":13,"linkedFields":["PO_TransmissionMehtod"],"relatedInfos":[],"references":[]},"expression":"PO_TransmissionMehtod"},{"@type":"fieldMap","id":"956098","targetField":{"@type":"field","id":2352978,"name":"primary-contact_name-given","type":"string","uniqueName":"primary_contact_name_given","label":"primary-contact_name-given","parentObject":"suppliers_supplier","pcType":"NSTRING","precision":2500,"scale":0,"columnIndex":-1,"isKey":false,"isExternalId":false,"isSfIdLookup":false,"isNullable":true,"isUnique":false,"isCreateable":false,"isUpdateable":true,"isFilterable":false,"isCalculated":false,"javaType":"java.lang.String","showLabel":true,"naturalOrder":14,"linkedFields":["PrimaryContact_NameGiven"],"relatedInfos":[],"references":[]},"expression":"PrimaryContact_NameGiven"},{"@type":"fieldMap","id":"956099","targetField":{"@type":"field","id":2352979,"name":"id","type":"string","uniqueName":"id","label":"id","parentObject":"suppliers_supplier","pcType":"NSTRING","precision":2500,"scale":0,"columnIndex":-1,"isKey":false,"isExternalId":false,"isSfIdLookup":false,"isNullable":true,"isUnique":false,"isCreateable":false,"isUpdateable":true,"isFilterable":false,"isCalculated":false,"javaType":"java.lang.String","showLabel":true,"naturalOrder":15,"linkedFields":["externalId_CoupaId"],"relatedInfos":[],"references":[]},"expression":"externalId_CoupaId"},{"@type":"fieldMap","id":"956100","targetField":{"@type":"field","id":2352980,"name":"primary-contact_name-family","type":"string","uniqueName":"primary_contact_name_family","label":"primary-contact_name-family","parentObject":"suppliers_supplier","pcType":"NSTRING","precision":2500,"scale":0,"columnIndex":-1,"isKey":false,"isExternalId":false,"isSfIdLookup":false,"isNullable":true,"isUnique":false,"isCreateable":false,"isUpdateable":true,"isFilterable":false,"isCalculated":false,"javaType":"java.lang.String","showLabel":true,"naturalOrder":16,"linkedFields":["PrimaryContact_NameFamily"],"relatedInfos":[],"references":[]},"expression":"PrimaryContact_NameFamily"},{"@type":"fieldMap","id":"956101","targetField":{"@type":"field","id":2352981,"name":"payment-term_code","type":"string","uniqueName":"payment_term_code","label":"payment-term_code","parentObject":"suppliers_supplier","pcType":"NSTRING","precision":2500,"scale":0,"columnIndex":-1,"isKey":false,"isExternalId":false,"isSfIdLookup":false,"isNullable":true,"isUnique":false,"isCreateable":false,"isUpdateable":true,"isFilterable":false,"isCalculated":false,"javaType":"java.lang.String","showLabel":true,"naturalOrder":17,"linkedFields":["PaymentTerm_Code"],"relatedInfos":[],"references":[]},"expression":"PaymentTerm_Code"},{"@type":"fieldMap","id":"956102","targetField":{"@type":"field","id":2352982,"name":"primary-contact_phone-mobile","type":"string","uniqueName":"primary_contact_phone_mobile","label":"primary-contact_phone-mobile","parentObject":"suppliers_supplier","pcType":"NSTRING","precision":2500,"scale":0,"columnIndex":-1,"isKey":false,"isExternalId":false,"isSfIdLookup":false,"isNullable":true,"isUnique":false,"isCreateable":false,"isUpdateable":true,"isFilterable":false,"isCalculated":false,"javaType":"java.lang.String","showLabel":true,"naturalOrder":18,"linkedFields":["PrimaryContact_PhoneMobile"],"relatedInfos":[],"references":[]},"expression":"PrimaryContact_PhoneMobile"},{"@type":"fieldMap","id":"956103","targetField":{"@type":"field","id":2352983,"name":"primary_address_street1","type":"string","uniqueName":"primary_address_street1","label":"primary_address_street1","parentObject":"suppliers_supplier","pcType":"NSTRING","precision":2500,"scale":0,"columnIndex":-1,"isKey":false,"isExternalId":false,"isSfIdLookup":false,"isNullable":true,"isUnique":false,"isCreateable":false,"isUpdateable":true,"isFilterable":false,"isCalculated":false,"javaType":"java.lang.String","showLabel":true,"naturalOrder":19,"linkedFields":["PrimaryAddress_Street1"],"relatedInfos":[],"references":[]},"expression":"PrimaryAddress_Street1"},{"@type":"fieldMap","id":"956104","targetField":{"@type":"field","id":2352984,"name":"primary-contact_phone-fax","type":"string","uniqueName":"primary_contact_phone_fax","label":"primary-contact_phone-fax","parentObject":"suppliers_supplier","pcType":"NSTRING","precision":2500,"scale":0,"columnIndex":-1,"isKey":false,"isExternalId":false,"isSfIdLookup":false,"isNullable":true,"isUnique":false,"isCreateable":false,"isUpdateable":true,"isFilterable":false,"isCalculated":false,"javaType":"java.lang.String","showLabel":true,"naturalOrder":20,"linkedFields":["PrimaryContact_PhoneFax"],"relatedInfos":[],"references":[]},"expression":"PrimaryContact_PhoneFax"},{"@type":"fieldMap","id":"956105","targetField":{"@type":"field","id":2352985,"name":"primary_address_street2","type":"string","uniqueName":"primary_address_street2","label":"primary_address_street2","parentObject":"suppliers_supplier","pcType":"NSTRING","precision":2500,"scale":0,"columnIndex":-1,"isKey":false,"isExternalId":false,"isSfIdLookup":false,"isNullable":true,"isUnique":false,"isCreateable":false,"isUpdateable":true,"isFilterable":false,"isCalculated":false,"javaType":"java.lang.String","showLabel":true,"naturalOrder":21,"linkedFields":["PrimaryAddress_Street2"],"relatedInfos":[],"references":[]},"expression":"PrimaryAddress_Street2"},{"@type":"fieldMap","id":"956106","targetField":{"@type":"field","id":2352986,"name":"XFK_suppliers","type":"string","uniqueName":"XFK_suppliers","label":"XFK_suppliers","parentObject":"suppliers_supplier","pcType":"NSTRING","precision":2500,"scale":0,"columnIndex":-1,"isKey":true,"isExternalId":false,"isSfIdLookup":false,"isNullable":true,"isUnique":false,"isCreateable":false,"isUpdateable":true,"isFilterable":false,"isCalculated":false,"javaType":"java.lang.String","showLabel":true,"naturalOrder":22,"linkedFields":["SupplierNumber"],"relatedInfos":[],"references":[]},"expression":"SupplierNumber"},{"@type":"fieldMap","id":"956107","targetField":{"@type":"field","id":2352987,"name":"XPK_supplier","type":"string","uniqueName":"XPK_supplier","label":"XPK_supplier","parentObject":"suppliers_supplier","pcType":"NSTRING","precision":2500,"scale":0,"columnIndex":-1,"isKey":true,"isExternalId":false,"isSfIdLookup":false,"isNullable":false,"isUnique":false,"isCreateable":false,"isUpdateable":true,"isFilterable":false,"isCalculated":false,"javaType":"java.lang.String","showLabel":true,"naturalOrder":23,"linkedFields":["SupplierNumber"],"relatedInfos":[],"references":[]},"expression":"SupplierNumber"},{"@type":"fieldMap","id":"956108","targetField":{"@type":"field","id":2352988,"name":"ISFINALXML","type":"string","uniqueName":"ISFINALXML","label":"ISFINALXML","parentObject":"suppliers_supplier","pcType":"NSTRING","precision":2500,"scale":0,"columnIndex":-1,"isKey":false,"isExternalId":false,"isSfIdLookup":false,"isNullable":true,"isUnique":false,"isCreateable":false,"isUpdateable":true,"isFilterable":false,"isCalculated":false,"javaType":"java.lang.String","showLabel":true,"naturalOrder":24,"linkedFields":[],"relatedInfos":[],"references":[]}}],"sourceFields":[{"@type":"field","id":2352989,"name":"externalId_CoupaId","type":"nstring","uniqueName":"externalId_CoupaId","label":"externalId_CoupaId","parentObject":"FF_Suppliers_FromNetSuite.csv","pcType":"UNISTRING","precision":2500,"scale":0,"columnIndex":0,"isKey":false,"isExternalId":false,"isSfIdLookup":false,"isNullable":true,"isUnique":false,"isCreateable":false,"isUpdateable":true,"isFilterable":true,"isCalculated":false,"showLabel":false,"naturalOrder":0,"linkedFields":["id"],"relatedInfos":[],"references":[]},{"@type":"field","id":2352990,"name":"NS_InternalId","type":"nstring","uniqueName":"NS_InternalId","label":"NS_InternalId","parentObject":"FF_Suppliers_FromNetSuite.csv","pcType":"UNISTRING","precision":255,"scale":0,"columnIndex":1,"isKey":false,"isExternalId":false,"isSfIdLookup":false,"isNullable":true,"isUnique":false,"isCreateable":false,"isUpdateable":true,"isFilterable":true,"isCalculated":false,"showLabel":false,"naturalOrder":0,"linkedFields":[],"relatedInfos":[],"references":[]},{"@type":"field","id":2352991,"name":"Name","type":"nstring","uniqueName":"Name","label":"Name","parentObject":"FF_Suppliers_FromNetSuite.csv","pcType":"UNISTRING","precision":2500,"scale":0,"columnIndex":2,"isKey":false,"isExternalId":false,"isSfIdLookup":false,"isNullable":true,"isUnique":false,"isCreateable":false,"isUpdateable":true,"isFilterable":true,"isCalculated":false,"showLabel":false,"naturalOrder":0,"linkedFields":["name"],"relatedInfos":[],"references":[]},{"@type":"field","id":2352992,"name":"Status","type":"nstring","uniqueName":"Status","label":"Status","parentObject":"FF_Suppliers_FromNetSuite.csv","pcType":"UNISTRING","precision":2500,"scale":0,"columnIndex":3,"isKey":false,"isExternalId":false,"isSfIdLookup":false,"isNullable":true,"isUnique":false,"isCreateable":false,"isUpdateable":true,"isFilterable":true,"isCalculated":false,"showLabel":false,"naturalOrder":0,"linkedFields":["status"],"relatedInfos":[],"references":[]},{"@type":"field","id":2352993,"name":"SupplierNumber","type":"nstring","uniqueName":"SupplierNumber","label":"SupplierNumber","parentObject":"FF_Suppliers_FromNetSuite.csv","pcType":"UNISTRING","precision":2500,"scale":0,"columnIndex":4,"isKey":false,"isExternalId":false,"isSfIdLookup":false,"isNullable":true,"isUnique":false,"isCreateable":false,"isUpdateable":true,"isFilterable":true,"isCalculated":false,"showLabel":false,"naturalOrder":0,"linkedFields":["number","XFK_suppliers","XPK_supplier"],"relatedInfos":[],"references":[]},{"@type":"field","id":2352994,"name":"Website","type":"nstring","uniqueName":"Website","label":"Website","parentObject":"FF_Suppliers_FromNetSuite.csv","pcType":"UNISTRING","precision":255,"scale":0,"columnIndex":5,"isKey":false,"isExternalId":false,"isSfIdLookup":false,"isNullable":true,"isUnique":false,"isCreateable":false,"isUpdateable":true,"isFilterable":true,"isCalculated":false,"showLabel":false,"naturalOrder":0,"linkedFields":[],"relatedInfos":[],"references":[]},{"@type":"field","id":2352995,"name":"TaxID","type":"nstring","uniqueName":"TaxID","label":"TaxID","parentObject":"FF_Suppliers_FromNetSuite.csv","pcType":"UNISTRING","precision":2500,"scale":0,"columnIndex":6,"isKey":false,"isExternalId":false,"isSfIdLookup":false,"isNullable":true,"isUnique":false,"isCreateable":false,"isUpdateable":true,"isFilterable":true,"isCalculated":false,"showLabel":false,"naturalOrder":0,"linkedFields":["tax_id"],"relatedInfos":[],"references":[]},{"@type":"field","id":2352996,"name":"PO_TransmissionMehtod","type":"nstring","uniqueName":"PO_TransmissionMehtod","label":"PO_TransmissionMehtod","parentObject":"FF_Suppliers_FromNetSuite.csv","pcType":"UNISTRING","precision":2500,"scale":0,"columnIndex":7,"isKey":false,"isExternalId":false,"isSfIdLookup":false,"isNullable":true,"isUnique":false,"isCreateable":false,"isUpdateable":true,"isFilterable":true,"isCalculated":false,"showLabel":false,"naturalOrder":0,"linkedFields":["po_method"],"relatedInfos":[],"references":[]},{"@type":"field","id":2352997,"name":"PO_Email","type":"nstring","uniqueName":"PO_Email","label":"PO_Email","parentObject":"FF_Suppliers_FromNetSuite.csv","pcType":"UNISTRING","precision":2500,"scale":0,"columnIndex":8,"isKey":false,"isExternalId":false,"isSfIdLookup":false,"isNullable":true,"isUnique":false,"isCreateable":false,"isUpdateable":true,"isFilterable":true,"isCalculated":false,"showLabel":false,"naturalOrder":0,"linkedFields":["po_email"],"relatedInfos":[],"references":[]},{"@type":"field","id":2352998,"name":"PaymentTerm_Code","type":"nstring","uniqueName":"PaymentTerm_Code","label":"PaymentTerm_Code","parentObject":"FF_Suppliers_FromNetSuite.csv","pcType":"UNISTRING","precision":2500,"scale":0,"columnIndex":9,"isKey":false,"isExternalId":false,"isSfIdLookup":false,"isNullable":true,"isUnique":false,"isCreateable":false,"isUpdateable":true,"isFilterable":true,"isCalculated":false,"showLabel":false,"naturalOrder":0,"linkedFields":["payment_term_code"],"relatedInfos":[],"references":[]},{"@type":"field","id":2352999,"name":"InvoiceMatchingLevel","type":"nstring","uniqueName":"InvoiceMatchingLevel","label":"InvoiceMatchingLevel","parentObject":"FF_Suppliers_FromNetSuite.csv","pcType":"UNISTRING","precision":2500,"scale":0,"columnIndex":10,"isKey":false,"isExternalId":false,"isSfIdLookup":false,"isNullable":true,"isUnique":false,"isCreateable":false,"isUpdateable":true,"isFilterable":true,"isCalculated":false,"showLabel":false,"naturalOrder":0,"linkedFields":["invoice_matching_level"],"relatedInfos":[],"references":[]},{"@type":"field","id":2353000,"name":"Minority_Classification","type":"nstring","uniqueName":"Minority_Classification","label":"Minority_Classification","parentObject":"FF_Suppliers_FromNetSuite.csv","pcType":"UNISTRING","precision":2500,"scale":0,"columnIndex":11,"isKey":false,"isExternalId":false,"isSfIdLookup":false,"isNullable":true,"isUnique":false,"isCreateable":false,"isUpdateable":true,"isFilterable":true,"isCalculated":false,"showLabel":false,"naturalOrder":0,"linkedFields":["diversity_supplier_information"],"relatedInfos":[],"references":[]},{"@type":"field","id":2353001,"name":"PrimaryContact_Email","type":"nstring","uniqueName":"PrimaryContact_Email","label":"PrimaryContact_Email","parentObject":"FF_Suppliers_FromNetSuite.csv","pcType":"UNISTRING","precision":2500,"scale":0,"columnIndex":12,"isKey":false,"isExternalId":false,"isSfIdLookup":false,"isNullable":true,"isUnique":false,"isCreateable":false,"isUpdateable":true,"isFilterable":true,"isCalculated":false,"showLabel":false,"naturalOrder":0,"linkedFields":["primary_contact_email"],"relatedInfos":[],"references":[]},{"@type":"field","id":2353002,"name":"PrimaryContact_NameGiven","type":"nstring","uniqueName":"PrimaryContact_NameGiven","label":"PrimaryContact_NameGiven","parentObject":"FF_Suppliers_FromNetSuite.csv","pcType":"UNISTRING","precision":2500,"scale":0,"columnIndex":13,"isKey":false,"isExternalId":false,"isSfIdLookup":false,"isNullable":true,"isUnique":false,"isCreateable":false,"isUpdateable":true,"isFilterable":true,"isCalculated":false,"showLabel":false,"naturalOrder":0,"linkedFields":["primary_contact_name_given"],"relatedInfos":[],"references":[]},{"@type":"field","id":2353003,"name":"PrimaryContact_NameFamily","type":"nstring","uniqueName":"PrimaryContact_NameFamily","label":"PrimaryContact_NameFamily","parentObject":"FF_Suppliers_FromNetSuite.csv","pcType":"UNISTRING","precision":2500,"scale":0,"columnIndex":14,"isKey":false,"isExternalId":false,"isSfIdLookup":false,"isNullable":true,"isUnique":false,"isCreateable":false,"isUpdateable":true,"isFilterable":true,"isCalculated":false,"showLabel":false,"naturalOrder":0,"linkedFields":["primary_contact_name_family"],"relatedInfos":[],"references":[]},{"@type":"field","id":2353004,"name":"PrimaryContact_PhoneWork","type":"nstring","uniqueName":"PrimaryContact_PhoneWork","label":"PrimaryContact_PhoneWork","parentObject":"FF_Suppliers_FromNetSuite.csv","pcType":"UNISTRING","precision":2500,"scale":0,"columnIndex":15,"isKey":false,"isExternalId":false,"isSfIdLookup":false,"isNullable":true,"isUnique":false,"isCreateable":false,"isUpdateable":true,"isFilterable":true,"isCalculated":false,"showLabel":false,"naturalOrder":0,"linkedFields":["primary_contact_phone_work"],"relatedInfos":[],"references":[]},{"@type":"field","id":2353005,"name":"PrimaryContact_PhoneMobile","type":"nstring","uniqueName":"PrimaryContact_PhoneMobile","label":"PrimaryContact_PhoneMobile","parentObject":"FF_Suppliers_FromNetSuite.csv","pcType":"UNISTRING","precision":2500,"scale":0,"columnIndex":16,"isKey":false,"isExternalId":false,"isSfIdLookup":false,"isNullable":true,"isUnique":false,"isCreateable":false,"isUpdateable":true,"isFilterable":true,"isCalculated":false,"showLabel":false,"naturalOrder":0,"linkedFields":["primary_contact_phone_mobile"],"relatedInfos":[],"references":[]},{"@type":"field","id":2353006,"name":"PrimaryContact_PhoneFax","type":"nstring","uniqueName":"PrimaryContact_PhoneFax","label":"PrimaryContact_PhoneFax","parentObject":"FF_Suppliers_FromNetSuite.csv","pcType":"UNISTRING","precision":2500,"scale":0,"columnIndex":17,"isKey":false,"isExternalId":false,"isSfIdLookup":false,"isNullable":true,"isUnique":false,"isCreateable":false,"isUpdateable":true,"isFilterable":true,"isCalculated":false,"showLabel":false,"naturalOrder":0,"linkedFields":["primary_contact_phone_fax"],"relatedInfos":[],"references":[]},{"@type":"field","id":2353007,"name":"PrimaryAddress_Street1","type":"nstring","uniqueName":"PrimaryAddress_Street1","label":"PrimaryAddress_Street1","parentObject":"FF_Suppliers_FromNetSuite.csv","pcType":"UNISTRING","precision":2500,"scale":0,"columnIndex":18,"isKey":false,"isExternalId":false,"isSfIdLookup":false,"isNullable":true,"isUnique":false,"isCreateable":false,"isUpdateable":true,"isFilterable":true,"isCalculated":false,"showLabel":false,"naturalOrder":0,"linkedFields":["primary_address_street1"],"relatedInfos":[],"references":[]},{"@type":"field","id":2353008,"name":"PrimaryAddress_Street2","type":"nstring","uniqueName":"PrimaryAddress_Street2","label":"PrimaryAddress_Street2","parentObject":"FF_Suppliers_FromNetSuite.csv","pcType":"UNISTRING","precision":2500,"scale":0,"columnIndex":19,"isKey":false,"isExternalId":false,"isSfIdLookup":false,"isNullable":true,"isUnique":false,"isCreateable":false,"isUpdateable":true,"isFilterable":true,"isCalculated":false,"showLabel":false,"naturalOrder":0,"linkedFields":["primary_address_street2"],"relatedInfos":[],"references":[]},{"@type":"field","id":2353009,"name":"PrimaryAddress_City","type":"nstring","uniqueName":"PrimaryAddress_City","label":"PrimaryAddress_City","parentObject":"FF_Suppliers_FromNetSuite.csv","pcType":"UNISTRING","precision":2500,"scale":0,"columnIndex":20,"isKey":false,"isExternalId":false,"isSfIdLookup":false,"isNullable":true,"isUnique":false,"isCreateable":false,"isUpdateable":true,"isFilterable":true,"isCalculated":false,"showLabel":false,"naturalOrder":0,"linkedFields":["primary_address_city"],"relatedInfos":[],"references":[]},{"@type":"field","id":2353010,"name":"PrimaryAddress_State","type":"nstring","uniqueName":"PrimaryAddress_State","label":"PrimaryAddress_State","parentObject":"FF_Suppliers_FromNetSuite.csv","pcType":"UNISTRING","precision":2500,"scale":0,"columnIndex":21,"isKey":false,"isExternalId":false,"isSfIdLookup":false,"isNullable":true,"isUnique":false,"isCreateable":false,"isUpdateable":true,"isFilterable":true,"isCalculated":false,"showLabel":false,"naturalOrder":0,"linkedFields":["primary_address_state"],"relatedInfos":[],"references":[]},{"@type":"field","id":2353011,"name":"PrimaryAddress_PostalCode","type":"nstring","uniqueName":"PrimaryAddress_PostalCode","label":"PrimaryAddress_PostalCode","parentObject":"FF_Suppliers_FromNetSuite.csv","pcType":"UNISTRING","precision":2500,"scale":0,"columnIndex":22,"isKey":false,"isExternalId":false,"isSfIdLookup":false,"isNullable":true,"isUnique":false,"isCreateable":false,"isUpdateable":true,"isFilterable":true,"isCalculated":false,"showLabel":false,"naturalOrder":0,"linkedFields":["primary_address_postal_code"],"relatedInfos":[],"references":[]},{"@type":"field","id":2353012,"name":"PrimaryAddress_Country","type":"nstring","uniqueName":"PrimaryAddress_Country","label":"PrimaryAddress_Country","parentObject":"FF_Suppliers_FromNetSuite.csv","pcType":"UNISTRING","precision":2500,"scale":0,"columnIndex":23,"isKey":false,"isExternalId":false,"isSfIdLookup":false,"isNullable":true,"isUnique":false,"isCreateable":false,"isUpdateable":true,"isFilterable":true,"isCalculated":false,"showLabel":false,"naturalOrder":0,"linkedFields":["primary_address_country_code"],"relatedInfos":[],"references":[]},{"@type":"field","id":2353013,"name":"Subsidiary_internalId","type":"nstring","uniqueName":"Subsidiary_internalId","label":"Subsidiary_internalId","parentObject":"FF_Suppliers_FromNetSuite.csv","pcType":"UNISTRING","precision":255,"scale":0,"columnIndex":24,"isKey":false,"isExternalId":false,"isSfIdLookup":false,"isNullable":true,"isUnique":false,"isCreateable":false,"isUpdateable":true,"isFilterable":true,"isCalculated":false,"showLabel":false,"naturalOrder":0,"linkedFields":[],"relatedInfos":[],"references":[]},{"@type":"field","id":2353014,"name":"Subsidiary_Name","type":"nstring","uniqueName":"Subsidiary_Name","label":"Subsidiary_Name","parentObject":"FF_Suppliers_FromNetSuite.csv","pcType":"UNISTRING","precision":255,"scale":0,"columnIndex":25,"isKey":false,"isExternalId":false,"isSfIdLookup":false,"isNullable":true,"isUnique":false,"isCreateable":false,"isUpdateable":true,"isFilterable":true,"isCalculated":false,"showLabel":false,"naturalOrder":0,"linkedFields":[],"relatedInfos":[],"references":[]},{"@type":"field","id":2353015,"name":"integration","type":"nstring","uniqueName":"integration","label":"integration","parentObject":"FF_Suppliers_FromNetSuite.csv","pcType":"UNISTRING","precision":255,"scale":0,"columnIndex":26,"isKey":false,"isExternalId":false,"isSfIdLookup":false,"isNullable":true,"isUnique":false,"isCreateable":false,"isUpdateable":true,"isFilterable":true,"isCalculated":false,"showLabel":false,"naturalOrder":0,"linkedFields":[],"relatedInfos":[],"references":[]}],"sortFields":[],"groupFields":[]}]