[{"@type":"workflow","id":"@1","name":"TF_NS_To_SFDC_User_Termination_Rescinds","errorTaskEmail":{"@type":"taskEmail","id":360278,"emails":"sri.battu@appdynamics.com","emailType":"ERROR"},"successTaskEmail":{"@type":"taskEmail","id":360279,"emails":"sri.battu@appdynamics.com","emailType":"SUCCESS"},"warningTaskEmail":{"@type":"taskEmail","id":360280,"emails":"sri.battu@appdynamics.com","emailType":"WARNING"},"maxLogs":10,"references":[{"@type":"reference","refObjectId":"@0iZGg7Dmsi6cIWEXQZAvgU","refType":"mtTask"}],"tasks":[{"@type":"workflowTask","taskId":"@0iZGg7Dmsi6cIWEXQZAvgU","type":"MTT","name":"mct_NS_SFDC_Termination_Rescinds","stopOnError":true,"stopOnWarning":false}]}]