[{"@type":"workflow","id":"@1","name":"TF_SFDC_Account_Next_Renewal","maxLogs":10,"references":[{"@type":"reference","refObjectId":"@aSNss8MDNAzbZHEiP7VcE7","refType":"mtTask"},{"@type":"reference","refObjectId":"@9DFYtDut4q1gMQzNUvboer","refType":"mtTask"},{"@type":"reference","refObjectId":"@7qeSM4cZXgYdNbuzQY4w6u","refType":"mtTask"},{"@type":"reference","refObjectId":"@4bCwvPTRcRBg28fCOAFEKK","refType":"mtTask"},{"@type":"reference","refObjectId":"@05i2E9L9SM2ilZ1UVT1ny8","refType":"mtTask"}],"tasks":[{"@type":"workflowTask","taskId":"@aSNss8MDNAzbZHEiP7VcE7","type":"MTT","name":"mct_SFDC_Account_Next_Renewal_LKP","stopOnError":true,"stopOnWarning":false},{"@type":"workflowTask","taskId":"@9DFYtDut4q1gMQzNUvboer","type":"MTT","name":"mct_SFDC_Opportunity_Renewal_LKP","stopOnError":true,"stopOnWarning":false},{"@type":"workflowTask","taskId":"@7qeSM4cZXgYdNbuzQY4w6u","type":"MTT","name":"mct_SFDC_Opportunity_Account_Next_Renewal","stopOnError":true,"stopOnWarning":false},{"@type":"workflowTask","taskId":"@4bCwvPTRcRBg28fCOAFEKK","type":"MTT","name":"mct_SFDC_Account_Past_Next_Renewal_NULL","stopOnError":true,"stopOnWarning":false},{"@type":"workflowTask","taskId":"@05i2E9L9SM2ilZ1UVT1ny8","type":"MTT","name":"mct_SFDC_Account_No_Renewal_NULL","stopOnError":true,"stopOnWarning":false}]}]