[{"@type":"mappingTemplate","id":"@1","name":"m_Invoice_Payments_01a_PUT_NS_To_File","description":"","bundleVersion":"0","templateId":"@3","deployTime":1589592301000,"hasParameters":false,"valid":true,"fixedConnection":true,"hasParametersDeployed":false,"fixedConnectionDeployed":true,"tasks":1,"mappingPreviewFileRecordId":"@2","documentType":"","references":[{"@type":"reference","refObjectId":"@6ey2Cmo3PaHcsThnJ0TYui","refType":"connection"},{"@type":"reference","refObjectId":"@b3U4nPCAkmZgKaHvUiQ8w2","refType":"connection"}]}]