[{"@type":"workflow","id":"@1","name":"TF_RevProFile_To_Netsuite_LoadTransactions_JournalEntries","maxLogs":10,"references":[{"@type":"reference","refObjectId":"@2pt7p0q1w1zl8v3BZdKrqL","refType":"mtTask"},{"@type":"reference","refObjectId":"@8VD885Y0dgnfCvurX1qIQX","refType":"mtTask"},{"@type":"reference","refObjectId":"@9NT9fTVh4WzlkPkTRHyZyV","refType":"mtTask"},{"@type":"reference","refObjectId":"@0ZeaY1H2uC7dWNn2xdTTGo","refType":"mtTask"}],"tasks":[{"@type":"workflowTask","taskId":"@2pt7p0q1w1zl8v3BZdKrqL","type":"MTT","name":"mct_Netsuite_To_File_Accounts_CurrencyCodes_PostingPeriods_ForRevProJELookup","stopOnError":true,"stopOnWarning":false},{"@type":"workflowTask","taskId":"@8VD885Y0dgnfCvurX1qIQX","type":"MTT","name":"mct_RevProFile_To_Netsuite_JournalEntries_CreateLookupFile_AlreadySent","stopOnError":true,"stopOnWarning":false},{"@type":"workflowTask","taskId":"@9NT9fTVh4WzlkPkTRHyZyV","type":"MTT","name":"mct_RevProFile_To_NetSuite_LoadJournalEntries","stopOnError":true,"stopOnWarning":false},{"@type":"workflowTask","taskId":"@0ZeaY1H2uC7dWNn2xdTTGo","type":"MTT","name":"mct_RevProFile_To_Netsuite_JournalEntries_LoadSuccess_IntegrationQueue","stopOnError":true,"stopOnWarning":false}]}]