[{"@type":"dssTask","id":"@1","name":"DSS_Invoice_Ok2Pay_13_VendorCredit_NS_SuccessFile_To_Coupa","description":"","maxLogs":10,"sourceConnectionId":"@6ey2Cmo3PaHcsThnJ0TYui","targetConnectionId":"@aO4WEROpbP2kxnr5Gq9CE6","targetObject":"Invoice","targetObjectLabel":"Invoice","targetChildObjectLabel":"","operation":"Update","maxRows":0,"truncateTarget":false,"bulkApiDBTarget":false,"verbose":false,"srcFlatFileAttrs":{"@type":"flatFileAttrs","id":44346,"delimiter":",","textQualifier":"\"","escapeChar":"","headerLineNo":1,"firstDataRow":2},"targetMetadataUpdated":false,"modelVersion":"V3-R600","queryAll":false,"srcSettings":{"@type":"taskDataSourceSetting","isShowLabels":false,"isNaturalOrder":true},"tgtSettings":{"@type":"taskDataSourceSetting","isShowLabels":true,"isNaturalOrder":true},"cfSettings":{"@type":"taskDataSourceSetting","isShowLabels":false,"isNaturalOrder":true},"bulkApi":false,"bulkApiSerialMode":false,"bulkApiMonitor":false,"upsertFieldName":"","isTargetObjectSfCustom":false,"allowNullUpdates":false,"targetBatchSize":200,"assignmentRuleId":"-1","assignmentRuleType":"None","createSuccessFile":false,"bulkApiHardDelete":false,"srcRuntimeAttrs":{"@type":"taskRuntimeAttrs","attrs":{}},"tgtRuntimeAttrs":{"@type":"taskRuntimeAttrs","attrs":{"Ignore empty payload file":"1","Success File Directory":"","Error File Directory":""}},"sourceObjects":[{"@type":"mObject","name":"FF_XMLPayLoad_InvoiceOk2Pay_PUT.csv","label":"FF_XMLPayLoad_InvoiceOk2Pay_PUT.csv","metadataUpdated":false,"relations":[],"children":[]}],"advancedFilters":[],"filters":[],"fieldMaps":[{"@type":"fieldMap","id":"958665","targetField":{"@type":"field","id":2359022,"name":"Request_Payload_File","type":"string","uniqueName":"Request_Payload_File","label":"Request_Payload_File","parentObject":"Invoice","pcType":"NSTRING","precision":255,"scale":0,"columnIndex":-1,"isKey":false,"isExternalId":false,"isSfIdLookup":false,"isNullable":true,"isUnique":false,"isCreateable":false,"isUpdateable":true,"isFilterable":false,"isCalculated":false,"javaType":"java.lang.String","showLabel":true,"naturalOrder":0,"linkedFields":["PayLoadFileName"],"relatedInfos":[],"references":[]},"expression":"PayLoadFileName"},{"@type":"fieldMap","id":"958667","targetField":{"@type":"field","id":2359024,"name":"Id","type":"string","uniqueName":"Id","label":"Id","parentObject":"Invoice","pcType":"NSTRING","precision":10,"scale":0,"columnIndex":-1,"isKey":false,"isExternalId":false,"isSfIdLookup":false,"isNullable":true,"isUnique":false,"isCreateable":false,"isUpdateable":true,"isFilterable":false,"isCalculated":false,"javaType":"java.lang.String","showLabel":true,"naturalOrder":1,"linkedFields":[],"relatedInfos":[],"references":[]}},{"@type":"fieldMap","id":"958669","targetField":{"@type":"field","id":2359026,"name":"Status","type":"string","uniqueName":"Status","label":"Status","parentObject":"Invoice","pcType":"NSTRING","precision":10,"scale":0,"columnIndex":-1,"isKey":false,"isExternalId":false,"isSfIdLookup":false,"isNullable":true,"isUnique":false,"isCreateable":false,"isUpdateable":true,"isFilterable":false,"isCalculated":false,"javaType":"java.lang.String","showLabel":true,"naturalOrder":2,"linkedFields":[],"relatedInfos":[],"references":[]}},{"@type":"fieldMap","id":"958671","targetField":{"@type":"field","id":2359028,"name":"Exported","type":"boolean","uniqueName":"Exported","label":"Exported","parentObject":"Invoice","pcType":"SMALL_INTEGER","precision":10,"scale":0,"columnIndex":-1,"isKey":false,"isExternalId":false,"isSfIdLookup":false,"isNullable":true,"isUnique":false,"isCreateable":false,"isUpdateable":true,"isFilterable":false,"isCalculated":false,"javaType":"java.lang.Boolean","showLabel":true,"naturalOrder":3,"linkedFields":[],"relatedInfos":[],"references":[]}}],"sourceFields":[{"@type":"field","id":2359030,"name":"PayLoadFileName","type":"nstring","uniqueName":"PayLoadFileName","label":"PayLoadFileName","parentObject":"FF_XMLPayLoad_InvoiceOk2Pay_PUT.csv","pcType":"UNISTRING","precision":255,"scale":0,"columnIndex":0,"isKey":false,"isExternalId":false,"isSfIdLookup":false,"isNullable":true,"isUnique":false,"isCreateable":false,"isUpdateable":true,"isFilterable":true,"isCalculated":false,"showLabel":false,"naturalOrder":0,"linkedFields":["Request_Payload_File"],"relatedInfos":[],"references":[]}],"sortFields":[],"groupFields":[]}]