[{"@type":"mtTask","id":"@1","name":"mct_Netsuite_To_RevProFile_LoadTransactions_SalesOrder","description":"","runtimeEnvironmentId":"@1KKuSUw1Rkfbzmz4wJo8eb","postProcessingCmd":"cp -f $PMRootDir/stage/FF_NS_To_RevProFile_606_Transaction_SO.csv $PMRootDir/stage/Archive/RevPro/FF_NS_To_RevProFile_606_Transaction_SO_$(date +%Y%m%d%H%M%S).csv && cp -f $PMRootDir/stage/FF_NS_To_RevProFile_606_Transaction_SO.csv $PMRootDir/stage/ICRT/ && cp -f $PMRootDir/userparameters/Netsuite_To_RevProFile_606_TransactionSalesOrders.param $PMRootDir/userparameters/Netsuite_To_RevProFile_606_TransactionSalesOrders_existingParam.param","maxLogs":10,"verbose":false,"lastRunTime":1606261948000,"mappingId":"@3IAeOPdr9ogcUhHhSsBfqW","shortDescription":"","sessionPropertiesList":[],"enableCrossSchemaPushdown":false,"enableParallelRun":false,"autoTunedApplied":false,"autoTunedAppliedType":"NONE","paramFileType":"PARAM_FILE_LOCAL","schemaMode":"async","parameterFileEncoding":"UTF-8","serverlessProperties":{},"taskProperties":[{"@type":"taskProperty","name":"parameterFileDir","currentValue":"","type":"STRING","label":"label.parameterFileDir","required":false},{"@type":"taskProperty","name":"parameterFileName","currentValue":"","type":"STRING","label":"label.parameterFileName","required":false}],"parameters":[{"@type":"mtTaskParameter","id":117012148,"name":"$Src_Netsuite_ODBC_SavedQuery_TransactionSalesOrders$","type":"SOURCE","label":"Src_Netsuite_ODBC_SavedQuery_TransactionSalesOrders","uiProperties":{"connectionParameterized":"false","objectParameterized":"false","visible":"false"},"sourceConnectionId":"@6PU3rFIMgCQbgSudCSzFiN","sourceObject":"DUMMY_Src_Netsuite_ODBC_SavedQuery_TransactionSalesOrders","newFlatFile":false,"newObject":false,"showBusinessNames":false,"naturalOrder":true,"truncateTarget":false,"bulkApiDBTarget":false,"customFuncCfg":{"@type":"customFuncConfig","id":-1,"connections":[],"inputMap":[],"outputFields":[]},"tgtFieldRefs":{},"targetUpdateColumns":[],"runtimeAttrs":{},"isRESTModernSource":true,"customQuery":"SELECT \nA.TRANSACTION_ID AS T_TRANSACTION_ID,\n--A.TRANSACTION_ID AS T_TRANSACTION_ID,\nA.TRANID AS T_TRAN_ID,\nA.TRANSACTION_NUMBER AS T_TRANSACTION_NUMBER,\nA.CREATED_FROM_ID AS T_CREATED_FROM_ID,\nA.TRANSACTION_TYPE AS T_TRANSACTION_TYPE,\nA.ENTITY_ID AS T_ENTITY_ID,\nB.TRANSACTION_LINE_ID AS TL_TRANSACTION_LINE_ID,\nB.TRANSACTION_ORDER AS TL_TRANSACTION_ORDER,\nA.TRANDATE AS T_TRAN_DATE,\nA.BOOKED_DATE AS T_BOOKED_DATE,\nTO_DATE(TO_CHAR(A.LAST_MODIFIED_DATE - 7/24, 'YYYY-MM-DD HH24:MI:SS'),'YYYY-MM-DD HH24:MI:SS') AS T_STRING_LAST_MODIFIED_DATE,\n--A.LAST_MODIFIED_DATE AS T_STRING_LAST_MODIFIED_DATE,\nB.QTY AS TL_QTY,\nB.AMOUNT AS TL_AMOUNT,\nB.AMOUNT_FOREIGN AS TL_AMOUNT_FOREIGN,\nB.LIST_PRICE AS TL_LIST_PRICE,\nB.SUBSIDIARY_ID AS TL_SUBSIDIARY_ID,\nC.NAME AS I_NAME,\nC.DISPLAYNAME AS I_DISPLAYNAME,\nB.PO_ AS TL_PO_CHECK_NUMBER,\nC.N_606_PRODUCT_FAMILY AS I_606_PRODUCT_FAMILY,\nC.N_606_PRODUCT_LINE AS I_606_PRODUCT_LINE,\nC.LICENSE_TYPE_ID AS I_LICENSE_TYPE_ID,\nA.CHANNEL_TIER_ID AS T_CHANNEL_TIER_ID,\nD.CUSTOMER_ID AS C_CUSTOMER_ID,\nD.ACCOUNTNUMBER AS C_ACCOUNTNUMBER,\nD.FULL_NAME AS C_FULLNAME,\nA.SFDC_OPPORTUNITY_ID AS T_SFDC_SYNC_ID,\nC.N_606_DEPLOYMENT AS I_606_DEPLOYMENT,\nA.COTERMED_OPPORTUNITIES AS T_COTERMED_OPPORTUNITIES,\nC.N_606_EDITION AS I_606_EDITION,\nC.PRODUCT_REPORTING_CLASSIFICAT AS I_PRODUCT_REPORTING_CLASSIFICATION,\nA.REGION AS T_REGION,\nA.START_DATE AS T_START_DATE,\nA.END_DATE AS T_END_DATE,\nA.CANCELLATION_RIGHTS AS T_CANCELLATION_RIGHTS,\nA.END_USER_ID AS T_END_USER_ID,\nC.ELIGIBLE_FOR_FV_ANALYSIS AS I_ELIGIBLE_FOR_FV_ANALYSIS,\nC.ELIGIBLE_FOR_CARVE_ALLOCATION AS I_ELIGIBLE_FOR_CARVE_ALLOCATION,\nC.POB_TYPE AS I_POB_TYPE,\nC.DEFERRED_ACCOUNT_SEGMENT1 AS I_DEFERRED_ACCOUNT_SEGMENT1,\nC.CISCO_DEF_ACCOUNT_SEGMENT AS I_CISCO_DEFERRED_ACCOUNT_SEGMENT1,  --NEW CISCO DEF ACCOUNT\nA.ONE_TIME_DISCOUNT_FROM_SYNCED AS T_ONE_TIME_DISCOUNT_FROM_SYNCED,\nA.EXCHANGE_RATE AS T_EXCHANGE_RATE,\nC.NAME AS I_ITEM_NAME,\nC.LONG_TERM_DEF_ACCOUNT AS I_LONG_TERM_DEF_ACCOUNT,\nC.N_606_PRODUCT_LIFE AS I_606_PRODUCT_LIFE,\nC.REVENUE_ACCOUNT_SEGMENT1 AS I_REVENUE_ACCOUNT_SEGMENT1,\nC.CISCO_REVENUE_ACCOUNT_SEGMENT AS I_CISCO_REVENUE_ACCOUNT_SEGMENT1, --NEW CISCO REV ACCOUNT\nB.LINE_TYPE AS TL_LINE_TYPE,\nA.TITAN_REBATE AS T_TITAN_REBATE,\n--A.AWS_MARGIN AS T_AWS_MARGIN_PERCENT,\nA.COS_MARGIN AS T_COS_MARGIN_PERCENT,\n--A.CONVERSION_FLAG AS T_CONVERSION_FLAG,\nA.N_605606_TRANSITION_FLAG AS T_CONVERSION_FLAG,\nA.BAD_DEBT AS T_BAD_DEBT,\n--A.RENEWAL_PRICE_LOCK AS T_RENEWAL_PRICE_LOCK,\nB.RENEWAL_PRICE_LOCK_RATE AS TL_RENEWAL_PRICE_LOCK_RATE,\n--A.PURCHASE_PRICE_LOCK AS T_PURCHASE_PRICE_LOCK,\nA.CONCESSION AS T_CONCESSION,\nA.PURCHASE_PRICE_LOCK_RATE AS T_PURCHASE_PRICE_LOCK_RATE,\nB.ACCEPTANCE_LANGUAGE AS TL_ACCEPTANCE_LANGUAGE,\nA.PARTNER_REBATE AS T_PARTNER_REBATE,\nA.SELF_SERVICE AS T_SELF_SERVICE,\nA.DEPLOYMENTLICENSE_TYPE_CONVER AS T_DEPLOY_LICENSE_TYPE_CONVERSION,\nA.ONETIME_SWAP AS T_ONETIME_SWAP,\n--A.RETROACTIVE_SWAP AS T_RETROACTIVE_SWAP,\nA.CT_MOD_MANUAL_LINKING AS T_CT_MOD_MANUAL_LINKING,\nA.FUTURE_PURCHASE_OPTION AS T_FUTURE_PURCHASE_OPTION,\nA.GSP AS T_GSP,\n--A.VOLUME_DISCOUNT_TABLE AS T_VOLUME_DISCOUNT_TABLE,\nA.ABL_IBL_LIC_CONVERSION AS T_PERP_CONV_ABL_TO_IBL,\nB.REMIX_RIGHTS AS TL_REMIX_RIGHTS,\nB.REFERRAL_FEE AS TL_REFERRAL_FEE,\nB.REFERRAL_FEE_0 AS TL_REFERRAL_FEE_PERCENT,\nA.DEAL_SOURCE AS T_DEAL_SOURCE,\nA.ORDER_TYPE_ID AS T_ORDER_TYPE_ID,\nC.SALESDESCRIPTION AS I_SALESDESCRIPTION,\nB.SFDC_PARENT_LINE_ID AS TL_SFDC_PARENT_LINE_ID,\nA.CUSTOMER_CREDIT_STATUS AS T_CUSTOMER_CREDIT_STATUS,\nB.EXPIRY_DATE AS TL_EXPIRY_DATE,\nB.EXTENDED_LIST_PRICE AS TL_EXTENDED_LIST_PRICE,\nB.SFDC_ORDER_LINE_ID AS TL_SFDC_ORDER_LINE_ID,\nB.ONE_TIME_DISCOUNT_ AS TL_ONE_TIME_DISCOUNT_,\nB.ONE_TIME_DISCOUNT_AMOUNT AS TL_ONE_TIME_DISCOUNT_AMOUNT,\nB.ITEM_COUNT AS TL_ITEM_COUNT,\nB.ITEM_UNIT_PRICE AS TL_ITEM_UNIT_PRICE,\nB.NET_AMOUNT AS TL_NET_AMOUNT,\nB.NET_AMOUNT_FOREIGN AS TL_NET_AMOUNT_FOREIGN,\nB.START_DATE AS TL_START_DATE,\nB.END_DATE AS TL_END_DATE,\nA.RELATED_TRANID AS T_RELATED_TRANID,\nA.MEMORIZED AS T_MEMORIZED,\nC.DEFERRED_REVENUE_ACCOUNT_ID AS I_DEFERRED_REVENUE_ACCOUNT_ID,\nB.COTERM_OPPORTUNITY_ID AS TL_COTERM_OPPORTUNITY_ID,\nB.SO_LINE_NUMBER AS TL_SO_LINE_NUMBER,\nA.REBILL AS T_REBILL,\nC.UNIQUE_OFFERING AS I_UNIQUE_OFFERING, \nB.BILL_IN_ARREARS AS TL_BILL_IN_ARREARS, \nA.FEDERAL_DEAL AS T_FEDERAL_DEAL, \nB.MR_FLAG AS TL_MR_FLAG, \nA.PS_CONVERSION AS T_PS_CONVERSION,\nA.PS_EXTENSION AS T_PS_EXTENSION,\nB.MR_SELL_PRICE AS TL_MR_SELL_PRICE,\nB.RP_CNTMOD_ID AS TL_RP_CNTMOD_ID,\nA.ENTERPRISE_0 AS T_ENTERPRISE_FLAG,\nA.CURRENCY_ID AS T_CURRENCY_ID,  \nB.INELIGIBLE_FOR_REVPRO_INTEGRA AS TL_INELIGIBLE_FOR_REVPRO_INTEGRA, \nA.OTHER_MODIFICATIONS AS T_OTHER_MODIFICATIONS,\n--A.N_606_NONSTANDARD_ID AS T_N_606_NONSTANDARD_ID,\nA.JOINT_SELL AS T_JOINT_SELL,\nA.UNIQUE_PURCHASE_PRICE_LOCK AS T_UNIQUE_PURCHASE_PRICE_LOCK,\nA.UNIQUE_RENEWAL_PRICE_LOCK AS T_UNIQUE_RENEWAL_PRICE_LOCK,\nB.LEGACY_SAAS AS TL_LEGACY_SAAS, \nC.CISCO_PID AS I_CISCO_PID, \nD.INDUSTRY AS C_INDUSTRY, \nB.APPD_EXTENDED_LIST_PRICE AS TL_APPD_EXTENDED_LIST_PRICE, \nA.PARTNER_STATUS AS T_PARTNER_STATUS, \nA.PARTNER_INCENTIVE_PROGRAM_QUA AS T_PARTNER_INCENTIVE_PROGRAM_QUA, \nA.CANCELLED_SALES_ORDER AS T_CANCELLED_SALES_ORDER,\nA.STATUS AS T_STATUS,\nA.CISCO_PROGRAM_NAME AS T_CISCO_PROGRAM_NAME, \nB.SWAP_RIGHT_LINE AS TL_SWAP_RIGHT_LINE,\nA.DIPQ_PROGRAM AS T_DIPQ_PROGRAM,\nB.BILLING_SCHEDULE_ID AS TL_BILLING_SCHEDULE_ID,\nB.OEM_COS AS TL_OEM_COS_PERCENT\n\nFROM \n\nTRANSACTIONS A, \nTRANSACTION_LINES B,\nITEMS C,\nCUSTOMERS D\n\nWHERE \nA.TRANSACTION_ID = B.TRANSACTION_ID(+) \nAND\nB.ITEM_ID = C.ITEM_ID(+)\nAND \nA.ENTITY_ID = D.CUSTOMER_ID(+)\nAND \nUPPER(C.NAME) NOT like '%DISCOUNT%'\nAND \nUPPER(C.NAME) NOT like '%AVATAX%' \nAND\nC.TYPE_NAME = 'Non-inventory Item' \nAND \nA.MEMORIZED = 'No' \nAND \n(B.INELIGIBLE_FOR_REVPRO_INTEGRA = 'F' OR B.INELIGIBLE_FOR_REVPRO_INTEGRA IS NULL)\nAND\n(\n\t( \n\t\tA.TRANSACTION_TYPE = 'Return Authorization' \n\t\tAND \n\t\tA.STATUS NOT IN ('Cancelled','Pending Approval') \n\t\tAND\n\t\t(A.EXPORTED_TO_REVPRO = 'F' OR A.EXPORTED_TO_REVPRO IS NULL)\n\t\tAND\n\t\tA.DATE_APPROVED >= (SELECT STARTING FROM ACCOUNTING_PERIODS WHERE ACCOUNTING_PERIOD_ID = (SELECT MIN(ACCOUNTING_PERIOD_ID) FROM ACCOUNTING_PERIODS WHERE QUARTER = 'No' AND YEAR_0 = 'No' AND LOCKED_ACCOUNTS_RECEIVABLE = 'No'))  \n\t\tAND \n\t\tA.DATE_APPROVED <= (SELECT ENDING FROM ACCOUNTING_PERIODS WHERE ACCOUNTING_PERIOD_ID = (SELECT MIN(ACCOUNTING_PERIOD_ID) FROM ACCOUNTING_PERIODS WHERE QUARTER = 'No' AND YEAR_0 = 'No' AND LOCKED_ACCOUNTS_RECEIVABLE = 'No')) \n\t) \n\tOR\n\t(\n\t\tA.TRANSACTION_TYPE = 'Sales Order'\n\t\tAND\n\t\tA.STATUS NOT IN ('Cancelled','Pending Approval')\n\t\tAND\n\t\tTO_DATE(TO_CHAR(A.LAST_UPDATE_DATE__REVENUE - 7/24, 'YYYY-MM-DD HH24:MI:SS'),'YYYY-MM-DD HH24:MI:SS') >= (SELECT STARTING FROM ACCOUNTING_PERIODS WHERE ACCOUNTING_PERIOD_ID = (SELECT MIN(ACCOUNTING_PERIOD_ID) FROM ACCOUNTING_PERIODS WHERE QUARTER = 'No' AND YEAR_0 = 'No' AND LOCKED_ACCOUNTS_RECEIVABLE = 'No'))  \n\t\t--A.LAST_UPDATE_DATE__REVENUE >= (SELECT STARTING FROM ACCOUNTING_PERIODS WHERE ACCOUNTING_PERIOD_ID = (SELECT MIN(ACCOUNTING_PERIOD_ID) FROM ACCOUNTING_PERIODS WHERE QUARTER = 'No' AND YEAR_0 = 'No' AND LOCKED_ACCOUNTS_RECEIVABLE = 'No'))\n\t\tAND \n\t\tTO_DATE(TO_CHAR(A.LAST_UPDATE_DATE__REVENUE - 7/24, 'YYYY-MM-DD HH24:MI:SS'),'YYYY-MM-DD HH24:MI:SS') <= (SELECT ENDING FROM ACCOUNTING_PERIODS WHERE ACCOUNTING_PERIOD_ID = (SELECT MIN(ACCOUNTING_PERIOD_ID) FROM ACCOUNTING_PERIODS WHERE QUARTER = 'No' AND YEAR_0 = 'No' AND LOCKED_ACCOUNTS_RECEIVABLE = 'No')) \n\t\t--A.LAST_UPDATE_DATE__REVENUE <= (SELECT ENDING FROM ACCOUNTING_PERIODS WHERE ACCOUNTING_PERIOD_ID = (SELECT MIN(ACCOUNTING_PERIOD_ID) FROM ACCOUNTING_PERIODS WHERE QUARTER = 'No' AND YEAR_0 = 'No' AND LOCKED_ACCOUNTS_RECEIVABLE = 'No'))\n\t)\n\tOR\n\t(\n\t\tA.TRANSACTION_TYPE = 'Sales Order'\n\t\tAND\n\t\tA.STATUS NOT IN ('Cancelled','Pending Approval')\n\t\tAND\n\t\tA.DATE_APPROVED >= (SELECT STARTING FROM ACCOUNTING_PERIODS WHERE ACCOUNTING_PERIOD_ID = (SELECT MIN(ACCOUNTING_PERIOD_ID) FROM ACCOUNTING_PERIODS WHERE QUARTER = 'No' AND YEAR_0 = 'No' AND LOCKED_ACCOUNTS_RECEIVABLE = 'No'))  \n\t\tAND \n\t\tA.DATE_APPROVED <= (SELECT ENDING FROM ACCOUNTING_PERIODS WHERE ACCOUNTING_PERIOD_ID = (SELECT MIN(ACCOUNTING_PERIOD_ID) FROM ACCOUNTING_PERIODS WHERE QUARTER = 'No' AND YEAR_0 = 'No' AND LOCKED_ACCOUNTS_RECEIVABLE = 'No')) \n\t)\n\t\n)","isFileList":false,"handleSpecialChars":false,"frsAsset":false,"dynamicFileName":false,"currentlyProcessedFileName":false,"tgtObjectAttributes":{},"runtimeParameterData":{"@type":"mtTaskRuntimeParameterData","isConnectionRuntimeParameter":false,"isObjectRuntimeParameter":false},"overriddenFields":[]},{"@type":"mtTaskParameter","id":117012149,"name":"$Src_ParamFile_SalesOrder$","type":"EXTENDED_SOURCE","label":"Src_ParamFile_SalesOrder","uiProperties":{"connectionParameterized":"false","isMsrcFilterParameterized":"false","isMsrcSortParameterized":"false","objectParameterized":"false","visible":"false"},"sourceConnectionId":"@8c8chZqmlgulm66tkzDtaC","newFlatFile":false,"newObject":false,"showBusinessNames":false,"naturalOrder":true,"truncateTarget":false,"bulkApiDBTarget":false,"srcFFAttrs":{"@type":"flatFileAttrs","id":2751094,"delimiter":",","textQualifier":"\"","escapeChar":"","headerLineNo":1,"firstDataRow":2},"customFuncCfg":{"@type":"customFuncConfig","id":-1,"connections":[],"inputMap":[],"outputFields":[]},"tgtFieldRefs":{},"targetUpdateColumns":[],"extendedObject":{"@type":"extendedObject","object":{"@type":"mObject","name":"Netsuite_To_RevProFile_606_TransactionSalesOrders.param","label":"Netsuite_To_RevProFile_606_TransactionSalesOrders.param","metadataUpdated":false,"relations":[],"children":[]},"filters":[],"sortFields":[]},"runtimeAttrs":{},"isRESTModernSource":true,"isFileList":false,"handleSpecialChars":false,"frsAsset":false,"dynamicFileName":false,"currentlyProcessedFileName":false,"tgtObjectAttributes":{},"runtimeParameterData":{"@type":"mtTaskRuntimeParameterData","isConnectionRuntimeParameter":false,"isObjectRuntimeParameter":false},"overriddenFields":[]},{"@type":"mtTaskParameter","id":117012150,"name":"$Tgt_FF_NS_To_RevProFile_606_Transaction_SO$","type":"TARGET","label":"Tgt_FF_NS_To_RevProFile_606_Transaction_SO","uiProperties":{"connectionParameterized":"false","objectParameterized":"false","visible":"false","defaultTargetUpdateColumns":""},"targetConnectionId":"@8Qp1Vvtik7ejRmnNM3lSiT","targetObject":"FF_NS_To_RevProFile_606_Transaction_SO.csv","targetObjectLabel":"FF_NS_To_RevProFile_606_Transaction_SO.csv","newFlatFile":false,"newObject":false,"showBusinessNames":false,"naturalOrder":true,"truncateTarget":false,"bulkApiDBTarget":false,"operationType":"Insert","tgtFFAttrs":{"@type":"flatFileAttrs","id":2751095,"delimiter":",","textQualifier":"\"","escapeChar":"","headerLineNo":1},"customFuncCfg":{"@type":"customFuncConfig","id":-1,"connections":[],"inputMap":[],"outputFields":[]},"tgtFieldRefs":{},"targetUpdateColumns":[],"extendedObject":{"@type":"extendedObject","filters":[],"sortFields":[]},"runtimeAttrs":{},"isRESTModernSource":true,"isFileList":false,"handleSpecialChars":false,"frsAsset":false,"dynamicFileName":false,"currentlyProcessedFileName":false,"tgtObjectAttributes":{},"runtimeParameterData":{"@type":"mtTaskRuntimeParameterData","isConnectionRuntimeParameter":false,"isObjectRuntimeParameter":false},"overriddenFields":[]},{"@type":"mtTaskParameter","id":117012151,"name":"$Tgt_FF_NS_To_RevProFile_606_Transaction_SO_RA_SentToRevPro$","type":"TARGET","label":"Tgt_FF_NS_To_RevProFile_606_Transaction_SO_RA_SentToRevPro","uiProperties":{"connectionParameterized":"false","objectParameterized":"false","visible":"false","defaultTargetUpdateColumns":""},"targetConnectionId":"@8Qp1Vvtik7ejRmnNM3lSiT","targetObject":"FF_NS_To_RevProFile_606_Transaction_SO_RA_SentToRevPro.csv","targetObjectLabel":"FF_NS_To_RevProFile_606_Transaction_SO_RA_SentToRevPro.csv","newFlatFile":false,"newObject":true,"showBusinessNames":false,"naturalOrder":true,"newObjectName":"FF_NS_To_RevProFile_606_Transaction_SO_RA_SentToRevPro.csv","truncateTarget":false,"bulkApiDBTarget":false,"operationType":"Insert","tgtFFAttrs":{"@type":"flatFileAttrs","id":2751096,"delimiter":",","textQualifier":"\"","escapeChar":"","headerLineNo":1},"customFuncCfg":{"@type":"customFuncConfig","id":-1,"connections":[],"inputMap":[],"outputFields":[]},"tgtFieldRefs":{},"targetUpdateColumns":[],"extendedObject":{"@type":"extendedObject","filters":[],"sortFields":[]},"runtimeAttrs":{},"isRESTModernSource":true,"isFileList":false,"handleSpecialChars":false,"frsAsset":false,"dynamicFileName":false,"currentlyProcessedFileName":false,"tgtObjectAttributes":{},"runtimeParameterData":{"@type":"mtTaskRuntimeParameterData","isConnectionRuntimeParameter":false,"isObjectRuntimeParameter":false},"overriddenFields":[]},{"@type":"mtTaskParameter","id":117012152,"name":"$Transaction_MaxLastModifiedDate$","type":"TARGET","label":"Transaction_MaxLastModifiedDate","uiProperties":{"connectionParameterized":"false","objectParameterized":"false","visible":"false","defaultTargetUpdateColumns":""},"targetConnectionId":"@8c8chZqmlgulm66tkzDtaC","targetObject":"Netsuite_To_RevProFile_606_TransactionSalesOrders_temp.param","targetObjectLabel":"Netsuite_To_RevProFile_606_TransactionSalesOrders_temp.param","newFlatFile":false,"newObject":false,"showBusinessNames":false,"naturalOrder":true,"truncateTarget":false,"bulkApiDBTarget":false,"operationType":"Insert","tgtFFAttrs":{"@type":"flatFileAttrs","id":2751097,"delimiter":",","textQualifier":"none","escapeChar":"","headerLineNo":1},"customFuncCfg":{"@type":"customFuncConfig","id":-1,"connections":[],"inputMap":[],"outputFields":[]},"tgtFieldRefs":{},"targetUpdateColumns":[],"extendedObject":{"@type":"extendedObject","filters":[],"sortFields":[]},"runtimeAttrs":{},"isRESTModernSource":true,"isFileList":false,"handleSpecialChars":false,"frsAsset":false,"dynamicFileName":false,"currentlyProcessedFileName":false,"tgtObjectAttributes":{},"runtimeParameterData":{"@type":"mtTaskRuntimeParameterData","isConnectionRuntimeParameter":false,"isObjectRuntimeParameter":false},"overriddenFields":[]},{"@type":"mtTaskParameter","id":117012153,"name":"$CurrencyCodeLookup$","type":"LOOKUP","label":"CurrencyCodeLookup","uiProperties":{"connectionParameterized":"false","isCachedLookup":"true","multipleMatchPolicy":"Use Any Value","objectParameterized":"false","visible":"false"},"lookupConnectionId":"@6PU3rFIMgCQbgSudCSzFiN","lookupObject":"CURRENCIES","lookupObjectLabel":"CURRENCIES","newFlatFile":false,"newObject":false,"showBusinessNames":false,"naturalOrder":true,"truncateTarget":false,"bulkApiDBTarget":false,"customFuncCfg":{"@type":"customFuncConfig","id":-1,"connections":[],"inputMap":[],"outputFields":[]},"tgtFieldRefs":{},"targetUpdateColumns":[],"runtimeAttrs":{},"isRESTModernSource":true,"isFileList":false,"handleSpecialChars":false,"frsAsset":false,"dynamicFileName":false,"currentlyProcessedFileName":false,"tgtObjectAttributes":{},"runtimeParameterData":{"@type":"mtTaskRuntimeParameterData","isConnectionRuntimeParameter":false,"isObjectRuntimeParameter":false},"overriddenFields":[]},{"@type":"mtTaskParameter","id":117012154,"name":"$Lkp_NS_ODBC_ACCOUNTS_ItemAccountNumber$","type":"LOOKUP","label":"Lkp_NS_ODBC_ACCOUNTS_ItemAccountNumber","uiProperties":{"connectionParameterized":"false","isCachedLookup":"true","multipleMatchPolicy":"Use Any Value","objectParameterized":"false","visible":"false"},"lookupConnectionId":"@6PU3rFIMgCQbgSudCSzFiN","lookupObject":"ACCOUNTS","lookupObjectLabel":"ACCOUNTS","newFlatFile":false,"newObject":false,"showBusinessNames":false,"naturalOrder":true,"truncateTarget":false,"bulkApiDBTarget":false,"customFuncCfg":{"@type":"customFuncConfig","id":-1,"connections":[],"inputMap":[],"outputFields":[]},"tgtFieldRefs":{},"targetUpdateColumns":[],"runtimeAttrs":{},"isRESTModernSource":true,"isFileList":false,"handleSpecialChars":false,"frsAsset":false,"dynamicFileName":false,"currentlyProcessedFileName":false,"tgtObjectAttributes":{},"runtimeParameterData":{"@type":"mtTaskRuntimeParameterData","isConnectionRuntimeParameter":false,"isObjectRuntimeParameter":false},"overriddenFields":[]},{"@type":"mtTaskParameter","id":117012155,"name":"$Lkp_NS_ODBC_BillingScheduleDescriptions$","type":"LOOKUP","label":"Lkp_NS_ODBC_BillingScheduleDescriptions","uiProperties":{"connectionParameterized":"false","isCachedLookup":"true","multipleMatchPolicy":"Use Any Value","objectParameterized":"false","visible":"false"},"lookupConnectionId":"@6PU3rFIMgCQbgSudCSzFiN","lookupObject":"BILLING_SCHEDULE_DESCRIPTIONS","lookupObjectLabel":"BILLING_SCHEDULE_DESCRIPTIONS","newFlatFile":false,"newObject":false,"showBusinessNames":false,"naturalOrder":true,"truncateTarget":false,"bulkApiDBTarget":false,"customFuncCfg":{"@type":"customFuncConfig","id":-1,"connections":[],"inputMap":[],"outputFields":[]},"tgtFieldRefs":{},"targetUpdateColumns":[],"runtimeAttrs":{},"isRESTModernSource":true,"isFileList":false,"handleSpecialChars":false,"frsAsset":false,"dynamicFileName":false,"currentlyProcessedFileName":false,"tgtObjectAttributes":{},"runtimeParameterData":{"@type":"mtTaskRuntimeParameterData","isConnectionRuntimeParameter":false,"isObjectRuntimeParameter":false},"overriddenFields":[]},{"@type":"mtTaskParameter","id":117012156,"name":"$Lkp_NS_ODBC_CHANNEL_TIER_LIST$","type":"LOOKUP","label":"Lkp_NS_ODBC_CHANNEL_TIER_LIST","uiProperties":{"connectionParameterized":"false","isCachedLookup":"true","multipleMatchPolicy":"Use Any Value","objectParameterized":"false","visible":"false"},"lookupConnectionId":"@6PU3rFIMgCQbgSudCSzFiN","lookupObject":"CHANNEL_TIER_LIST","lookupObjectLabel":"CHANNEL_TIER_LIST","newFlatFile":false,"newObject":false,"showBusinessNames":false,"naturalOrder":true,"truncateTarget":false,"bulkApiDBTarget":false,"customFuncCfg":{"@type":"customFuncConfig","id":-1,"connections":[],"inputMap":[],"outputFields":[]},"tgtFieldRefs":{},"targetUpdateColumns":[],"runtimeAttrs":{},"isRESTModernSource":true,"isFileList":false,"handleSpecialChars":false,"frsAsset":false,"dynamicFileName":false,"currentlyProcessedFileName":false,"tgtObjectAttributes":{},"runtimeParameterData":{"@type":"mtTaskRuntimeParameterData","isConnectionRuntimeParameter":false,"isObjectRuntimeParameter":false},"overriddenFields":[]},{"@type":"mtTaskParameter","id":117012157,"name":"$Lkp_NS_ODBC_CUSTOMERS_EndUser$","type":"LOOKUP","label":"Lkp_NS_ODBC_CUSTOMERS_EndUser","uiProperties":{"connectionParameterized":"false","isCachedLookup":"true","multipleMatchPolicy":"Use Any Value","objectParameterized":"false","visible":"false"},"lookupConnectionId":"@6PU3rFIMgCQbgSudCSzFiN","lookupObject":"CUSTOMERS","lookupObjectLabel":"CUSTOMERS","newFlatFile":false,"newObject":false,"showBusinessNames":false,"naturalOrder":true,"truncateTarget":false,"bulkApiDBTarget":false,"customFuncCfg":{"@type":"customFuncConfig","id":-1,"connections":[],"inputMap":[],"outputFields":[]},"tgtFieldRefs":{},"targetUpdateColumns":[],"runtimeAttrs":{},"isRESTModernSource":true,"isFileList":false,"handleSpecialChars":false,"frsAsset":false,"dynamicFileName":false,"currentlyProcessedFileName":false,"tgtObjectAttributes":{},"runtimeParameterData":{"@type":"mtTaskRuntimeParameterData","isConnectionRuntimeParameter":false,"isObjectRuntimeParameter":false},"overriddenFields":[]},{"@type":"mtTaskParameter","id":117012158,"name":"$Lkp_NS_ODBC_LICENSE_TYPE_LIST$","type":"LOOKUP","label":"Lkp_NS_ODBC_LICENSE_TYPE_LIST","uiProperties":{"connectionParameterized":"false","isCachedLookup":"true","multipleMatchPolicy":"Use Any Value","objectParameterized":"false","visible":"false"},"lookupConnectionId":"@6PU3rFIMgCQbgSudCSzFiN","lookupObject":"LICENSE_TYPE_LIST","lookupObjectLabel":"LICENSE_TYPE_LIST","newFlatFile":false,"newObject":false,"showBusinessNames":false,"naturalOrder":true,"truncateTarget":false,"bulkApiDBTarget":false,"customFuncCfg":{"@type":"customFuncConfig","id":-1,"connections":[],"inputMap":[],"outputFields":[]},"tgtFieldRefs":{},"targetUpdateColumns":[],"runtimeAttrs":{},"isRESTModernSource":true,"isFileList":false,"handleSpecialChars":false,"frsAsset":false,"dynamicFileName":false,"currentlyProcessedFileName":false,"tgtObjectAttributes":{},"runtimeParameterData":{"@type":"mtTaskRuntimeParameterData","isConnectionRuntimeParameter":false,"isObjectRuntimeParameter":false},"overriddenFields":[]},{"@type":"mtTaskParameter","id":117012159,"name":"$Lkp_NS_ODBC_ORDER_LIST$","type":"LOOKUP","label":"Lkp_NS_ODBC_ORDER_LIST","uiProperties":{"connectionParameterized":"false","isCachedLookup":"true","multipleMatchPolicy":"Use Any Value","objectParameterized":"false","visible":"false"},"lookupConnectionId":"@6PU3rFIMgCQbgSudCSzFiN","lookupObject":"ORDER_TYPE_LIST","lookupObjectLabel":"ORDER_TYPE_LIST","newFlatFile":false,"newObject":false,"showBusinessNames":false,"naturalOrder":true,"truncateTarget":false,"bulkApiDBTarget":false,"customFuncCfg":{"@type":"customFuncConfig","id":-1,"connections":[],"inputMap":[],"outputFields":[]},"tgtFieldRefs":{},"targetUpdateColumns":[],"runtimeAttrs":{},"isRESTModernSource":true,"isFileList":false,"handleSpecialChars":false,"frsAsset":false,"dynamicFileName":false,"currentlyProcessedFileName":false,"tgtObjectAttributes":{},"runtimeParameterData":{"@type":"mtTaskRuntimeParameterData","isConnectionRuntimeParameter":false,"isObjectRuntimeParameter":false},"overriddenFields":[]},{"@type":"mtTaskParameter","id":117012160,"name":"$Lkp_NS_ODBC_TRANSACTION_ADDRESS_BillTo$","type":"LOOKUP","label":"Lkp_NS_ODBC_TRANSACTION_ADDRESS_BillTo","uiProperties":{"connectionParameterized":"false","isCachedLookup":"true","multipleMatchPolicy":"Use Any Value","objectParameterized":"false","visible":"false"},"lookupConnectionId":"@6PU3rFIMgCQbgSudCSzFiN","lookupObject":"TRANSACTION_ADDRESS","lookupObjectLabel":"TRANSACTION_ADDRESS","newFlatFile":false,"newObject":false,"showBusinessNames":false,"naturalOrder":true,"truncateTarget":false,"bulkApiDBTarget":false,"customFuncCfg":{"@type":"customFuncConfig","id":-1,"connections":[],"inputMap":[],"outputFields":[]},"tgtFieldRefs":{},"targetUpdateColumns":[],"runtimeAttrs":{},"isRESTModernSource":true,"isFileList":false,"handleSpecialChars":false,"frsAsset":false,"dynamicFileName":false,"currentlyProcessedFileName":false,"tgtObjectAttributes":{},"runtimeParameterData":{"@type":"mtTaskRuntimeParameterData","isConnectionRuntimeParameter":false,"isObjectRuntimeParameter":false},"overriddenFields":[]},{"@type":"mtTaskParameter","id":117012161,"name":"$Lkp_NS_ODBC_TRANSACTION_ADDRESS_ShipTo$","type":"LOOKUP","label":"Lkp_NS_ODBC_TRANSACTION_ADDRESS_ShipTo","uiProperties":{"connectionParameterized":"false","isCachedLookup":"true","multipleMatchPolicy":"Use Any Value","objectParameterized":"false","visible":"false"},"lookupConnectionId":"@6PU3rFIMgCQbgSudCSzFiN","lookupObject":"TRANSACTION_ADDRESS","lookupObjectLabel":"TRANSACTION_ADDRESS","newFlatFile":false,"newObject":false,"showBusinessNames":false,"naturalOrder":true,"truncateTarget":false,"bulkApiDBTarget":false,"customFuncCfg":{"@type":"customFuncConfig","id":-1,"connections":[],"inputMap":[],"outputFields":[]},"tgtFieldRefs":{},"targetUpdateColumns":[],"runtimeAttrs":{},"isRESTModernSource":true,"isFileList":false,"handleSpecialChars":false,"frsAsset":false,"dynamicFileName":false,"currentlyProcessedFileName":false,"tgtObjectAttributes":{},"runtimeParameterData":{"@type":"mtTaskRuntimeParameterData","isConnectionRuntimeParameter":false,"isObjectRuntimeParameter":false},"overriddenFields":[]},{"@type":"mtTaskParameter","id":117012162,"name":"$Lkp_NS_ODBC_TRANSACTION_AppToTran_CreatedFrom_TranType$","type":"LOOKUP","label":"Lkp_NS_ODBC_TRANSACTION_AppToTran_CreatedFrom_TranType","uiProperties":{"connectionParameterized":"false","isCachedLookup":"true","multipleMatchPolicy":"Use Any Value","objectParameterized":"false","visible":"false"},"lookupConnectionId":"@6PU3rFIMgCQbgSudCSzFiN","lookupObject":"TRANSACTIONS","lookupObjectLabel":"TRANSACTIONS","newFlatFile":false,"newObject":false,"showBusinessNames":false,"naturalOrder":true,"truncateTarget":false,"bulkApiDBTarget":false,"customFuncCfg":{"@type":"customFuncConfig","id":-1,"connections":[],"inputMap":[],"outputFields":[]},"tgtFieldRefs":{},"targetUpdateColumns":[],"runtimeAttrs":{},"isRESTModernSource":true,"isFileList":false,"handleSpecialChars":false,"frsAsset":false,"dynamicFileName":false,"currentlyProcessedFileName":false,"tgtObjectAttributes":{},"runtimeParameterData":{"@type":"mtTaskRuntimeParameterData","isConnectionRuntimeParameter":false,"isObjectRuntimeParameter":false},"overriddenFields":[]},{"@type":"mtTaskParameter","id":117012163,"name":"$Lkp_NS_ODBC_TRANSACTION_CreatedFrom$","type":"LOOKUP","label":"Lkp_NS_ODBC_TRANSACTION_CreatedFrom","uiProperties":{"connectionParameterized":"false","isCachedLookup":"true","multipleMatchPolicy":"Use Any Value","objectParameterized":"false","visible":"false"},"lookupConnectionId":"@6PU3rFIMgCQbgSudCSzFiN","lookupObject":"TRANSACTIONS","lookupObjectLabel":"TRANSACTIONS","newFlatFile":false,"newObject":false,"showBusinessNames":false,"naturalOrder":true,"truncateTarget":false,"bulkApiDBTarget":false,"customFuncCfg":{"@type":"customFuncConfig","id":-1,"connections":[],"inputMap":[],"outputFields":[]},"tgtFieldRefs":{},"targetUpdateColumns":[],"runtimeAttrs":{},"isRESTModernSource":true,"isFileList":false,"handleSpecialChars":false,"frsAsset":false,"dynamicFileName":false,"currentlyProcessedFileName":false,"tgtObjectAttributes":{},"runtimeParameterData":{"@type":"mtTaskRuntimeParameterData","isConnectionRuntimeParameter":false,"isObjectRuntimeParameter":false},"overriddenFields":[]},{"@type":"mtTaskParameter","id":117012164,"name":"$Lkp_NS_ODBC_TRANSACTION_CreatedFrom_CreatedFrom$","type":"LOOKUP","label":"Lkp_NS_ODBC_TRANSACTION_CreatedFrom_CreatedFrom","uiProperties":{"connectionParameterized":"false","isCachedLookup":"true","multipleMatchPolicy":"Use Any Value","objectParameterized":"false","visible":"false"},"lookupConnectionId":"@6PU3rFIMgCQbgSudCSzFiN","lookupObject":"TRANSACTIONS","lookupObjectLabel":"TRANSACTIONS","newFlatFile":false,"newObject":false,"showBusinessNames":false,"naturalOrder":true,"truncateTarget":false,"bulkApiDBTarget":false,"customFuncCfg":{"@type":"customFuncConfig","id":-1,"connections":[],"inputMap":[],"outputFields":[]},"tgtFieldRefs":{},"targetUpdateColumns":[],"runtimeAttrs":{},"isRESTModernSource":true,"isFileList":false,"handleSpecialChars":false,"frsAsset":false,"dynamicFileName":false,"currentlyProcessedFileName":false,"tgtObjectAttributes":{},"runtimeParameterData":{"@type":"mtTaskRuntimeParameterData","isConnectionRuntimeParameter":false,"isObjectRuntimeParameter":false},"overriddenFields":[]},{"@type":"mtTaskParameter","id":117012165,"name":"$Lkp_NS_ODBC_TRANSACTION_Get_AppliedToTransaction$","type":"LOOKUP","label":"Lkp_NS_ODBC_TRANSACTION_Get_AppliedToTransaction","uiProperties":{"connectionParameterized":"false","isCachedLookup":"true","multipleMatchPolicy":"Use Any Value","objectParameterized":"false","visible":"false"},"lookupConnectionId":"@6PU3rFIMgCQbgSudCSzFiN","lookupObject":"TRANSACTIONS","lookupObjectLabel":"TRANSACTIONS","newFlatFile":false,"newObject":false,"showBusinessNames":false,"naturalOrder":true,"truncateTarget":false,"bulkApiDBTarget":false,"customFuncCfg":{"@type":"customFuncConfig","id":-1,"connections":[],"inputMap":[],"outputFields":[]},"tgtFieldRefs":{},"targetUpdateColumns":[],"runtimeAttrs":{},"isRESTModernSource":true,"isFileList":false,"handleSpecialChars":false,"frsAsset":false,"dynamicFileName":false,"currentlyProcessedFileName":false,"tgtObjectAttributes":{},"runtimeParameterData":{"@type":"mtTaskRuntimeParameterData","isConnectionRuntimeParameter":false,"isObjectRuntimeParameter":false},"overriddenFields":[]},{"@type":"mtTaskParameter","id":117012166,"name":"$Lkp_NS_ODBC_TRANSACTION_LINK_AppliedToTransaction$","type":"LOOKUP","label":"Lkp_NS_ODBC_TRANSACTION_LINK_AppliedToTransaction","uiProperties":{"connectionParameterized":"false","isCachedLookup":"true","multipleMatchPolicy":"Use All Values","objectParameterized":"false","visible":"false"},"lookupConnectionId":"@6PU3rFIMgCQbgSudCSzFiN","lookupObject":"TRANSACTION_LINKS","lookupObjectLabel":"TRANSACTION_LINKS","newFlatFile":false,"newObject":false,"showBusinessNames":false,"naturalOrder":true,"truncateTarget":false,"bulkApiDBTarget":false,"customFuncCfg":{"@type":"customFuncConfig","id":-1,"connections":[],"inputMap":[],"outputFields":[]},"tgtFieldRefs":{},"targetUpdateColumns":[],"runtimeAttrs":{},"isRESTModernSource":true,"isFileList":false,"handleSpecialChars":false,"frsAsset":false,"dynamicFileName":false,"currentlyProcessedFileName":false,"tgtObjectAttributes":{},"runtimeParameterData":{"@type":"mtTaskRuntimeParameterData","isConnectionRuntimeParameter":false,"isObjectRuntimeParameter":false},"overriddenFields":[]}],"sequences":[],"inOutParameters":[],"connRuntimeAttrs":[]}]