[{"@type":"workflow","id":"@1","name":"TF_Billing_Schedule_Billed_Data_Deletion","errorTaskEmail":{"@type":"taskEmail","id":205991,"emails":"sri.battu@appdynamics.com","emailType":"ERROR"},"successTaskEmail":{"@type":"taskEmail","id":205992,"emails":"sri.battu@appdynamics.com","emailType":"SUCCESS"},"warningTaskEmail":{"@type":"taskEmail","id":205993,"emails":"sri.battu@appdynamics.com","emailType":"WARNING"},"maxLogs":10,"scheduleId":"@2","references":[{"@type":"reference","refObjectId":"@akBBsdx9hKdczWuDqPH4IL","refType":"mtTask"},{"@type":"reference","refObjectId":"@7dBnz6L5bDLiiRQv0lNEm5","refType":"mtTask"}],"tasks":[{"@type":"workflowTask","taskId":"@akBBsdx9hKdczWuDqPH4IL","type":"MTT","name":"mct_Billing_Schedule_Billed_Records_Retrieval","stopOnError":false,"stopOnWarning":false},{"@type":"workflowTask","taskId":"@7dBnz6L5bDLiiRQv0lNEm5","type":"MTT","name":"mct_Billing_Schedule_Billed_Data_Deletion","stopOnError":false,"stopOnWarning":false}]}]