[{"@type":"mtTask","id":"@1","name":"mct_Snowflake_Anaplan_Oppty_Data_Load","description":"","runtimeEnvironmentId":"@3qLOIwmEi8HlSgV9ggzWkn","maxLogs":10,"verbose":false,"lastRunTime":1576260064000,"mappingId":"@ixjUEAUoeOTkE0b1eSVqE9","shortDescription":"","sessionProperties":{},"enableCrossSchemaPushdown":true,"parameters":[{"@type":"mtTaskParameter","id":64003480,"name":"$src_Snowflake_CERTIFIED_OPPTY_SPLIT_DATA_ANAPLAN$","type":"SOURCE","label":"src_Snowflake_CERTIFIED_OPPTY_SPLIT_DATA_ANAPLAN","uiProperties":{"connectionParameterized":"false","objectParameterized":"false","visible":"false"},"sourceConnectionId":"@ki7uh3zsE6ObJYKPcVCLyY","sourceObject":"DUMMY_src_Snowflake_CERTIFIED_OPPTY_SPLIT_DATA_ANAPLAN","newFlatFile":false,"newObject":false,"showBusinessNames":false,"naturalOrder":true,"truncateTarget":false,"bulkApiDBTarget":false,"customFuncCfg":{"@type":"customFuncConfig","id":-1,"connections":[],"inputMap":[],"outputFields":[]},"tgtFieldRefs":{},"targetUpdateColumns":[],"runtimeAttrs":{},"isRESTModernSource":true,"customQuery":"select \nCONCAT(RN,\"SplitID\") AS UNIQUE_IDENTIFIER,\n\"Account ID\" AS ACCOUNT_ID,\n\"Account Id 18 digit\" AS ACCOUNT_ID_18,\n\"Account Name\" AS ACCOUNT_NAME,\n\"ACCOUNT_OWNER\" AS ACCOUNT_OWNER,\n\"Account Owner Role\" AS ACCOUNT_OWNER_ROLE,\n\"AD Forecast Status\" AS AD_FORECAST_STATUS,\n\"SPLITAMOUNT_CONVERTED\",\n\"SPLIT_CORPADJUSTEDACV\",\n\"Annual Revenue (converted)\" AS ANNUAL_REVENUE_CONVERTED,\n\"Cisco Bundle Program\" AS CISCO_BUNDLE_PROGRAM,\n\"Cisco Closed Fiscal Period\" AS CISCO_CLOSED_FISCAL_PERIOD,\nto_char(\"Close Date\",'YYYY-MM-DD') AS CLOSE_DATE,\n\"ISCLOSED\",\n\"Created By\" AS CREATED_BY,\n\"VO Date\" VO_DATE,\n\"Customer Status\" AS CUSTOMER_STATUS,\n\"Stage\",\n\"ISWON\",\n\"DEAL_TYPE__C\" AS DEAL_TYPE_C,\n\"Industry\",\n\"Golden Path Tier\" AS GOLDEN_PATH_TIER,\n\"New Business ACV (converted)\" AS NEW_BUSINESS_ACV_CONVERTED,\n\"New Business TCV (converted)\" AS NEW_BUSINESS_TCV_CONVERTED,\n\"Opportunity 18 Digit ID\" AS OPPORTUNITY_ID_18,\n\"Opportunity ID\" AS OPPORTUNITY_ID,\n\"SplitID\",\n\"Opportunity Name\" AS OPPORTUNITY_NAME,\n\"Opportunity Type\" AS OPPORTUNITY_TYPE,\n\"Physical City\" AS PHYSICAL_CITY,\n\"Physical State/Province\" AS PHYSICAL_STATE,\n\"Physical Country\" AS PHYSICAL_COUNTRY,\n\"RD Forecast Status\" AS RD_FORECAST_STATUS,\n\"Rep Forecast Status\" AS REP_FORECAST_STATUS,\n\"Global Revenue Tier\" AS GLOBAL_REVENUE_TIER,\n\"RVP Forecast Status\" AS RVP_FORECAST_STATUS,\n\"Split Owner\" AS SPLIT_OWNER,\n\"SPLIT_OWNER_GEO\",\n\"SPLIT_OWNER_REGION\",\n\"SPLIT_OWNER_SUBREGION\",\n\"Closed by Region\" AS CLOSED_BY_REGION,\n\"Close by Sub-region\" AS CLOSE_BY_SUBREGION,\n\"Primary Competitor\" AS PRIMARY_COMPETITOR,\n\"SPLIT_OWNERID\",\n\"VO_CISCO_PERIOD_NAME\",\n\"CREATE_DATE_CISCO_PERIOD_NAME\",\n\"CT_DUPS\",\nto_char(\"HIRE_DATE\",'YYYY-MM-DD') AS HIRE_DATE,\n\"EMAIL\",\n\"GEO\",\n\"REGION\",\n\"SUB_REGION\",\n\"ROLE\",\n\"SPLIT_AMT\",\n\"NB_TCV\",\n\"RENEWAL_TCV\",\n\"NB_ACV\",\n\"SPLIT_ACV\",\n\"GVP\",\n\"AVP_REVISED\",\n\"RVP_REVISED\",\n\"AD_REVISED\",\n\"RD_REVISED\",\n\"GM_EMAIL\",\n\"AVP_EMAIL\",\n\"RVP_EMAIL\",\n\"AD_EMAIL\",\n\"RD_EMAIL\",\n\"Created date\" AS CREATED_DATE,\n\"EMPLOYEENUMBER\",\n\"PRIMARY_PARTNER\",\n\"DEAL_SOURCE__C\", \n\"PARTNERACCOUNTID\", \n\"PARTNERNAME\"\nfrom (\nselect ROW_NUMBER() OVER (PARTITION BY \"Account ID\" ORDER BY \"Account ID\") as RN,oppty.*\nfrom SALES_ANALYTICS_SANDBOX.SANDBOX.CERTIFIED_OPPTY_SPLIT_DATA_ANAPLAN  oppty\n  );","isFileList":false,"handleSpecialChars":false,"frsAsset":false,"tgtObjectAttributes":{},"runtimeParameterData":{"@type":"mtTaskRuntimeParameterData","isConnectionRuntimeParameter":false,"isObjectRuntimeParameter":false},"overriddenFields":[]},{"@type":"mtTaskParameter","id":64003481,"name":"$tgt_Anaplan_Upload_Opportunity_Data$","type":"TARGET","label":"tgt_Anaplan_Upload_Opportunity_Data","uiProperties":{"connectionParameterized":"false","objectParameterized":"false","visible":"false","defaultTargetUpdateColumns":""},"targetConnectionId":"@8raP8LZwSIJikTFm5cNMIu","targetObject":"IMPORT: Upload Opportunity Data","targetObjectLabel":"IMPORT: Upload Opportunity Data","newFlatFile":false,"newObject":false,"showBusinessNames":false,"naturalOrder":true,"truncateTarget":false,"bulkApiDBTarget":false,"operationType":"Insert","customFuncCfg":{"@type":"customFuncConfig","id":-1,"connections":[],"inputMap":[],"outputFields":[]},"tgtFieldRefs":{},"targetUpdateColumns":[],"extendedObject":{"@type":"extendedObject","filters":[],"sortFields":[]},"runtimeAttrs":{},"isRESTModernSource":true,"isFileList":false,"handleSpecialChars":false,"frsAsset":false,"tgtObjectAttributes":{},"runtimeParameterData":{"@type":"mtTaskRuntimeParameterData","isConnectionRuntimeParameter":false,"isObjectRuntimeParameter":false},"overriddenFields":[]}],"sequences":[],"inOutParameters":[],"connRuntimeAttrs":[]}]